Date,FearGreedIndex,Source,SPX_Close,SPX_DailyReturn
2009/07/01,55,estimated_from_chart_image,,
2009/07/06,58,estimated_from_chart_image,,
2009/07/13,62,estimated_from_chart_image,,
2009/07/20,68,estimated_from_chart_image,,
2009/07/27,72,estimated_from_chart_image,,
2009/08/03,78,estimated_from_chart_image,,
2009/08/10,82,estimated_from_chart_image,,
2009/08/17,85,estimated_from_chart_image,,
2009/08/24,88,estimated_from_chart_image,,
2009/08/31,90,estimated_from_chart_image,,
2009/09/07,88,estimated_from_chart_image,,
2009/09/14,92,estimated_from_chart_image,,
2009/09/21,90,estimated_from_chart_image,,
2009/09/28,85,estimated_from_chart_image,,
2009/10/05,80,estimated_from_chart_image,,
2009/10/12,75,estimated_from_chart_image,,
2009/10/19,72,estimated_from_chart_image,,
2009/10/26,68,estimated_from_chart_image,,
2009/11/02,70,estimated_from_chart_image,,
2009/11/09,75,estimated_from_chart_image,,
2009/11/16,78,estimated_from_chart_image,,
2009/11/23,80,estimated_from_chart_image,,
2009/11/30,82,estimated_from_chart_image,,
2009/12/07,78,estimated_from_chart_image,,
2009/12/14,75,estimated_from_chart_image,,
2009/12/21,72,estimated_from_chart_image,,
2009/12/28,70,estimated_from_chart_image,,
2010/01/04,72,estimated_from_chart_image,,
2010/01/11,70,estimated_from_chart_image,,
2010/01/19,65,estimated_from_chart_image,,
2010/01/25,58,estimated_from_chart_image,,
2010/02/01,50,estimated_from_chart_image,,
2010/02/08,42,estimated_from_chart_image,,
2010/02/16,45,estimated_from_chart_image,,
2010/02/22,55,estimated_from_chart_image,,
2010/03/01,60,estimated_from_chart_image,,
2010/03/08,65,estimated_from_chart_image,,
2010/03/15,68,estimated_from_chart_image,,
2010/03/22,70,estimated_from_chart_image,,
2010/03/29,72,estimated_from_chart_image,,
2010/04/05,75,estimated_from_chart_image,,
2010/04/09,,,1194.37,
2010/04/12,73,estimated_from_chart_image,1196.48,0.1767
2010/04/13,,,1197.3,0.0685
2010/04/14,,,1210.65,1.115
2010/04/15,,,1211.67,0.0843
2010/04/16,,,1192.13,-1.6127
2010/04/19,68,estimated_from_chart_image,1197.52,0.4521
2010/04/20,,,1207.17,0.8058
2010/04/21,,,1205.94,-0.1019
2010/04/22,,,1208.67,0.2264
2010/04/23,,,1217.28,0.7124
2010/04/26,55,estimated_from_chart_image,1212.05,-0.4296
2010/04/27,,,1183.71,-2.3382
2010/04/28,,,1191.36,0.6463
2010/04/29,,,1206.78,1.2943
2010/04/30,,,1186.69,-1.6648
2010/05/03,45,estimated_from_chart_image,1202.26,1.3121
2010/05/04,,,1173.6,-2.3838
2010/05/05,,,1165.87,-0.6587
2010/05/06,,,1128.15,-3.2353
2010/05/07,,,1110.88,-1.5308
2010/05/10,25,estimated_from_chart_image,1159.73,4.3974
2010/05/11,,,1155.79,-0.3397
2010/05/12,,,1171.67,1.374
2010/05/13,,,1157.44,-1.2145
2010/05/14,,,1135.68,-1.88
2010/05/17,20,estimated_from_chart_image,1136.94,0.1109
2010/05/18,,,1120.8,-1.4196
2010/05/19,,,1115.05,-0.513
2010/05/20,,,1071.59,-3.8976
2010/05/21,,,1087.69,1.5024
2010/05/24,22,estimated_from_chart_image,1073.65,-1.2908
2010/05/25,,,1074.03,0.0354
2010/05/26,,,1067.95,-0.5661
2010/05/27,,,1103.06,3.2876
2010/05/28,,,1089.41,-1.2375
2010/05/31,18,estimated_from_chart_image,,
2010/06/01,,,1070.71,-1.7165
2010/06/02,,,1098.38,2.5843
2010/06/03,,,1102.83,0.4051
2010/06/04,,,1064.88,-3.4411
2010/06/07,15,estimated_from_chart_image,1050.47,-1.3532
2010/06/08,,,1062,1.0976
2010/06/09,,,1055.69,-0.5942
2010/06/10,,,1086.84,2.9507
2010/06/11,,,1091.6,0.438
2010/06/14,18,estimated_from_chart_image,1089.63,-0.1805
2010/06/15,,,1115.23,2.3494
2010/06/16,,,1114.61,-0.0556
2010/06/17,,,1116.04,0.1283
2010/06/18,,,1117.51,0.1317
2010/06/21,22,estimated_from_chart_image,1113.2,-0.3857
2010/06/22,,,1095.31,-1.6071
2010/06/23,,,1092.04,-0.2985
2010/06/24,,,1073.69,-1.6804
2010/06/25,,,1076.76,0.2859
2010/06/28,20,estimated_from_chart_image,1074.57,-0.2034
2010/06/29,,,1041.24,-3.1017
2010/06/30,,,1030.71,-1.0113
2010/07/01,,,1027.37,-0.324
2010/07/02,,,1022.58,-0.4662
2010/07/06,25,estimated_from_chart_image,1028.06,0.5359
2010/07/07,,,1060.27,3.1331
2010/07/08,,,1070.25,0.9413
2010/07/09,,,1077.96,0.7204
2010/07/12,30,estimated_from_chart_image,1078.75,0.0733
2010/07/13,,,1095.34,1.5379
2010/07/14,,,1095.17,-0.0155
2010/07/15,,,1096.48,0.1196
2010/07/16,,,1064.88,-2.8819
2010/07/19,35,estimated_from_chart_image,1071.25,0.5982
2010/07/20,,,1083.48,1.1417
2010/07/21,,,1069.59,-1.282
2010/07/22,,,1093.67,2.2513
2010/07/23,,,1102.66,0.822
2010/07/26,40,estimated_from_chart_image,1115.01,1.12
2010/07/27,,,1113.84,-0.1049
2010/07/28,,,1106.13,-0.6922
2010/07/29,,,1101.53,-0.4159
2010/07/30,,,1101.6,0.0063
2010/08/02,42,estimated_from_chart_image,1125.86,2.2023
2010/08/03,,,1120.46,-0.4796
2010/08/04,,,1127.24,0.6051
2010/08/05,,,1125.81,-0.1269
2010/08/06,,,1121.64,-0.3704
2010/08/09,38,estimated_from_chart_image,1127.79,0.5483
2010/08/10,,,1121.06,-0.5967
2010/08/11,,,1089.47,-2.8179
2010/08/12,,,1083.61,-0.5379
2010/08/13,,,1079.25,-0.4024
2010/08/16,35,estimated_from_chart_image,1079.38,0.012
2010/08/17,,,1092.54,1.2192
2010/08/18,,,1094.16,0.1483
2010/08/19,,,1075.63,-1.6935
2010/08/20,,,1071.69,-0.3663
2010/08/23,30,estimated_from_chart_image,1067.36,-0.404
2010/08/24,,,1051.87,-1.4512
2010/08/25,,,1055.33,0.3289
2010/08/26,,,1047.22,-0.7685
2010/08/27,,,1064.59,1.6587
2010/08/30,28,estimated_from_chart_image,1048.92,-1.4719
2010/08/31,,,1049.33,0.0391
2010/09/01,,,1080.29,2.9505
2010/09/02,,,1090.1,0.9081
2010/09/03,,,1104.51,1.3219
2010/09/07,35,estimated_from_chart_image,1091.84,-1.1471
2010/09/08,,,1098.87,0.6439
2010/09/09,,,1104.18,0.4832
2010/09/10,,,1109.55,0.4863
2010/09/13,42,estimated_from_chart_image,1121.9,1.1131
2010/09/14,,,1121.1,-0.0713
2010/09/15,,,1125.07,0.3541
2010/09/16,,,1124.66,-0.0364
2010/09/17,,,1125.59,0.0827
2010/09/20,50,estimated_from_chart_image,1142.71,1.521
2010/09/21,,,1139.78,-0.2564
2010/09/22,,,1134.28,-0.4825
2010/09/23,,,1124.83,-0.8331
2010/09/24,,,1148.67,2.1194
2010/09/27,55,estimated_from_chart_image,1142.16,-0.5667
2010/09/28,,,1147.7,0.485
2010/09/29,,,1144.73,-0.2588
2010/09/30,,,1141.2,-0.3084
2010/10/01,,,1146.24,0.4416
2010/10/04,58,estimated_from_chart_image,1137.03,-0.8035
2010/10/05,,,1160.75,2.0861
2010/10/06,,,1159.97,-0.0672
2010/10/07,,,1158.06,-0.1647
2010/10/08,,,1165.15,0.6122
2010/10/11,62,estimated_from_chart_image,1165.32,0.0146
2010/10/12,,,1169.77,0.3819
2010/10/13,,,1178.1,0.7121
2010/10/14,,,1173.81,-0.3641
2010/10/15,,,1176.19,0.2027
2010/10/18,65,estimated_from_chart_image,1184.71,0.7244
2010/10/19,,,1165.9,-1.5877
2010/10/20,,,1178.17,1.0524
2010/10/21,,,1180.26,0.1774
2010/10/22,,,1183.08,0.2389
2010/10/25,68,estimated_from_chart_image,1185.62,0.2147
2010/10/26,,,1185.64,0.0017
2010/10/27,,,1182.45,-0.2691
2010/10/28,,,1183.78,0.1125
2010/10/29,,,1183.26,-0.0439
2010/11/01,70,estimated_from_chart_image,1184.38,0.0947
2010/11/02,,,1193.57,0.7759
2010/11/03,,,1197.96,0.3678
2010/11/04,,,1221.06,1.9283
2010/11/05,,,1225.85,0.3923
2010/11/08,72,estimated_from_chart_image,1223.25,-0.2121
2010/11/09,,,1213.4,-0.8052
2010/11/10,,,1218.71,0.4376
2010/11/11,,,1213.54,-0.4242
2010/11/12,,,1199.21,-1.1808
2010/11/15,68,estimated_from_chart_image,1197.75,-0.1217
2010/11/16,,,1178.34,-1.6205
2010/11/17,,,1178.59,0.0212
2010/11/18,,,1196.69,1.5357
2010/11/19,,,1199.73,0.254
2010/11/22,65,estimated_from_chart_image,1197.84,-0.1575
2010/11/23,,,1180.73,-1.4284
2010/11/24,,,1198.35,1.4923
2010/11/26,,,1189.4,-0.7469
2010/11/29,60,estimated_from_chart_image,1187.76,-0.1379
2010/11/30,,,1180.55,-0.607
2010/12/01,,,1206.07,2.1617
2010/12/02,,,1221.53,1.2819
2010/12/03,,,1224.71,0.2603
2010/12/06,58,estimated_from_chart_image,1223.12,-0.1298
2010/12/07,,,1223.75,0.0515
2010/12/08,,,1228.28,0.3702
2010/12/09,,,1233,0.3843
2010/12/10,,,1240.4,0.6002
2010/12/13,55,estimated_from_chart_image,1240.46,0.0048
2010/12/14,,,1241.59,0.0911
2010/12/15,,,1235.23,-0.5122
2010/12/16,,,1242.87,0.6185
2010/12/17,,,1243.91,0.0837
2010/12/20,60,estimated_from_chart_image,1247.08,0.2548
2010/12/21,,,1254.6,0.603
2010/12/22,,,1258.84,0.338
2010/12/23,,,1256.77,-0.1644
2010/12/27,65,estimated_from_chart_image,1257.54,0.0613
2010/12/28,,,1258.51,0.0771
2010/12/29,,,1259.78,0.1009
2010/12/30,,,1257.88,-0.1508
2010/12/31,,,1257.64,-0.0191
2011/01/03,68,github_archive,1271.87,1.1315
2011/01/04,68,github_archive,1270.2,-0.1313
2011/01/05,67,github_archive,1276.56,0.5007
2011/01/06,64,github_archive,1273.85,-0.2123
2011/01/07,63,github_archive,1271.5,-0.1845
2011/01/10,58,github_archive,1269.75,-0.1376
2011/01/11,58,github_archive,1274.48,0.3725
2011/01/12,58,github_archive,1285.96,0.9008
2011/01/13,58,github_archive,1283.76,-0.1711
2011/01/14,60,github_archive,1293.24,0.7385
2011/01/18,56,github_archive,1295.02,0.1376
2011/01/19,55,github_archive,1281.92,-1.0116
2011/01/20,54,github_archive,1280.26,-0.1295
2011/01/21,47,github_archive,1283.35,0.2414
2011/01/24,45,github_archive,1290.84,0.5836
2011/01/25,43,github_archive,1291.18,0.0263
2011/01/26,43,github_archive,1296.63,0.4221
2011/01/27,43,github_archive,1299.54,0.2244
2011/01/28,43,github_archive,1276.34,-1.7853
2011/01/31,41,github_archive,1286.12,0.7663
2011/02/01,41,github_archive,1307.59,1.6694
2011/02/02,46,github_archive,1304.03,-0.2723
2011/02/03,47,github_archive,1307.1,0.2354
2011/02/04,49,github_archive,1310.87,0.2884
2011/02/07,56,github_archive,1319.05,0.624
2011/02/08,56,github_archive,1324.57,0.4185
2011/02/09,56,github_archive,1320.88,-0.2786
2011/02/10,56,github_archive,1321.87,0.0749
2011/02/11,56,github_archive,1329.15,0.5507
2011/02/14,61,github_archive,1332.32,0.2385
2011/02/15,61,github_archive,1328.01,-0.3235
2011/02/16,61,github_archive,1336.32,0.6257
2011/02/17,61,github_archive,1340.43,0.3076
2011/02/18,56,github_archive,1343.01,0.1925
2011/02/22,42,github_archive,1315.44,-2.0529
2011/02/23,42,github_archive,1307.4,-0.6112
2011/02/24,42,github_archive,1306.1,-0.0994
2011/02/25,42,github_archive,1319.88,1.0551
2011/02/28,43,github_archive,1327.22,0.5561
2011/03/01,43,github_archive,1306.33,-1.574
2011/03/02,42,github_archive,1308.44,0.1615
2011/03/03,41,github_archive,1330.97,1.7219
2011/03/04,39,github_archive,1321.15,-0.7378
2011/03/07,35,github_archive,1310.13,-0.8341
2011/03/08,27,github_archive,1321.82,0.8923
2011/03/09,26,github_archive,1320.02,-0.1362
2011/03/10,26,github_archive,1295.11,-1.8871
2011/03/11,26,github_archive,1304.28,0.7081
2011/03/14,13,github_archive,1296.39,-0.6049
2011/03/15,13,github_archive,1281.87,-1.12
2011/03/16,11,github_archive,1256.88,-1.9495
2011/03/17,9,github_archive,1273.72,1.3398
2011/03/18,9,github_archive,1279.21,0.431
2011/03/21,14,github_archive,1298.38,1.4986
2011/03/22,15,github_archive,1293.77,-0.3551
2011/03/23,16,github_archive,1297.54,0.2914
2011/03/24,16,github_archive,1309.66,0.9341
2011/03/25,19,github_archive,1313.8,0.3161
2011/03/28,23,github_archive,1310.19,-0.2748
2011/03/29,23,github_archive,1319.44,0.706
2011/03/30,24,github_archive,1328.26,0.6685
2011/03/31,24,github_archive,1325.83,-0.183
2011/04/01,27,github_archive,1332.41,0.4963
2011/04/04,31,github_archive,1332.87,0.0345
2011/04/05,35,github_archive,1332.63,-0.018
2011/04/06,37,github_archive,1335.54,0.2184
2011/04/07,37,github_archive,1333.51,-0.152
2011/04/08,37,github_archive,1328.17,-0.4004
2011/04/11,34,github_archive,1324.46,-0.2793
2011/04/12,33,github_archive,1314.16,-0.7777
2011/04/13,33,github_archive,1314.41,0.019
2011/04/14,30,github_archive,1314.52,0.0084
2011/04/15,28,github_archive,1319.68,0.3925
2011/04/18,24,github_archive,1305.14,-1.1018
2011/04/19,24,github_archive,1312.62,0.5731
2011/04/20,25,github_archive,1330.36,1.3515
2011/04/21,30,github_archive,1337.38,0.5277
2011/04/25,35,github_archive,1335.25,-0.1593
2011/04/26,36,github_archive,1347.24,0.898
2011/04/27,37,github_archive,1355.66,0.625
2011/04/28,37,github_archive,1360.48,0.3555
2011/04/29,41,github_archive,1363.61,0.2301
2011/05/02,36,github_archive,1361.22,-0.1753
2011/05/03,31,github_archive,1356.62,-0.3379
2011/05/04,30,github_archive,1347.32,-0.6855
2011/05/05,29,github_archive,1335.1,-0.907
2011/05/06,27,github_archive,1340.2,0.382
2011/05/09,28,github_archive,1346.29,0.4544
2011/05/10,31,github_archive,1357.16,0.8074
2011/05/11,31,github_archive,1342.08,-1.1111
2011/05/12,32,github_archive,1348.65,0.4895
2011/05/13,32,github_archive,1337.77,-0.8067
2011/05/16,27,github_archive,1329.47,-0.6204
2011/05/17,27,github_archive,1328.98,-0.0369
2011/05/18,25,github_archive,1340.68,0.8804
2011/05/19,23,github_archive,1343.6,0.2178
2011/05/20,22,github_archive,1333.27,-0.7688
2011/05/23,16,github_archive,1317.37,-1.1926
2011/05/24,13,github_archive,1316.28,-0.0827
2011/05/25,13,github_archive,1320.47,0.3183
2011/05/26,15,github_archive,1325.69,0.3953
2011/05/27,16,github_archive,1331.1,0.4081
2011/05/31,16,github_archive,1345.2,1.0593
2011/06/01,15,github_archive,1314.55,-2.2785
2011/06/02,12,github_archive,1312.94,-0.1225
2011/06/03,9,github_archive,1300.16,-0.9734
2011/06/06,6,github_archive,1286.17,-1.076
2011/06/07,6,github_archive,1284.94,-0.0956
2011/06/08,6,github_archive,1279.56,-0.4187
2011/06/09,6,github_archive,1289,0.7377
2011/06/10,5,github_archive,1270.98,-1.398
2011/06/13,6,github_archive,1271.83,0.0669
2011/06/14,5,github_archive,1287.87,1.2612
2011/06/15,5,github_archive,1265.42,-1.7432
2011/06/16,6,github_archive,1267.64,0.1754
2011/06/17,7,github_archive,1271.5,0.3045
2011/06/20,9,github_archive,1278.36,0.5395
2011/06/21,9,github_archive,1295.52,1.3423
2011/06/22,10,github_archive,1287.14,-0.6468
2011/06/23,10,github_archive,1283.5,-0.2828
2011/06/24,11,github_archive,1268.45,-1.1726
2011/06/27,25,github_archive,1280.1,0.9184
2011/06/28,29,github_archive,1296.67,1.2944
2011/06/29,30,github_archive,1307.41,0.8283
2011/06/30,32,github_archive,1320.64,1.0119
2011/07/01,34,github_archive,1339.67,1.441
2011/07/05,51,github_archive,1337.88,-0.1336
2011/07/06,52,github_archive,1339.22,0.1002
2011/07/07,48,github_archive,1353.22,1.0454
2011/07/08,43,github_archive,1343.8,-0.6961
2011/07/11,35,github_archive,1319.49,-1.8091
2011/07/12,31,github_archive,1313.64,-0.4434
2011/07/13,31,github_archive,1317.72,0.3106
2011/07/14,31,github_archive,1308.87,-0.6716
2011/07/15,32,github_archive,1316.14,0.5554
2011/07/18,44,github_archive,1305.44,-0.813
2011/07/19,44,github_archive,1326.73,1.6309
2011/07/20,47,github_archive,1325.84,-0.0671
2011/07/21,48,github_archive,1343.8,1.3546
2011/07/22,51,github_archive,1345.02,0.0908
2011/07/25,38,github_archive,1337.43,-0.5643
2011/07/26,35,github_archive,1331.94,-0.4105
2011/07/27,27,github_archive,1304.89,-2.0309
2011/07/28,27,github_archive,1300.67,-0.3234
2011/07/29,16,github_archive,1292.28,-0.6451
2011/08/01,10,github_archive,1286.94,-0.4132
2011/08/02,8,github_archive,1254.05,-2.5557
2011/08/03,2,github_archive,1260.34,0.5016
2011/08/04,5,github_archive,1200.07,-4.782
2011/08/05,5,github_archive,1199.38,-0.0575
2011/08/08,1,github_archive,1119.46,-6.6634
2011/08/09,2,github_archive,1172.53,4.7407
2011/08/10,2,github_archive,1120.76,-4.4152
2011/08/11,3,github_archive,1172.64,4.629
2011/08/12,6,github_archive,1178.81,0.5262
2011/08/15,7,github_archive,1204.49,2.1785
2011/08/16,11,github_archive,1192.76,-0.9739
2011/08/17,7,github_archive,1193.89,0.0947
2011/08/18,7,github_archive,1140.65,-4.4594
2011/08/19,6,github_archive,1123.53,-1.5009
2011/08/22,7,github_archive,1123.82,0.0258
2011/08/23,9,github_archive,1162.35,3.4285
2011/08/24,8,github_archive,1177.6,1.312
2011/08/25,11,github_archive,1159.27,-1.5566
2011/08/26,12,github_archive,1176.8,1.5122
2011/08/29,22,github_archive,1210.08,2.828
2011/08/30,22,github_archive,1212.92,0.2347
2011/08/31,28,github_archive,1218.89,0.4922
2011/09/01,26,github_archive,1204.42,-1.1871
2011/09/02,26,github_archive,1173.97,-2.5282
2011/09/06,27,github_archive,1165.24,-0.7436
2011/09/07,28,github_archive,1198.62,2.8646
2011/09/08,25,github_archive,1185.9,-1.0612
2011/09/09,25,github_archive,1154.23,-2.6705
2011/09/12,31,github_archive,1162.27,0.6966
2011/09/13,31,github_archive,1172.87,0.912
2011/09/14,31,github_archive,1188.68,1.348
2011/09/15,33,github_archive,1209.11,1.7187
2011/09/16,38,github_archive,1216.01,0.5707
2011/09/19,39,github_archive,1204.09,-0.9803
2011/09/20,32,github_archive,1202.09,-0.1661
2011/09/21,31,github_archive,1166.76,-2.939
2011/09/22,28,github_archive,1129.56,-3.1883
2011/09/23,28,github_archive,1136.43,0.6082
2011/09/26,26,github_archive,1162.95,2.3336
2011/09/27,25,github_archive,1175.38,1.0688
2011/09/28,27,github_archive,1151.06,-2.0691
2011/09/29,23,github_archive,1160.4,0.8114
2011/09/30,22,github_archive,1131.42,-2.4974
2011/10/03,20,github_archive,1099.23,-2.8451
2011/10/04,23,github_archive,1123.95,2.2488
2011/10/05,27,github_archive,1144.03,1.7866
2011/10/06,33,github_archive,1164.97,1.8304
2011/10/07,31,github_archive,1155.46,-0.8163
2011/10/10,41,github_archive,1194.89,3.4125
2011/10/11,41,github_archive,1195.54,0.0544
2011/10/12,42,github_archive,1207.25,0.9795
2011/10/13,42,github_archive,1203.66,-0.2974
2011/10/14,41,github_archive,1224.58,1.738
2011/10/17,48,github_archive,1200.86,-1.937
2011/10/18,48,github_archive,1225.38,2.0419
2011/10/19,48,github_archive,1209.88,-1.2649
2011/10/20,54,github_archive,1215.39,0.4554
2011/10/21,66,github_archive,1238.25,1.8809
2011/10/24,62,github_archive,1254.19,1.2873
2011/10/25,62,github_archive,1229.05,-2.0045
2011/10/26,71,github_archive,1242,1.0537
2011/10/27,67,github_archive,1284.59,3.4291
2011/10/28,66,github_archive,1285.09,0.0389
2011/10/31,62,github_archive,1253.3,-2.4738
2011/11/01,62,github_archive,1218.28,-2.7942
2011/11/02,62,github_archive,1237.9,1.6105
2011/11/03,63,github_archive,1261.15,1.8782
2011/11/04,60,github_archive,1253.23,-0.628
2011/11/07,65,github_archive,1261.12,0.6296
2011/11/08,65,github_archive,1275.92,1.1736
2011/11/09,59,github_archive,1229.1,-3.6695
2011/11/10,60,github_archive,1239.7,0.8624
2011/11/11,60,github_archive,1263.85,1.9481
2011/11/14,54,github_archive,1251.78,-0.955
2011/11/15,54,github_archive,1257.81,0.4817
2011/11/16,55,github_archive,1236.91,-1.6616
2011/11/17,52,github_archive,1216.13,-1.68
2011/11/18,46,github_archive,1215.65,-0.0395
2011/11/21,43,github_archive,1192.98,-1.8648
2011/11/22,41,github_archive,1188.04,-0.4141
2011/11/23,39,github_archive,1161.79,-2.2095
2011/11/25,51,github_archive,1158.67,-0.2686
2011/11/28,57,github_archive,1192.55,2.924
2011/11/29,62,github_archive,1195.19,0.2214
2011/11/30,67,github_archive,1246.96,4.3315
2011/12/01,61,github_archive,1244.58,-0.1909
2011/12/02,67,github_archive,1244.28,-0.0241
2011/12/05,66,github_archive,1257.08,1.0287
2011/12/06,66,github_archive,1258.47,0.1106
2011/12/07,66,github_archive,1261.01,0.2018
2011/12/08,66,github_archive,1234.35,-2.1142
2011/12/09,65,github_archive,1255.19,1.6883
2011/12/12,62,github_archive,1236.47,-1.4914
2011/12/13,56,github_archive,1225.73,-0.8686
2011/12/14,61,github_archive,1211.82,-1.1348
2011/12/15,61,github_archive,1215.75,0.3243
2011/12/16,60,github_archive,1219.66,0.3216
2011/12/19,74,github_archive,1205.35,-1.1733
2011/12/20,74,github_archive,1241.3,2.9825
2011/12/21,74,github_archive,1243.72,0.195
2011/12/22,78,github_archive,1254,0.8266
2011/12/23,77,github_archive,1265.33,0.9035
2011/12/27,75,github_archive,1265.43,0.0079
2011/12/28,75,github_archive,1249.64,-1.2478
2011/12/29,75,github_archive,1263.02,1.0707
2011/12/30,75,github_archive,1257.6,-0.4291
2012/01/03,77,github_archive,1277.06,1.5474
2012/01/04,77,github_archive,1277.3,0.0188
2012/01/05,78,github_archive,1281.06,0.2944
2012/01/06,78,github_archive,1277.81,-0.2537
2012/01/09,81,github_archive,1280.7,0.2262
2012/01/10,82,github_archive,1292.08,0.8886
2012/01/11,83,github_archive,1292.48,0.031
2012/01/12,83,github_archive,1295.5,0.2337
2012/01/13,83,github_archive,1289.09,-0.4948
2012/01/17,88,github_archive,1293.67,0.3553
2012/01/18,90,github_archive,1308.04,1.1108
2012/01/19,89,github_archive,1314.5,0.4939
2012/01/20,88,github_archive,1315.38,0.0669
2012/01/23,87,github_archive,1316,0.0471
2012/01/24,87,github_archive,1314.65,-0.1026
2012/01/25,84,github_archive,1326.06,0.8679
2012/01/26,82,github_archive,1318.43,-0.5754
2012/01/27,82,github_archive,1316.33,-0.1593
2012/01/30,82,github_archive,1313.01,-0.2522
2012/01/31,85,github_archive,1312.41,-0.0457
2012/02/01,87,github_archive,1324.09,0.89
2012/02/02,88,github_archive,1325.54,0.1095
2012/02/03,88,github_archive,1344.9,1.4605
2012/02/06,88,github_archive,1344.33,-0.0424
2012/02/07,86,github_archive,1347.05,0.2023
2012/02/08,86,github_archive,1349.96,0.216
2012/02/09,85,github_archive,1351.95,0.1474
2012/02/10,83,github_archive,1342.64,-0.6886
2012/02/13,83,github_archive,1351.77,0.68
2012/02/14,81,github_archive,1350.5,-0.094
2012/02/15,82,github_archive,1343.23,-0.5383
2012/02/16,81,github_archive,1358.04,1.1026
2012/02/17,80,github_archive,1361.23,0.2349
2012/02/21,79,github_archive,1362.21,0.072
2012/02/22,78,github_archive,1357.66,-0.334
2012/02/23,79,github_archive,1363.46,0.4272
2012/02/24,79,github_archive,1365.74,0.1672
2012/02/27,75,github_archive,1367.59,0.1355
2012/02/28,75,github_archive,1372.18,0.3356
2012/02/29,72,github_archive,1365.68,-0.4737
2012/03/01,70,github_archive,1374.09,0.6158
2012/03/02,68,github_archive,1369.63,-0.3246
2012/03/05,66,github_archive,1364.33,-0.387
2012/03/06,63,github_archive,1343.36,-1.537
2012/03/07,62,github_archive,1352.63,0.6901
2012/03/08,63,github_archive,1365.91,0.9818
2012/03/09,70,github_archive,1370.87,0.3631
2012/03/12,74,github_archive,1371.09,0.016
2012/03/13,79,github_archive,1395.95,1.8132
2012/03/14,79,github_archive,1394.28,-0.1196
2012/03/15,79,github_archive,1402.6,0.5967
2012/03/16,77,github_archive,1404.17,0.1119
2012/03/19,73,github_archive,1409.75,0.3974
2012/03/20,73,github_archive,1405.52,-0.3001
2012/03/21,71,github_archive,1402.89,-0.1871
2012/03/22,66,github_archive,1392.78,-0.7207
2012/03/23,71,github_archive,1397.11,0.3109
2012/03/26,66,github_archive,1416.51,1.3886
2012/03/27,66,github_archive,1412.52,-0.2817
2012/03/28,62,github_archive,1405.54,-0.4942
2012/03/29,62,github_archive,1403.28,-0.1608
2012/03/30,63,github_archive,1408.47,0.3698
2012/04/02,63,github_archive,1419.04,0.7505
2012/04/03,61,github_archive,1413.38,-0.3989
2012/04/04,63,github_archive,1398.96,-1.0203
2012/04/05,55,github_archive,1398.08,-0.0629
2012/04/09,46,github_archive,1382.2,-1.1358
2012/04/10,39,github_archive,1358.59,-1.7081
2012/04/11,39,github_archive,1368.71,0.7449
2012/04/12,38,github_archive,1387.57,1.3779
2012/04/13,38,github_archive,1370.26,-1.2475
2012/04/16,37,github_archive,1369.57,-0.0504
2012/04/17,37,github_archive,1390.78,1.5487
2012/04/18,36,github_archive,1385.14,-0.4055
2012/04/19,35,github_archive,1376.92,-0.5934
2012/04/20,35,github_archive,1378.53,0.1169
2012/04/23,34,github_archive,1366.94,-0.8408
2012/04/24,34,github_archive,1371.97,0.368
2012/04/25,38,github_archive,1390.69,1.3645
2012/04/26,40,github_archive,1399.98,0.668
2012/04/27,41,github_archive,1403.36,0.2414
2012/04/30,43,github_archive,1397.91,-0.3884
2012/05/01,42,github_archive,1405.82,0.5658
2012/05/02,42,github_archive,1402.31,-0.2497
2012/05/03,41,github_archive,1391.57,-0.7659
2012/05/04,41,github_archive,1369.1,-1.6147
2012/05/07,38,github_archive,1369.58,0.0351
2012/05/08,32,github_archive,1363.72,-0.4279
2012/05/09,32,github_archive,1354.58,-0.6702
2012/05/10,32,github_archive,1357.99,0.2517
2012/05/11,25,github_archive,1353.39,-0.3387
2012/05/14,23,github_archive,1338.35,-1.1113
2012/05/15,20,github_archive,1330.66,-0.5746
2012/05/16,14,github_archive,1324.8,-0.4404
2012/05/17,12,github_archive,1304.86,-1.5051
2012/05/18,12,github_archive,1295.22,-0.7388
2012/05/21,16,github_archive,1315.99,1.6036
2012/05/22,15,github_archive,1316.63,0.0486
2012/05/23,15,github_archive,1318.86,0.1694
2012/05/24,14,github_archive,1320.68,0.138
2012/05/25,13,github_archive,1317.82,-0.2166
2012/05/29,14,github_archive,1332.42,1.1079
2012/05/30,12,github_archive,1313.32,-1.4335
2012/05/31,10,github_archive,1310.33,-0.2277
2012/06/01,10,github_archive,1278.04,-2.4643
2012/06/04,14,github_archive,1278.18,0.011
2012/06/05,14,github_archive,1285.5,0.5727
2012/06/06,15,github_archive,1315.13,2.3049
2012/06/07,16,github_archive,1314.99,-0.0106
2012/06/08,19,github_archive,1325.66,0.8114
2012/06/11,20,github_archive,1308.93,-1.262
2012/06/12,22,github_archive,1324.18,1.1651
2012/06/13,19,github_archive,1314.88,-0.7023
2012/06/14,27,github_archive,1329.1,1.0815
2012/06/15,35,github_archive,1342.84,1.0338
2012/06/18,36,github_archive,1344.78,0.1445
2012/06/19,36,github_archive,1357.98,0.9816
2012/06/20,36,github_archive,1355.69,-0.1686
2012/06/21,33,github_archive,1325.51,-2.2262
2012/06/22,33,github_archive,1335.02,0.7175
2012/06/25,39,github_archive,1313.72,-1.5955
2012/06/26,41,github_archive,1319.99,0.4773
2012/06/27,41,github_archive,1331.85,0.8985
2012/06/28,48,github_archive,1329.04,-0.211
2012/06/29,53,github_archive,1362.16,2.492
2012/07/02,56,github_archive,1365.51,0.2459
2012/07/03,59,github_archive,1374.02,0.6232
2012/07/05,55,github_archive,1367.58,-0.4687
2012/07/06,51,github_archive,1354.68,-0.9433
2012/07/09,46,github_archive,1352.46,-0.1639
2012/07/10,48,github_archive,1341.47,-0.8126
2012/07/11,44,github_archive,1341.45,-0.0015
2012/07/12,44,github_archive,1334.76,-0.4987
2012/07/13,45,github_archive,1356.78,1.6497
2012/07/16,48,github_archive,1353.64,-0.2314
2012/07/17,52,github_archive,1363.67,0.741
2012/07/18,52,github_archive,1372.78,0.668
2012/07/19,51,github_archive,1376.51,0.2717
2012/07/20,51,github_archive,1362.66,-1.0062
2012/07/23,47,github_archive,1350.52,-0.8909
2012/07/24,41,github_archive,1338.31,-0.9041
2012/07/25,51,github_archive,1337.89,-0.0314
2012/07/26,55,github_archive,1360.02,1.6541
2012/07/27,61,github_archive,1385.97,1.9081
2012/07/30,57,github_archive,1385.3,-0.0483
2012/07/31,55,github_archive,1379.32,-0.4317
2012/08/01,55,github_archive,1375.32,-0.29
2012/08/02,49,github_archive,1365,-0.7504
2012/08/03,63,github_archive,1390.99,1.904
2012/08/06,71,github_archive,1394.23,0.2329
2012/08/07,70,github_archive,1401.35,0.5107
2012/08/08,73,github_archive,1402.22,0.0621
2012/08/09,75,github_archive,1402.8,0.0414
2012/08/10,70,github_archive,1405.87,0.2188
2012/08/13,75,github_archive,1404.11,-0.1252
2012/08/14,74,github_archive,1403.93,-0.0128
2012/08/15,72,github_archive,1405.53,0.114
2012/08/16,78,github_archive,1415.51,0.7101
2012/08/17,79,github_archive,1418.16,0.1872
2012/08/20,75,github_archive,1418.13,-0.0021
2012/08/21,74,github_archive,1413.17,-0.3498
2012/08/22,74,github_archive,1413.49,0.0226
2012/08/23,72,github_archive,1402.08,-0.8072
2012/08/24,70,github_archive,1411.13,0.6455
2012/08/27,68,github_archive,1410.44,-0.0489
2012/08/28,68,github_archive,1409.3,-0.0808
2012/08/29,63,github_archive,1410.49,0.0844
2012/08/30,63,github_archive,1399.48,-0.7806
2012/08/31,59,github_archive,1406.58,0.5073
2012/09/04,71,github_archive,1404.94,-0.1166
2012/09/05,74,github_archive,1403.44,-0.1068
2012/09/06,76,github_archive,1432.12,2.0436
2012/09/07,83,github_archive,1437.92,0.405
2012/09/10,78,github_archive,1429.08,-0.6148
2012/09/11,86,github_archive,1433.56,0.3135
2012/09/12,84,github_archive,1436.56,0.2093
2012/09/13,91,github_archive,1459.99,1.631
2012/09/14,93,github_archive,1465.77,0.3959
2012/09/17,92,github_archive,1461.19,-0.3125
2012/09/18,92,github_archive,1459.32,-0.128
2012/09/19,92,github_archive,1461.05,0.1186
2012/09/20,93,github_archive,1460.26,-0.0541
2012/09/21,93,github_archive,1460.15,-0.0075
2012/09/24,81,github_archive,1456.89,-0.2233
2012/09/25,81,github_archive,1441.59,-1.0502
2012/09/26,70,github_archive,1433.32,-0.5737
2012/09/27,76,github_archive,1447.15,0.9649
2012/09/28,71,github_archive,1440.67,-0.4478
2012/10/01,72,github_archive,1444.49,0.2652
2012/10/02,75,github_archive,1445.75,0.0872
2012/10/03,76,github_archive,1450.99,0.3624
2012/10/04,77,github_archive,1461.4,0.7174
2012/10/05,78,github_archive,1460.93,-0.0322
2012/10/08,72,github_archive,1455.88,-0.3457
2012/10/09,66,github_archive,1441.48,-0.9891
2012/10/10,59,github_archive,1432.56,-0.6188
2012/10/11,56,github_archive,1432.84,0.0195
2012/10/12,56,github_archive,1428.59,-0.2966
2012/10/15,54,github_archive,1440.13,0.8078
2012/10/16,63,github_archive,1454.92,1.027
2012/10/17,61,github_archive,1460.91,0.4117
2012/10/18,53,github_archive,1457.34,-0.2444
2012/10/19,56,github_archive,1433.19,-1.6571
2012/10/22,56,github_archive,1433.82,0.044
2012/10/23,42,github_archive,1413.11,-1.4444
2012/10/24,45,github_archive,1408.75,-0.3085
2012/10/25,41,github_archive,1412.97,0.2996
2012/10/26,40,github_archive,1411.94,-0.0729
2012/10/31,45,github_archive,1412.16,0.0156
2012/11/01,50,github_archive,1427.59,1.0926
2012/11/02,50,github_archive,1414.2,-0.9379
2012/11/05,46,github_archive,1417.26,0.2164
2012/11/06,47,github_archive,1428.39,0.7853
2012/11/07,45,github_archive,1394.53,-2.3705
2012/11/08,40,github_archive,1377.51,-1.2205
2012/11/09,39,github_archive,1379.85,0.1699
2012/11/12,35,github_archive,1380.03,0.013
2012/11/13,37,github_archive,1374.53,-0.3985
2012/11/14,31,github_archive,1355.49,-1.3852
2012/11/15,28,github_archive,1353.33,-0.1594
2012/11/16,28,github_archive,1359.88,0.484
2012/11/19,38,github_archive,1386.89,1.9862
2012/11/20,42,github_archive,1387.81,0.0663
2012/11/21,39,github_archive,1391.03,0.232
2012/11/23,47,github_archive,1409.15,1.3026
2012/11/26,47,github_archive,1406.29,-0.203
2012/11/27,49,github_archive,1398.94,-0.5227
2012/11/28,49,github_archive,1409.93,0.7856
2012/11/29,52,github_archive,1415.95,0.427
2012/11/30,50,github_archive,1416.18,0.0163
2012/12/03,45,github_archive,1409.46,-0.4745
2012/12/04,45,github_archive,1407.05,-0.171
2012/12/05,45,github_archive,1409.28,0.1585
2012/12/06,45,github_archive,1413.94,0.3307
2012/12/07,51,github_archive,1418.07,0.2921
2012/12/10,55,github_archive,1418.55,0.0339
2012/12/11,55,github_archive,1427.84,0.6549
2012/12/12,58,github_archive,1428.48,0.0448
2012/12/13,60,github_archive,1419.45,-0.6321
2012/12/14,57,github_archive,1413.58,-0.4135
2012/12/17,64,github_archive,1430.36,1.1871
2012/12/18,67,github_archive,1446.79,1.1487
2012/12/19,64,github_archive,1435.81,-0.7589
2012/12/20,59,github_archive,1443.69,0.5488
2012/12/21,56,github_archive,1430.15,-0.9379
2012/12/24,51,github_archive,1426.66,-0.244
2012/12/26,58,github_archive,1419.83,-0.4787
2012/12/27,58,github_archive,1418.1,-0.1218
2012/12/28,66,github_archive,1402.43,-1.105
2012/12/31,66,github_archive,1426.19,1.6942
2013/01/02,68,github_archive,1462.42,2.5403
2013/01/03,69,github_archive,1459.37,-0.2086
2013/01/04,82,github_archive,1466.47,0.4865
2013/01/07,82,github_archive,1461.89,-0.3123
2013/01/08,80,github_archive,1457.15,-0.3242
2013/01/09,81,github_archive,1461.02,0.2656
2013/01/10,85,github_archive,1472.12,0.7597
2013/01/11,85,github_archive,1472.05,-0.0048
2013/01/14,86,github_archive,1470.68,-0.0931
2013/01/15,89,github_archive,1472.34,0.1129
2013/01/16,85,github_archive,1472.63,0.0197
2013/01/17,86,github_archive,1480.94,0.5643
2013/01/18,89,github_archive,1485.98,0.3403
2013/01/22,89,github_archive,1492.56,0.4428
2013/01/23,92,github_archive,1494.81,0.1507
2013/01/24,92,github_archive,1494.82,0.0007
2013/01/25,91,github_archive,1502.96,0.5445
2013/01/28,93,github_archive,1500.18,-0.185
2013/01/29,94,github_archive,1507.84,0.5106
2013/01/30,93,github_archive,1501.96,-0.39
2013/01/31,89,github_archive,1498.11,-0.2563
2013/02/01,88,github_archive,1513.17,1.0053
2013/02/04,80,github_archive,1495.71,-1.1539
2013/02/05,88,github_archive,1511.29,1.0417
2013/02/06,81,github_archive,1512.12,0.0549
2013/02/07,85,github_archive,1509.39,-0.1805
2013/02/08,83,github_archive,1517.93,0.5658
2013/02/11,82,github_archive,1517.01,-0.0606
2013/02/12,82,github_archive,1519.43,0.1595
2013/02/13,83,github_archive,1520.33,0.0592
2013/02/14,87,github_archive,1521.38,0.0691
2013/02/15,84,github_archive,1519.79,-0.1045
2013/02/19,81,github_archive,1530.94,0.7336
2013/02/20,79,github_archive,1511.95,-1.2404
2013/02/21,68,github_archive,1502.42,-0.6303
2013/02/22,78,github_archive,1515.6,0.8772
2013/02/25,62,github_archive,1487.85,-1.831
2013/02/26,61,github_archive,1496.94,0.6109
2013/02/27,56,github_archive,1515.99,1.2726
2013/02/28,61,github_archive,1514.68,-0.0864
2013/03/01,60,github_archive,1518.2,0.2324
2013/03/04,60,github_archive,1525.2,0.4611
2013/03/05,71,github_archive,1539.79,0.9566
2013/03/06,69,github_archive,1541.46,0.1085
2013/03/07,73,github_archive,1544.26,0.1816
2013/03/08,82,github_archive,1551.18,0.4481
2013/03/11,79,github_archive,1556.22,0.3249
2013/03/12,77,github_archive,1552.48,-0.2403
2013/03/13,77,github_archive,1554.52,0.1314
2013/03/14,79,github_archive,1563.23,0.5603
2013/03/15,77,github_archive,1560.7,-0.1618
2013/03/18,70,github_archive,1552.1,-0.551
2013/03/19,73,github_archive,1548.34,-0.2423
2013/03/20,69,github_archive,1558.71,0.6697
2013/03/21,69,github_archive,1545.8,-0.8282
2013/03/22,69,github_archive,1556.89,0.7174
2013/03/25,70,github_archive,1551.69,-0.334
2013/03/26,68,github_archive,1563.77,0.7785
2013/03/27,70,github_archive,1562.85,-0.0588
2013/03/28,72,github_archive,1569.19,0.4057
2013/04/01,63,github_archive,1562.17,-0.4474
2013/04/02,63,github_archive,1570.25,0.5172
2013/04/03,59,github_archive,1553.69,-1.0546
2013/04/04,55,github_archive,1559.98,0.4048
2013/04/05,52,github_archive,1553.28,-0.4295
2013/04/08,53,github_archive,1563.07,0.6303
2013/04/09,56,github_archive,1568.61,0.3544
2013/04/10,56,github_archive,1587.73,1.2189
2013/04/11,57,github_archive,1593.37,0.3552
2013/04/12,57,github_archive,1588.85,-0.2837
2013/04/15,41,github_archive,1552.36,-2.2966
2013/04/16,52,github_archive,1574.57,1.4307
2013/04/17,47,github_archive,1552.01,-1.4328
2013/04/18,35,github_archive,1541.61,-0.6701
2013/04/19,41,github_archive,1555.25,0.8848
2013/04/22,42,github_archive,1562.5,0.4662
2013/04/23,46,github_archive,1578.78,1.0419
2013/04/24,48,github_archive,1578.79,0.0006
2013/04/25,53,github_archive,1585.16,0.4035
2013/04/26,53,github_archive,1582.24,-0.1842
2013/04/29,60,github_archive,1593.61,0.7186
2013/04/30,61,github_archive,1597.57,0.2485
2013/05/01,62,github_archive,1582.7,-0.9308
2013/05/02,63,github_archive,1597.59,0.9408
2013/05/03,64,github_archive,1614.42,1.0535
2013/05/06,73,github_archive,1617.5,0.1908
2013/05/07,78,github_archive,1625.96,0.523
2013/05/08,77,github_archive,1632.69,0.4139
2013/05/09,76,github_archive,1626.67,-0.3687
2013/05/10,77,github_archive,1633.7,0.4322
2013/05/13,80,github_archive,1633.77,0.0043
2013/05/14,86,github_archive,1650.34,1.0142
2013/05/15,87,github_archive,1658.78,0.5114
2013/05/16,85,github_archive,1650.47,-0.501
2013/05/17,91,github_archive,1667.47,1.03
2013/05/20,83,github_archive,1666.29,-0.0708
2013/05/21,83,github_archive,1669.16,0.1722
2013/05/22,83,github_archive,1655.35,-0.8274
2013/05/23,80,github_archive,1650.51,-0.2924
2013/05/24,75,github_archive,1649.6,-0.0551
2013/05/28,67,github_archive,1660.06,0.6341
2013/05/29,66,github_archive,1648.36,-0.7048
2013/05/30,72,github_archive,1654.41,0.367
2013/05/31,60,github_archive,1630.74,-1.4307
2013/06/03,55,github_archive,1640.42,0.5936
2013/06/04,48,github_archive,1631.38,-0.5511
2013/06/05,32,github_archive,1608.9,-1.378
2013/06/06,34,github_archive,1622.56,0.849
2013/06/07,40,github_archive,1643.38,1.2832
2013/06/10,34,github_archive,1642.81,-0.0347
2013/06/11,31,github_archive,1626.13,-1.0153
2013/06/12,30,github_archive,1612.52,-0.837
2013/06/13,30,github_archive,1636.36,1.4784
2013/06/14,29,github_archive,1626.73,-0.5885
2013/06/17,24,github_archive,1639.04,0.7567
2013/06/18,24,github_archive,1651.81,0.7791
2013/06/19,21,github_archive,1628.93,-1.3851
2013/06/20,19,github_archive,1588.19,-2.501
2013/06/21,19,github_archive,1592.43,0.267
2013/06/24,18,github_archive,1573.09,-1.2145
2013/06/25,19,github_archive,1588.03,0.9497
2013/06/26,20,github_archive,1603.26,0.959
2013/06/27,21,github_archive,1613.2,0.62
2013/06/28,22,github_archive,1606.28,-0.429
2013/07/01,25,github_archive,1614.96,0.5404
2013/07/02,29,github_archive,1614.08,-0.0545
2013/07/03,30,github_archive,1615.41,0.0824
2013/07/05,38,github_archive,1631.89,1.0202
2013/07/08,40,github_archive,1640.46,0.5252
2013/07/09,48,github_archive,1652.32,0.723
2013/07/10,49,github_archive,1652.62,0.0182
2013/07/11,51,github_archive,1675.02,1.3554
2013/07/12,61,github_archive,1680.19,0.3086
2013/07/15,60,github_archive,1682.5,0.1375
2013/07/16,62,github_archive,1676.26,-0.3709
2013/07/17,57,github_archive,1680.91,0.2774
2013/07/18,62,github_archive,1689.37,0.5033
2013/07/19,68,github_archive,1692.09,0.161
2013/07/22,63,github_archive,1695.53,0.2033
2013/07/23,65,github_archive,1692.39,-0.1852
2013/07/24,64,github_archive,1685.94,-0.3811
2013/07/25,62,github_archive,1690.25,0.2556
2013/07/26,64,github_archive,1691.65,0.0828
2013/07/29,59,github_archive,1685.33,-0.3736
2013/07/30,62,github_archive,1685.96,0.0374
2013/07/31,61,github_archive,1685.73,-0.0136
2013/08/01,68,github_archive,1706.87,1.2541
2013/08/02,62,github_archive,1709.67,0.164
2013/08/05,61,github_archive,1707.14,-0.148
2013/08/06,54,github_archive,1697.37,-0.5723
2013/08/07,47,github_archive,1690.91,-0.3806
2013/08/08,52,github_archive,1697.48,0.3885
2013/08/09,44,github_archive,1691.42,-0.357
2013/08/12,50,github_archive,1689.47,-0.1153
2013/08/13,50,github_archive,1694.16,0.2776
2013/08/14,46,github_archive,1685.39,-0.5177
2013/08/15,43,github_archive,1661.32,-1.4282
2013/08/16,39,github_archive,1655.83,-0.3305
2013/08/19,32,github_archive,1646.06,-0.59
2013/08/20,26,github_archive,1652.35,0.3821
2013/08/21,26,github_archive,1642.8,-0.578
2013/08/22,32,github_archive,1656.96,0.8619
2013/08/23,27,github_archive,1663.5,0.3947
2013/08/26,25,github_archive,1656.78,-0.404
2013/08/27,18,github_archive,1630.48,-1.5874
2013/08/28,24,github_archive,1634.96,0.2748
2013/08/29,23,github_archive,1638.17,0.1963
2013/08/30,20,github_archive,1632.97,-0.3174
2013/09/03,17,github_archive,1639.77,0.4164
2013/09/04,28,github_archive,1653.08,0.8117
2013/09/05,33,github_archive,1655.08,0.121
2013/09/06,36,github_archive,1655.17,0.0054
2013/09/09,43,github_archive,1671.71,0.9993
2013/09/10,52,github_archive,1683.99,0.7346
2013/09/11,47,github_archive,1689.13,0.3052
2013/09/12,46,github_archive,1683.42,-0.338
2013/09/13,48,github_archive,1687.99,0.2715
2013/09/16,50,github_archive,1697.6,0.5693
2013/09/17,54,github_archive,1704.76,0.4218
2013/09/18,56,github_archive,1725.52,1.2178
2013/09/19,62,github_archive,1722.34,-0.1843
2013/09/20,57,github_archive,1709.91,-0.7217
2013/09/23,49,github_archive,1701.84,-0.472
2013/09/24,48,github_archive,1697.42,-0.2597
2013/09/25,47,github_archive,1692.77,-0.2739
2013/09/26,39,github_archive,1698.67,0.3485
2013/09/27,41,github_archive,1691.75,-0.4074
2013/09/30,35,github_archive,1681.55,-0.6029
2013/10/01,40,github_archive,1695,0.7999
2013/10/02,35,github_archive,1693.87,-0.0667
2013/10/03,29,github_archive,1678.66,-0.8979
2013/10/04,34,github_archive,1690.5,0.7053
2013/10/07,27,github_archive,1676.12,-0.8506
2013/10/08,20,github_archive,1655.45,-1.2332
2013/10/09,29,github_archive,1656.4,0.0574
2013/10/10,35,github_archive,1692.56,2.183
2013/10/11,31,github_archive,1703.2,0.6286
2013/10/14,39,github_archive,1710.14,0.4075
2013/10/15,39,github_archive,1698.06,-0.7064
2013/10/16,46,github_archive,1721.54,1.3828
2013/10/17,48,github_archive,1733.15,0.6744
2013/10/18,56,github_archive,1744.5,0.6549
2013/10/21,53,github_archive,1744.66,0.0092
2013/10/22,55,github_archive,1754.67,0.5738
2013/10/23,61,github_archive,1746.38,-0.4725
2013/10/24,62,github_archive,1752.07,0.3258
2013/10/25,62,github_archive,1759.77,0.4395
2013/10/28,64,github_archive,1762.11,0.133
2013/10/29,64,github_archive,1771.95,0.5584
2013/10/30,64,github_archive,1763.31,-0.4876
2013/10/31,66,github_archive,1756.54,-0.3839
2013/11/01,67,github_archive,1761.64,0.2903
2013/11/04,68,github_archive,1767.93,0.3571
2013/11/05,68,github_archive,1762.97,-0.2806
2013/11/06,68,github_archive,1770.49,0.4266
2013/11/07,68,github_archive,1747.15,-1.3183
2013/11/08,68,github_archive,1770.61,1.3428
2013/11/11,67,github_archive,1771.89,0.0723
2013/11/12,69,github_archive,1767.69,-0.237
2013/11/13,70,github_archive,1782,0.8095
2013/11/14,70,github_archive,1790.62,0.4837
2013/11/15,71,github_archive,1798.18,0.4222
2013/11/18,71,github_archive,1791.53,-0.3698
2013/11/19,67,github_archive,1787.87,-0.2043
2013/11/20,68,github_archive,1781.37,-0.3636
2013/11/21,68,github_archive,1795.85,0.8129
2013/11/22,68,github_archive,1804.76,0.4961
2013/11/25,66,github_archive,1802.48,-0.1263
2013/11/26,64,github_archive,1802.75,0.015
2013/11/27,67,github_archive,1807.23,0.2485
2013/11/29,70,github_archive,1805.81,-0.0786
2013/12/02,66,github_archive,1800.9,-0.2719
2013/12/03,65,github_archive,1795.15,-0.3193
2013/12/04,65,github_archive,1792.81,-0.1303
2013/12/05,57,github_archive,1785.03,-0.434
2013/12/06,63,github_archive,1805.09,1.1238
2013/12/09,53,github_archive,1808.37,0.1817
2013/12/10,52,github_archive,1802.62,-0.318
2013/12/11,51,github_archive,1782.22,-1.1317
2013/12/12,43,github_archive,1775.5,-0.3771
2013/12/13,38,github_archive,1775.32,-0.0101
2013/12/16,45,github_archive,1786.54,0.632
2013/12/17,38,github_archive,1781,-0.3101
2013/12/18,49,github_archive,1810.65,1.6648
2013/12/19,50,github_archive,1809.6,-0.058
2013/12/20,52,github_archive,1818.32,0.4819
2013/12/23,61,github_archive,1827.99,0.5318
2013/12/24,66,github_archive,1833.32,0.2916
2013/12/26,63,github_archive,1842.02,0.4746
2013/12/27,72,github_archive,1841.4,-0.0337
2013/12/30,70,github_archive,1841.07,-0.0179
2013/12/31,77,github_archive,1848.36,0.396
2014/01/02,71,github_archive,1831.98,-0.8862
2014/01/03,66,github_archive,1831.37,-0.0333
2014/01/06,64,github_archive,1826.77,-0.2512
2014/01/07,67,github_archive,1837.88,0.6082
2014/01/08,64,github_archive,1837.49,-0.0212
2014/01/09,68,github_archive,1838.13,0.0348
2014/01/10,66,github_archive,1842.37,0.2307
2014/01/13,61,github_archive,1819.2,-1.2576
2014/01/14,68,github_archive,1838.88,1.0818
2014/01/15,65,github_archive,1848.38,0.5166
2014/01/16,63,github_archive,1845.89,-0.1347
2014/01/17,59,github_archive,1838.7,-0.3895
2014/01/21,62,github_archive,1843.8,0.2774
2014/01/22,45,github_archive,1844.86,0.0575
2014/01/23,46,github_archive,1828.46,-0.889
2014/01/24,27,github_archive,1790.29,-2.0875
2014/01/27,25,github_archive,1781.56,-0.4876
2014/01/28,29,github_archive,1792.5,0.6141
2014/01/29,20,github_archive,1774.2,-1.0209
2014/01/30,18,github_archive,1794.19,1.1267
2014/01/31,20,github_archive,1782.59,-0.6465
2014/02/03,13,github_archive,1741.89,-2.2832
2014/02/04,15,github_archive,1755.2,0.7641
2014/02/05,20,github_archive,1751.64,-0.2028
2014/02/06,17,github_archive,1773.43,1.244
2014/02/07,22,github_archive,1797.02,1.3302
2014/02/10,28,github_archive,1799.84,0.1569
2014/02/11,29,github_archive,1819.75,1.1062
2014/02/12,32,github_archive,1819.26,-0.0269
2014/02/13,32,github_archive,1829.83,0.581
2014/02/14,30,github_archive,1838.63,0.4809
2014/02/18,42,github_archive,1840.76,0.1158
2014/02/19,39,github_archive,1828.75,-0.6524
2014/02/20,45,github_archive,1839.78,0.6031
2014/02/21,48,github_archive,1836.25,-0.1919
2014/02/24,55,github_archive,1847.61,0.6187
2014/02/25,57,github_archive,1845.12,-0.1348
2014/02/26,58,github_archive,1845.16,0.0022
2014/02/27,62,github_archive,1854.29,0.4948
2014/02/28,56,github_archive,1859.45,0.2783
2014/03/03,63,github_archive,1845.73,-0.7379
2014/03/04,66,github_archive,1873.91,1.5268
2014/03/05,78,github_archive,1873.81,-0.0053
2014/03/06,80,github_archive,1877.03,0.1718
2014/03/07,81,github_archive,1878.04,0.0538
2014/03/10,81,github_archive,1877.17,-0.0463
2014/03/11,76,github_archive,1867.63,-0.5082
2014/03/12,57,github_archive,1868.2,0.0305
2014/03/13,49,github_archive,1846.34,-1.1701
2014/03/14,44,github_archive,1841.13,-0.2822
2014/03/17,49,github_archive,1858.83,0.9614
2014/03/18,51,github_archive,1872.25,0.722
2014/03/19,53,github_archive,1860.77,-0.6132
2014/03/20,54,github_archive,1872.01,0.6041
2014/03/21,56,github_archive,1866.52,-0.2933
2014/03/24,49,github_archive,1857.44,-0.4865
2014/03/25,43,github_archive,1865.62,0.4404
2014/03/26,43,github_archive,1852.56,-0.7
2014/03/27,34,github_archive,1849.04,-0.19
2014/03/28,36,github_archive,1857.62,0.464
2014/03/31,50,github_archive,1872.34,0.7924
2014/04/01,51,github_archive,1885.52,0.7039
2014/04/02,53,github_archive,1890.9,0.2853
2014/04/03,51,github_archive,1888.77,-0.1126
2014/04/04,49,github_archive,1865.09,-1.2537
2014/04/07,35,github_archive,1845.04,-1.075
2014/04/08,34,github_archive,1851.96,0.3751
2014/04/09,31,github_archive,1872.18,1.0918
2014/04/10,31,github_archive,1833.08,-2.0885
2014/04/11,21,github_archive,1815.69,-0.9487
2014/04/14,23,github_archive,1830.61,0.8217
2014/04/15,23,github_archive,1842.98,0.6757
2014/04/16,28,github_archive,1862.31,1.0488
2014/04/17,28,github_archive,1864.85,0.1364
2014/04/21,38,github_archive,1871.89,0.3775
2014/04/22,40,github_archive,1879.55,0.4092
2014/04/23,40,github_archive,1875.39,-0.2213
2014/04/24,39,github_archive,1878.61,0.1717
2014/04/25,35,github_archive,1863.4,-0.8096
2014/04/28,34,github_archive,1869.43,0.3236
2014/04/29,34,github_archive,1878.33,0.4761
2014/04/30,33,github_archive,1883.95,0.2992
2014/05/01,30,github_archive,1883.68,-0.0143
2014/05/02,32,github_archive,1881.14,-0.1348
2014/05/05,34,github_archive,1884.66,0.1871
2014/05/06,34,github_archive,1867.72,-0.8988
2014/05/07,33,github_archive,1878.21,0.5616
2014/05/08,33,github_archive,1875.63,-0.1374
2014/05/09,42,github_archive,1878.48,0.1519
2014/05/12,45,github_archive,1896.65,0.9673
2014/05/13,39,github_archive,1897.45,0.0422
2014/05/14,38,github_archive,1888.53,-0.4701
2014/05/15,28,github_archive,1870.85,-0.9362
2014/05/16,28,github_archive,1877.86,0.3747
2014/05/19,26,github_archive,1885.08,0.3845
2014/05/20,21,github_archive,1872.83,-0.6498
2014/05/21,29,github_archive,1888.03,0.8116
2014/05/22,36,github_archive,1892.49,0.2362
2014/05/23,37,github_archive,1900.53,0.4248
2014/05/27,40,github_archive,1911.91,0.5988
2014/05/28,42,github_archive,1909.78,-0.1114
2014/05/29,42,github_archive,1920.03,0.5367
2014/05/30,45,github_archive,1923.57,0.1844
2014/06/02,58,github_archive,1924.97,0.0728
2014/06/03,66,github_archive,1924.24,-0.0379
2014/06/04,66,github_archive,1927.88,0.1892
2014/06/05,81,github_archive,1940.46,0.6525
2014/06/06,81,github_archive,1949.44,0.4628
2014/06/09,89,github_archive,1951.27,0.0939
2014/06/10,90,github_archive,1950.79,-0.0246
2014/06/11,88,github_archive,1943.89,-0.3537
2014/06/12,83,github_archive,1930.11,-0.7089
2014/06/13,85,github_archive,1936.16,0.3135
2014/06/16,87,github_archive,1937.78,0.0837
2014/06/17,88,github_archive,1941.99,0.2173
2014/06/18,94,github_archive,1956.98,0.7719
2014/06/19,95,github_archive,1959.48,0.1277
2014/06/20,95,github_archive,1962.87,0.173
2014/06/23,93,github_archive,1962.61,-0.0132
2014/06/24,83,github_archive,1949.98,-0.6435
2014/06/25,83,github_archive,1959.53,0.4898
2014/06/26,77,github_archive,1957.22,-0.1179
2014/06/27,76,github_archive,1960.96,0.1911
2014/06/30,87,github_archive,1960.23,-0.0372
2014/07/01,87,github_archive,1973.32,0.6678
2014/07/02,87,github_archive,1974.62,0.0659
2014/07/03,86,github_archive,1985.44,0.548
2014/07/07,68,github_archive,1977.65,-0.3924
2014/07/08,74,github_archive,1963.71,-0.7049
2014/07/09,62,github_archive,1972.83,0.4644
2014/07/10,56,github_archive,1964.68,-0.4131
2014/07/11,57,github_archive,1967.57,0.1471
2014/07/14,59,github_archive,1977.1,0.4844
2014/07/15,56,github_archive,1973.28,-0.1932
2014/07/16,55,github_archive,1981.57,0.4201
2014/07/17,32,github_archive,1958.12,-1.1834
2014/07/18,46,github_archive,1978.22,1.0265
2014/07/21,37,github_archive,1973.63,-0.232
2014/07/22,38,github_archive,1983.53,0.5016
2014/07/23,39,github_archive,1987.01,0.1754
2014/07/24,42,github_archive,1987.98,0.0488
2014/07/25,34,github_archive,1978.34,-0.4849
2014/07/28,34,github_archive,1978.91,0.0288
2014/07/29,31,github_archive,1969.95,-0.4528
2014/07/30,26,github_archive,1970.07,0.0061
2014/07/31,10,github_archive,1930.67,-1.9999
2014/08/01,5,github_archive,1925.15,-0.2859
2014/08/04,5,github_archive,1938.99,0.7189
2014/08/05,5,github_archive,1920.21,-0.9685
2014/08/06,5,github_archive,1920.24,0.0016
2014/08/07,5,github_archive,1909.57,-0.5557
2014/08/08,10,github_archive,1931.59,1.1531
2014/08/11,7,github_archive,1936.92,0.2759
2014/08/12,8,github_archive,1933.75,-0.1637
2014/08/13,13,github_archive,1946.72,0.6707
2014/08/14,16,github_archive,1955.18,0.4346
2014/08/15,14,github_archive,1955.06,-0.0061
2014/08/18,26,github_archive,1971.74,0.8532
2014/08/19,31,github_archive,1981.6,0.5001
2014/08/20,37,github_archive,1986.51,0.2478
2014/08/21,36,github_archive,1992.37,0.295
2014/08/22,37,github_archive,1988.4,-0.1993
2014/08/25,35,github_archive,1997.92,0.4788
2014/08/26,36,github_archive,2000.02,0.1051
2014/08/27,33,github_archive,2000.12,0.005
2014/08/28,33,github_archive,1996.74,-0.169
2014/08/29,41,github_archive,2003.37,0.332
2014/09/02,48,github_archive,2002.28,-0.0544
2014/09/03,48,github_archive,2000.72,-0.0779
2014/09/04,47,github_archive,1997.65,-0.1534
2014/09/05,50,github_archive,2007.71,0.5036
2014/09/08,47,github_archive,2001.54,-0.3073
2014/09/09,42,github_archive,1988.44,-0.6545
2014/09/10,45,github_archive,1995.69,0.3646
2014/09/11,44,github_archive,1997.45,0.0882
2014/09/12,43,github_archive,1985.54,-0.5963
2014/09/15,38,github_archive,1984.13,-0.071
2014/09/16,37,github_archive,1998.98,0.7484
2014/09/17,42,github_archive,2001.57,0.1296
2014/09/18,37,github_archive,2011.36,0.4891
2014/09/19,36,github_archive,2010.4,-0.0477
2014/09/22,22,github_archive,1994.29,-0.8013
2014/09/23,18,github_archive,1982.77,-0.5777
2014/09/24,17,github_archive,1998.3,0.7832
2014/09/25,8,github_archive,1965.99,-1.6169
2014/09/26,13,github_archive,1982.85,0.8576
2014/09/29,11,github_archive,1977.8,-0.2547
2014/09/30,12,github_archive,1972.29,-0.2786
2014/10/01,7,github_archive,1946.16,-1.3249
2014/10/02,3,github_archive,1946.17,0.0005
2014/10/03,5,github_archive,1967.9,1.1166
2014/10/06,5,github_archive,1964.82,-0.1565
2014/10/07,6,github_archive,1935.1,-1.5126
2014/10/08,4,github_archive,1968.89,1.7462
2014/10/09,3,github_archive,1928.21,-2.0661
2014/10/10,1,github_archive,1906.13,-1.1451
2014/10/13,0,github_archive,1874.74,-1.6468
2014/10/14,2,github_archive,1877.7,0.1579
2014/10/15,1,github_archive,1862.49,-0.81
2014/10/16,2,github_archive,1862.76,0.0145
2014/10/17,7,github_archive,1886.76,1.2884
2014/10/20,5,github_archive,1904.01,0.9143
2014/10/21,7,github_archive,1941.28,1.9574
2014/10/22,8,github_archive,1927.11,-0.7299
2014/10/23,11,github_archive,1950.82,1.2303
2014/10/24,13,github_archive,1964.58,0.7053
2014/10/27,16,github_archive,1961.63,-0.1502
2014/10/28,21,github_archive,1985.05,1.1939
2014/10/29,25,github_archive,1982.3,-0.1385
2014/10/30,31,github_archive,1994.65,0.623
2014/10/31,32,github_archive,2018.05,1.1731
2014/11/03,40,github_archive,2017.81,-0.0119
2014/11/04,40,github_archive,2012.1,-0.283
2014/11/05,49,github_archive,2023.57,0.57
2014/11/06,49,github_archive,2031.21,0.3776
2014/11/07,55,github_archive,2031.92,0.035
2014/11/10,57,github_archive,2038.26,0.312
2014/11/11,58,github_archive,2039.68,0.0697
2014/11/12,56,github_archive,2038.25,-0.0701
2014/11/13,54,github_archive,2039.33,0.053
2014/11/14,53,github_archive,2039.82,0.024
2014/11/17,53,github_archive,2041.32,0.0735
2014/11/18,54,github_archive,2051.8,0.5134
2014/11/19,55,github_archive,2048.72,-0.1501
2014/11/20,59,github_archive,2052.75,0.1967
2014/11/21,59,github_archive,2063.5,0.5237
2014/11/24,62,github_archive,2069.41,0.2864
2014/11/25,62,github_archive,2067.03,-0.115
2014/11/26,63,github_archive,2072.83,0.2806
2014/11/28,59,github_archive,2067.56,-0.2542
2014/12/01,55,github_archive,2053.44,-0.6829
2014/12/02,55,github_archive,2066.55,0.6384
2014/12/03,59,github_archive,2074.33,0.3765
2014/12/04,59,github_archive,2071.92,-0.1162
2014/12/05,61,github_archive,2075.37,0.1665
2014/12/08,55,github_archive,2060.31,-0.7257
2014/12/09,46,github_archive,2059.82,-0.0238
2014/12/10,41,github_archive,2026.14,-1.6351
2014/12/11,37,github_archive,2035.33,0.4536
2014/12/12,31,github_archive,2002.33,-1.6214
2014/12/15,22,github_archive,1989.63,-0.6343
2014/12/16,19,github_archive,1972.74,-0.8489
2014/12/17,21,github_archive,2012.89,2.0352
2014/12/18,33,github_archive,2061.23,2.4015
2014/12/19,33,github_archive,2070.65,0.457
2014/12/22,43,github_archive,2078.54,0.381
2014/12/23,45,github_archive,2082.17,0.1746
2014/12/24,47,github_archive,2081.88,-0.0139
2014/12/26,48,github_archive,2088.77,0.331
2014/12/29,47,github_archive,2090.57,0.0862
2014/12/30,47,github_archive,2080.35,-0.4889
2014/12/31,45,github_archive,2058.9,-1.0311
2015/01/02,37,github_archive,2058.2,-0.034
2015/01/05,30,github_archive,2020.58,-1.8278
2015/01/06,21,github_archive,2002.61,-0.8893
2015/01/07,21,github_archive,2025.9,1.163
2015/01/08,28,github_archive,2062.14,1.7888
2015/01/09,29,github_archive,2044.81,-0.8404
2015/01/12,30,github_archive,2028.26,-0.8094
2015/01/13,29,github_archive,2023.03,-0.2579
2015/01/14,30,github_archive,2011.27,-0.5813
2015/01/15,30,github_archive,1992.67,-0.9248
2015/01/16,26,github_archive,2019.42,1.3424
2015/01/20,25,github_archive,2022.55,0.155
2015/01/21,28,github_archive,2032.12,0.4732
2015/01/22,32,github_archive,2063.15,1.527
2015/01/23,31,github_archive,2051.82,-0.5492
2015/01/26,28,github_archive,2057.09,0.2568
2015/01/27,28,github_archive,2029.55,-1.3388
2015/01/28,26,github_archive,2002.16,-1.3496
2015/01/29,26,github_archive,2021.25,0.9535
2015/01/30,25,github_archive,1994.99,-1.2992
2015/02/02,30,github_archive,2020.85,1.2962
2015/02/03,46,github_archive,2050.03,1.4439
2015/02/04,42,github_archive,2041.51,-0.4156
2015/02/05,50,github_archive,2062.52,1.0291
2015/02/06,52,github_archive,2055.47,-0.3418
2015/02/09,52,github_archive,2046.74,-0.4247
2015/02/10,54,github_archive,2068.59,1.0676
2015/02/11,61,github_archive,2068.53,-0.0029
2015/02/12,64,github_archive,2088.48,0.9645
2015/02/13,73,github_archive,2096.99,0.4075
2015/02/17,77,github_archive,2100.34,0.1598
2015/02/18,79,github_archive,2099.68,-0.0314
2015/02/19,77,github_archive,2097.45,-0.1062
2015/02/20,80,github_archive,2110.3,0.6127
2015/02/23,77,github_archive,2109.66,-0.0303
2015/02/24,75,github_archive,2115.48,0.2759
2015/02/25,77,github_archive,2113.86,-0.0766
2015/02/26,78,github_archive,2110.74,-0.1476
2015/02/27,74,github_archive,2104.5,-0.2956
2015/03/02,74,github_archive,2117.39,0.6125
2015/03/03,66,github_archive,2107.78,-0.4539
2015/03/04,66,github_archive,2098.53,-0.4389
2015/03/05,65,github_archive,2101.04,0.1196
2015/03/06,58,github_archive,2071.26,-1.4174
2015/03/09,58,github_archive,2079.43,0.3944
2015/03/10,52,github_archive,2044.16,-1.6961
2015/03/11,44,github_archive,2040.24,-0.1918
2015/03/12,46,github_archive,2065.95,1.2601
2015/03/13,39,github_archive,2053.4,-0.6075
2015/03/16,42,github_archive,2081.19,1.3534
2015/03/17,40,github_archive,2074.28,-0.332
2015/03/18,39,github_archive,2099.5,1.2158
2015/03/19,43,github_archive,2089.27,-0.4873
2015/03/20,43,github_archive,2108.1,0.9013
2015/03/23,48,github_archive,2104.42,-0.1746
2015/03/24,44,github_archive,2091.5,-0.6139
2015/03/25,44,github_archive,2061.05,-1.4559
2015/03/26,37,github_archive,2056.15,-0.2377
2015/03/27,36,github_archive,2061.02,0.2369
2015/03/30,37,github_archive,2086.24,1.2237
2015/03/31,37,github_archive,2067.89,-0.8796
2015/04/01,35,github_archive,2059.69,-0.3965
2015/04/02,40,github_archive,2066.96,0.353
2015/04/06,43,github_archive,2080.62,0.6609
2015/04/07,48,github_archive,2076.33,-0.2062
2015/04/08,48,github_archive,2081.9,0.2683
2015/04/09,56,github_archive,2091.18,0.4457
2015/04/10,56,github_archive,2102.06,0.5203
2015/04/13,60,github_archive,2092.43,-0.4581
2015/04/14,60,github_archive,2095.84,0.163
2015/04/15,60,github_archive,2106.63,0.5148
2015/04/16,57,github_archive,2104.99,-0.0778
2015/04/17,57,github_archive,2081.18,-1.1311
2015/04/20,55,github_archive,2100.4,0.9235
2015/04/21,59,github_archive,2097.29,-0.1481
2015/04/22,59,github_archive,2107.96,0.5087
2015/04/23,64,github_archive,2112.93,0.2358
2015/04/24,66,github_archive,2117.69,0.2253
2015/04/27,59,github_archive,2108.92,-0.4141
2015/04/28,61,github_archive,2114.76,0.2769
2015/04/29,61,github_archive,2106.85,-0.374
2015/04/30,53,github_archive,2085.51,-1.0129
2015/05/01,61,github_archive,2108.29,1.0923
2015/05/04,61,github_archive,2114.49,0.2941
2015/05/05,58,github_archive,2089.46,-1.1837
2015/05/06,58,github_archive,2080.15,-0.4456
2015/05/07,53,github_archive,2088,0.3774
2015/05/08,58,github_archive,2116.1,1.3458
2015/05/11,53,github_archive,2105.33,-0.509
2015/05/12,49,github_archive,2099.12,-0.295
2015/05/13,55,github_archive,2098.48,-0.0305
2015/05/14,57,github_archive,2121.1,1.0779
2015/05/15,57,github_archive,2122.73,0.0768
2015/05/18,62,github_archive,2129.2,0.3048
2015/05/19,62,github_archive,2127.83,-0.0643
2015/05/20,64,github_archive,2125.85,-0.0931
2015/05/21,64,github_archive,2130.82,0.2338
2015/05/22,60,github_archive,2126.06,-0.2234
2015/05/26,50,github_archive,2104.2,-1.0282
2015/05/27,47,github_archive,2123.48,0.9163
2015/05/28,47,github_archive,2120.79,-0.1267
2015/05/29,43,github_archive,2107.39,-0.6318
2015/06/01,40,github_archive,2111.73,0.2059
2015/06/02,43,github_archive,2109.6,-0.1009
2015/06/03,45,github_archive,2114.07,0.2119
2015/06/04,44,github_archive,2095.84,-0.8623
2015/06/05,40,github_archive,2092.83,-0.1436
2015/06/08,36,github_archive,2079.28,-0.6475
2015/06/09,36,github_archive,2080.15,0.0418
2015/06/10,37,github_archive,2105.2,1.2042
2015/06/11,41,github_archive,2108.86,0.1739
2015/06/12,30,github_archive,2094.11,-0.6994
2015/06/15,26,github_archive,2084.43,-0.4623
2015/06/16,27,github_archive,2096.29,0.569
2015/06/17,26,github_archive,2100.44,0.198
2015/06/18,34,github_archive,2121.24,0.9903
2015/06/19,30,github_archive,2109.99,-0.5304
2015/06/22,42,github_archive,2122.85,0.6095
2015/06/23,49,github_archive,2124.2,0.0636
2015/06/24,36,github_archive,2108.58,-0.7353
2015/06/25,34,github_archive,2102.31,-0.2974
2015/06/26,33,github_archive,2101.49,-0.039
2015/06/29,8,github_archive,2057.64,-2.0866
2015/06/30,11,github_archive,2063.11,0.2658
2015/07/01,18,github_archive,2077.42,0.6936
2015/07/02,16,github_archive,2076.78,-0.0308
2015/07/06,13,github_archive,2068.76,-0.3862
2015/07/07,13,github_archive,2081.34,0.6081
2015/07/08,9,github_archive,2046.68,-1.6653
2015/07/09,12,github_archive,2051.31,0.2262
2015/07/10,14,github_archive,2076.62,1.2338
2015/07/13,24,github_archive,2099.6,1.1066
2015/07/14,24,github_archive,2108.95,0.4453
2015/07/15,30,github_archive,2107.4,-0.0735
2015/07/16,30,github_archive,2124.29,0.8015
2015/07/17,34,github_archive,2126.64,0.1106
2015/07/20,34,github_archive,2128.28,0.0771
2015/07/21,25,github_archive,2119.21,-0.4262
2015/07/22,20,github_archive,2114.15,-0.2388
2015/07/23,15,github_archive,2102.15,-0.5676
2015/07/24,15,github_archive,2079.65,-1.0703
2015/07/27,7,github_archive,2067.64,-0.5775
2015/07/28,17,github_archive,2093.25,1.2386
2015/07/29,21,github_archive,2108.57,0.7319
2015/07/30,21,github_archive,2108.63,0.0028
2015/07/31,20,github_archive,2103.84,-0.2272
2015/08/03,24,github_archive,2098.04,-0.2757
2015/08/04,28,github_archive,2093.32,-0.225
2015/08/05,21,github_archive,2099.84,0.3115
2015/08/06,18,github_archive,2083.56,-0.7753
2015/08/07,10,github_archive,2077.57,-0.2875
2015/08/10,9,github_archive,2104.18,1.2808
2015/08/11,12,github_archive,2084.07,-0.9557
2015/08/12,9,github_archive,2086.05,0.095
2015/08/13,11,github_archive,2083.39,-0.1275
2015/08/14,11,github_archive,2091.54,0.3912
2015/08/17,14,github_archive,2102.44,0.5211
2015/08/18,13,github_archive,2096.92,-0.2626
2015/08/19,13,github_archive,2079.61,-0.8255
2015/08/20,8,github_archive,2035.73,-2.11
2015/08/21,8,github_archive,1970.89,-3.1851
2015/08/24,3,github_archive,1893.21,-3.9414
2015/08/25,9,github_archive,1867.61,-1.3522
2015/08/26,12,github_archive,1940.51,3.9034
2015/08/27,13,github_archive,1987.66,2.4298
2015/08/28,14,github_archive,1988.87,0.0609
2015/08/31,14,github_archive,1972.18,-0.8392
2015/09/01,9,github_archive,1913.85,-2.9576
2015/09/02,13,github_archive,1948.86,1.8293
2015/09/03,11,github_archive,1951.13,0.1165
2015/09/04,10,github_archive,1921.22,-1.533
2015/09/08,13,github_archive,1969.41,2.5083
2015/09/09,13,github_archive,1942.04,-1.3898
2015/09/10,15,github_archive,1952.29,0.5278
2015/09/11,14,github_archive,1961.05,0.4487
2015/09/14,13,github_archive,1953.03,-0.409
2015/09/15,16,github_archive,1978.09,1.2831
2015/09/16,16,github_archive,1995.31,0.8705
2015/09/17,16,github_archive,1990.2,-0.2561
2015/09/18,18,github_archive,1958.03,-1.6164
2015/09/21,23,github_archive,1966.97,0.4566
2015/09/22,31,github_archive,1942.74,-1.2318
2015/09/23,31,github_archive,1938.76,-0.2049
2015/09/24,22,github_archive,1932.24,-0.3363
2015/09/25,18,github_archive,1931.34,-0.0466
2015/09/28,15,github_archive,1881.77,-2.5666
2015/09/29,13,github_archive,1884.09,0.1233
2015/09/30,21,github_archive,1920.03,1.9076
2015/10/01,18,github_archive,1923.82,0.1974
2015/10/02,24,github_archive,1951.36,1.4315
2015/10/05,31,github_archive,1987.05,1.829
2015/10/06,36,github_archive,1979.92,-0.3588
2015/10/07,37,github_archive,1995.83,0.8036
2015/10/08,42,github_archive,2013.43,0.8818
2015/10/09,43,github_archive,2014.89,0.0725
2015/10/12,41,github_archive,2017.46,0.1275
2015/10/13,35,github_archive,2003.69,-0.6825
2015/10/14,35,github_archive,1994.24,-0.4716
2015/10/15,41,github_archive,2023.86,1.4853
2015/10/16,45,github_archive,2033.11,0.457
2015/10/19,47,github_archive,2033.66,0.0271
2015/10/20,51,github_archive,2030.77,-0.1421
2015/10/21,50,github_archive,2018.94,-0.5825
2015/10/22,55,github_archive,2052.51,1.6628
2015/10/23,59,github_archive,2075.15,1.103
2015/10/26,61,github_archive,2071.18,-0.1913
2015/10/27,69,github_archive,2065.89,-0.2554
2015/10/28,69,github_archive,2090.35,1.184
2015/10/29,71,github_archive,2089.41,-0.045
2015/10/30,70,github_archive,2079.36,-0.481
2015/11/02,73,github_archive,2104.05,1.1874
2015/11/03,73,github_archive,2109.79,0.2728
2015/11/04,72,github_archive,2102.31,-0.3545
2015/11/05,73,github_archive,2099.93,-0.1132
2015/11/06,71,github_archive,2099.2,-0.0348
2015/11/09,67,github_archive,2078.58,-0.9823
2015/11/10,66,github_archive,2081.72,0.1511
2015/11/11,63,github_archive,2075,-0.3228
2015/11/12,55,github_archive,2045.97,-1.399
2015/11/13,45,github_archive,2023.04,-1.1207
2015/11/16,50,github_archive,2053.19,1.4903
2015/11/17,48,github_archive,2050.44,-0.1339
2015/11/18,53,github_archive,2083.58,1.6162
2015/11/19,52,github_archive,2081.24,-0.1123
2015/11/20,54,github_archive,2089.17,0.381
2015/11/23,53,github_archive,2086.59,-0.1235
2015/11/24,58,github_archive,2089.14,0.1222
2015/11/25,59,github_archive,2088.87,-0.0129
2015/11/27,58,github_archive,2090.11,0.0594
2015/11/30,58,github_archive,2080.41,-0.4641
2015/12/01,60,github_archive,2102.63,1.0681
2015/12/02,55,github_archive,2079.51,-1.0996
2015/12/03,49,github_archive,2049.62,-1.4374
2015/12/04,58,github_archive,2091.69,2.0526
2015/12/07,47,github_archive,2077.07,-0.699
2015/12/08,38,github_archive,2063.59,-0.649
2015/12/09,35,github_archive,2047.62,-0.7739
2015/12/10,36,github_archive,2052.23,0.2251
2015/12/11,24,github_archive,2012.37,-1.9423
2015/12/14,29,github_archive,2021.94,0.4756
2015/12/15,35,github_archive,2043.41,1.0619
2015/12/16,44,github_archive,2073.07,1.4515
2015/12/17,34,github_archive,2041.89,-1.5041
2015/12/18,29,github_archive,2005.55,-1.7797
2015/12/21,32,github_archive,2021.15,0.7778
2015/12/22,36,github_archive,2038.97,0.8817
2015/12/23,42,github_archive,2064.29,1.2418
2015/12/24,42,github_archive,2060.99,-0.1599
2015/12/28,44,github_archive,2056.5,-0.2179
2015/12/29,51,github_archive,2078.36,1.063
2015/12/30,47,github_archive,2063.36,-0.7217
2015/12/31,45,github_archive,2043.94,-0.9412
2016/01/04,40,github_archive,2012.66,-1.5304
2016/01/05,41,github_archive,2016.71,0.2012
2016/01/06,34,github_archive,1990.26,-1.3115
2016/01/07,25,github_archive,1943.09,-2.37
2016/01/08,17,github_archive,1922.03,-1.0838
2016/01/11,18,github_archive,1923.67,0.0853
2016/01/12,17,github_archive,1938.68,0.7803
2016/01/13,14,github_archive,1890.28,-2.4965
2016/01/14,18,github_archive,1921.84,1.6696
2016/01/15,10,github_archive,1880.33,-2.1599
2016/01/19,11,github_archive,1881.33,0.0532
2016/01/20,9,github_archive,1859.33,-1.1694
2016/01/21,13,github_archive,1868.99,0.5195
2016/01/22,14,github_archive,1906.9,2.0284
2016/01/25,15,github_archive,1877.08,-1.5638
2016/01/26,18,github_archive,1903.63,1.4144
2016/01/27,19,github_archive,1882.95,-1.0863
2016/01/28,21,github_archive,1893.36,0.5529
2016/01/29,27,github_archive,1940.24,2.476
2016/02/01,27,github_archive,1939.38,-0.0443
2016/02/02,23,github_archive,1903.03,-1.8743
2016/02/03,25,github_archive,1912.53,0.4992
2016/02/04,25,github_archive,1915.45,0.1527
2016/02/05,17,github_archive,1880.05,-1.8481
2016/02/08,14,github_archive,1853.44,-1.4154
2016/02/09,20,github_archive,1852.21,-0.0664
2016/02/10,16,github_archive,1851.86,-0.0189
2016/02/11,18,github_archive,1829.08,-1.2301
2016/02/12,24,github_archive,1864.78,1.9518
2016/02/16,34,github_archive,1895.58,1.6517
2016/02/17,45,github_archive,1926.82,1.648
2016/02/18,47,github_archive,1917.83,-0.4666
2016/02/19,50,github_archive,1917.78,-0.0026
2016/02/22,51,github_archive,1945.5,1.4454
2016/02/23,51,github_archive,1921.27,-1.2454
2016/02/24,49,github_archive,1929.8,0.444
2016/02/25,54,github_archive,1951.7,1.1348
2016/02/26,57,github_archive,1948.05,-0.187
2016/02/29,53,github_archive,1932.23,-0.8121
2016/03/01,64,github_archive,1978.35,2.3869
2016/03/02,66,github_archive,1986.45,0.4094
2016/03/03,69,github_archive,1993.4,0.3499
2016/03/04,71,github_archive,1999.99,0.3306
2016/03/07,73,github_archive,2001.76,0.0885
2016/03/08,70,github_archive,1979.26,-1.124
2016/03/09,71,github_archive,1989.26,0.5052
2016/03/10,71,github_archive,1989.57,0.0156
2016/03/11,75,github_archive,2022.19,1.6396
2016/03/14,73,github_archive,2019.64,-0.1261
2016/03/15,73,github_archive,2015.93,-0.1837
2016/03/16,75,github_archive,2027.22,0.56
2016/03/17,78,github_archive,2040.59,0.6595
2016/03/18,79,github_archive,2049.58,0.4406
2016/03/21,78,github_archive,2051.6,0.0986
2016/03/22,78,github_archive,2049.8,-0.0877
2016/03/23,70,github_archive,2036.71,-0.6386
2016/03/24,66,github_archive,2035.94,-0.0378
2016/03/28,64,github_archive,2037.05,0.0545
2016/03/29,68,github_archive,2055.01,0.8817
2016/03/30,71,github_archive,2063.95,0.435
2016/03/31,73,github_archive,2059.74,-0.204
2016/04/01,78,github_archive,2072.78,0.6331
2016/04/04,74,github_archive,2066.13,-0.3208
2016/04/05,67,github_archive,2045.17,-1.0144
2016/04/06,77,github_archive,2066.66,1.0508
2016/04/07,66,github_archive,2041.91,-1.1976
2016/04/08,68,github_archive,2047.6,0.2787
2016/04/11,64,github_archive,2041.99,-0.274
2016/04/12,68,github_archive,2061.72,0.9662
2016/04/13,71,github_archive,2082.42,1.004
2016/04/14,72,github_archive,2082.78,0.0173
2016/04/15,70,github_archive,2080.73,-0.0984
2016/04/18,75,github_archive,2094.34,0.6541
2016/04/19,75,github_archive,2100.8,0.3084
2016/04/20,76,github_archive,2102.4,0.0762
2016/04/21,74,github_archive,2091.48,-0.5194
2016/04/22,74,github_archive,2091.58,0.0048
2016/04/25,70,github_archive,2087.79,-0.1812
2016/04/26,72,github_archive,2091.7,0.1873
2016/04/27,72,github_archive,2095.15,0.1649
2016/04/28,69,github_archive,2075.81,-0.9231
2016/04/29,63,github_archive,2065.3,-0.5063
2016/05/02,71,github_archive,2081.43,0.781
2016/05/03,63,github_archive,2063.37,-0.8677
2016/05/04,57,github_archive,2051.12,-0.5937
2016/05/05,58,github_archive,2050.63,-0.0239
2016/05/06,61,github_archive,2057.14,0.3175
2016/05/09,60,github_archive,2058.69,0.0753
2016/05/10,67,github_archive,2084.39,1.2484
2016/05/11,60,github_archive,2064.46,-0.9562
2016/05/12,61,github_archive,2064.11,-0.0169
2016/05/13,54,github_archive,2046.61,-0.8478
2016/05/16,62,github_archive,2066.66,0.9797
2016/05/17,53,github_archive,2047.21,-0.9411
2016/05/18,55,github_archive,2047.63,0.0205
2016/05/19,51,github_archive,2040.04,-0.3707
2016/05/20,56,github_archive,2052.32,0.602
2016/05/23,54,github_archive,2048.04,-0.2085
2016/05/24,65,github_archive,2076.06,1.3681
2016/05/25,73,github_archive,2090.54,0.6975
2016/05/26,74,github_archive,2090.1,-0.021
2016/05/27,78,github_archive,2099.06,0.4287
2016/05/31,75,github_archive,2096.95,-0.1005
2016/06/01,78,github_archive,2099.33,0.1135
2016/06/02,79,github_archive,2105.26,0.2825
2016/06/03,75,github_archive,2099.13,-0.2912
2016/06/06,80,github_archive,2109.41,0.4897
2016/06/07,81,github_archive,2112.13,0.1289
2016/06/08,80,github_archive,2119.12,0.331
2016/06/09,79,github_archive,2115.48,-0.1718
2016/06/10,61,github_archive,2096.07,-0.9175
2016/06/13,53,github_archive,2079.06,-0.8115
2016/06/14,50,github_archive,2075.32,-0.1799
2016/06/15,50,github_archive,2071.5,-0.1841
2016/06/16,51,github_archive,2077.99,0.3133
2016/06/17,53,github_archive,2071.22,-0.3258
2016/06/20,62,github_archive,2083.25,0.5808
2016/06/21,67,github_archive,2088.9,0.2712
2016/06/22,57,github_archive,2085.45,-0.1652
2016/06/23,77,github_archive,2113.32,1.3364
2016/06/24,42,github_archive,2037.41,-3.592
2016/06/27,37,github_archive,2000.54,-1.8097
2016/06/28,47,github_archive,2036.09,1.777
2016/06/29,60,github_archive,2070.77,1.7033
2016/06/30,64,github_archive,2098.86,1.3565
2016/07/01,71,github_archive,2102.95,0.1949
2016/07/05,67,github_archive,2088.55,-0.6847
2016/07/06,70,github_archive,2099.73,0.5353
2016/07/07,69,github_archive,2097.9,-0.0872
2016/07/08,78,github_archive,2129.9,1.5253
2016/07/11,83,github_archive,2137.16,0.3409
2016/07/12,88,github_archive,2152.14,0.7009
2016/07/13,86,github_archive,2152.43,0.0135
2016/07/14,90,github_archive,2163.75,0.5259
2016/07/15,89,github_archive,2161.74,-0.0929
2016/07/18,91,github_archive,2166.89,0.2382
2016/07/19,87,github_archive,2163.78,-0.1435
2016/07/20,90,github_archive,2173.02,0.427
2016/07/21,85,github_archive,2165.17,-0.3613
2016/07/22,86,github_archive,2175.03,0.4554
2016/07/25,85,github_archive,2168.48,-0.3011
2016/07/26,85,github_archive,2169.18,0.0323
2016/07/27,82,github_archive,2166.58,-0.1199
2016/07/28,82,github_archive,2170.06,0.1606
2016/07/29,79,github_archive,2173.6,0.1631
2016/08/01,77,github_archive,2170.84,-0.127
2016/08/02,77,github_archive,2157.03,-0.6362
2016/08/03,81,github_archive,2163.79,0.3134
2016/08/04,80,github_archive,2164.25,0.0213
2016/08/05,86,github_archive,2182.87,0.8603
2016/08/08,84,github_archive,2180.89,-0.0907
2016/08/09,80,github_archive,2181.74,0.039
2016/08/10,74,github_archive,2175.49,-0.2865
2016/08/11,80,github_archive,2185.79,0.4735
2016/08/12,75,github_archive,2184.05,-0.0796
2016/08/15,81,github_archive,2190.15,0.2793
2016/08/16,77,github_archive,2178.15,-0.5479
2016/08/17,76,github_archive,2182.22,0.1869
2016/08/18,78,github_archive,2187.02,0.22
2016/08/19,77,github_archive,2183.87,-0.144
2016/08/22,72,github_archive,2182.64,-0.0563
2016/08/23,76,github_archive,2186.9,0.1952
2016/08/24,69,github_archive,2175.44,-0.524
2016/08/25,66,github_archive,2172.47,-0.1365
2016/08/26,63,github_archive,2169.04,-0.1579
2016/08/29,64,github_archive,2180.38,0.5228
2016/08/30,64,github_archive,2176.12,-0.1954
2016/08/31,61,github_archive,2170.95,-0.2376
2016/09/01,62,github_archive,2170.86,-0.0041
2016/09/02,65,github_archive,2179.98,0.4201
2016/09/06,65,github_archive,2186.48,0.2982
2016/09/07,65,github_archive,2186.16,-0.0146
2016/09/08,70,github_archive,2181.3,-0.2223
2016/09/09,43,github_archive,2127.81,-2.4522
2016/09/12,58,github_archive,2159.04,1.4677
2016/09/13,35,github_archive,2127.02,-1.4831
2016/09/14,33,github_archive,2125.77,-0.0588
2016/09/15,43,github_archive,2147.26,1.0109
2016/09/16,43,github_archive,2139.16,-0.3772
2016/09/19,44,github_archive,2139.12,-0.0019
2016/09/20,45,github_archive,2139.76,0.0299
2016/09/21,56,github_archive,2163.12,1.0917
2016/09/22,60,github_archive,2177.18,0.65
2016/09/23,54,github_archive,2164.69,-0.5737
2016/09/26,41,github_archive,2146.1,-0.8588
2016/09/27,45,github_archive,2159.93,0.6444
2016/09/28,51,github_archive,2171.37,0.5297
2016/09/29,37,github_archive,2151.13,-0.9321
2016/09/30,49,github_archive,2168.27,0.7968
2016/10/03,45,github_archive,2161.2,-0.3261
2016/10/04,43,github_archive,2150.49,-0.4956
2016/10/05,51,github_archive,2159.73,0.4297
2016/10/06,53,github_archive,2160.77,0.0482
2016/10/07,51,github_archive,2153.74,-0.3253
2016/10/10,57,github_archive,2163.66,0.4606
2016/10/11,43,github_archive,2136.73,-1.2446
2016/10/12,45,github_archive,2139.18,0.1147
2016/10/13,34,github_archive,2132.55,-0.3099
2016/10/14,41,github_archive,2132.98,0.0202
2016/10/17,33,github_archive,2126.5,-0.3038
2016/10/18,40,github_archive,2139.6,0.616
2016/10/19,39,github_archive,2144.29,0.2192
2016/10/20,38,github_archive,2141.34,-0.1376
2016/10/21,43,github_archive,2141.16,-0.0084
2016/10/24,53,github_archive,2151.33,0.475
2016/10/25,48,github_archive,2143.16,-0.3798
2016/10/26,43,github_archive,2139.43,-0.174
2016/10/27,46,github_archive,2133.04,-0.2987
2016/10/28,32,github_archive,2126.41,-0.3108
2016/10/31,30,github_archive,2126.15,-0.0122
2016/11/01,21,github_archive,2111.72,-0.6787
2016/11/02,17,github_archive,2097.94,-0.6526
2016/11/03,14,github_archive,2088.66,-0.4423
2016/11/04,14,github_archive,2085.18,-0.1666
2016/11/07,33,github_archive,2131.52,2.2224
2016/11/08,33,github_archive,2139.56,0.3772
2016/11/09,43,github_archive,2163.26,1.1077
2016/11/10,45,github_archive,2167.48,0.1951
2016/11/11,48,github_archive,2164.45,-0.1398
2016/11/14,53,github_archive,2164.2,-0.0116
2016/11/15,63,github_archive,2180.39,0.7481
2016/11/16,60,github_archive,2176.94,-0.1582
2016/11/17,63,github_archive,2187.12,0.4676
2016/11/18,61,github_archive,2181.9,-0.2387
2016/11/21,67,github_archive,2198.18,0.7461
2016/11/22,67,github_archive,2202.94,0.2165
2016/11/23,70,github_archive,2204.72,0.0808
2016/11/25,72,github_archive,2213.35,0.3914
2016/11/28,70,github_archive,2201.72,-0.5255
2016/11/29,71,github_archive,2204.66,0.1335
2016/11/30,73,github_archive,2198.81,-0.2653
2016/12/01,71,github_archive,2191.08,-0.3516
2016/12/02,71,github_archive,2191.95,0.0397
2016/12/05,75,github_archive,2204.71,0.5821
2016/12/06,77,github_archive,2212.23,0.3411
2016/12/07,83,github_archive,2241.35,1.3163
2016/12/08,85,github_archive,2246.19,0.2159
2016/12/09,87,github_archive,2259.53,0.5939
2016/12/12,87,github_archive,2256.96,-0.1137
2016/12/13,88,github_archive,2271.72,0.654
2016/12/14,86,github_archive,2253.28,-0.8117
2016/12/15,86,github_archive,2262.03,0.3883
2016/12/16,84,github_archive,2258.07,-0.1751
2016/12/19,82,github_archive,2262.53,0.1975
2016/12/20,79,github_archive,2270.76,0.3638
2016/12/21,74,github_archive,2265.18,-0.2457
2016/12/22,71,github_archive,2260.96,-0.1863
2016/12/23,66,github_archive,2263.79,0.1252
2016/12/27,70,github_archive,2268.88,0.2248
2016/12/28,64,github_archive,2249.92,-0.8357
2016/12/29,64,github_archive,2249.26,-0.0293
2016/12/30,58,github_archive,2238.83,-0.4637
2017/01/03,71,github_archive,2257.83,0.8487
2017/01/04,71,github_archive,2270.75,0.5722
2017/01/05,68,github_archive,2269,-0.0771
2017/01/06,70,github_archive,2276.98,0.3517
2017/01/09,66,github_archive,2268.9,-0.3549
2017/01/10,62,github_archive,2268.9,0
2017/01/11,61,github_archive,2275.32,0.283
2017/01/12,55,github_archive,2270.44,-0.2145
2017/01/13,57,github_archive,2274.64,0.185
2017/01/17,57,github_archive,2267.89,-0.2968
2017/01/18,56,github_archive,2271.89,0.1764
2017/01/19,53,github_archive,2263.69,-0.3609
2017/01/20,54,github_archive,2271.31,0.3366
2017/01/23,49,github_archive,2265.2,-0.269
2017/01/24,54,github_archive,2280.07,0.6565
2017/01/25,62,github_archive,2298.37,0.8026
2017/01/26,57,github_archive,2296.68,-0.0735
2017/01/27,59,github_archive,2294.69,-0.0866
2017/01/30,53,github_archive,2280.9,-0.601
2017/01/31,54,github_archive,2278.87,-0.089
2017/02/01,53,github_archive,2279.55,0.0298
2017/02/02,51,github_archive,2280.85,0.057
2017/02/03,60,github_archive,2297.42,0.7265
2017/02/06,56,github_archive,2292.56,-0.2115
2017/02/07,56,github_archive,2293.08,0.0227
2017/02/08,61,github_archive,2294.67,0.0693
2017/02/09,69,github_archive,2307.87,0.5753
2017/02/10,69,github_archive,2316.1,0.3566
2017/02/13,74,github_archive,2328.25,0.5246
2017/02/14,79,github_archive,2337.58,0.4007
2017/02/15,80,github_archive,2349.25,0.4992
2017/02/16,78,github_archive,2347.22,-0.0864
2017/02/17,77,github_archive,2351.16,0.1679
2017/02/21,83,github_archive,2365.38,0.6048
2017/02/22,80,github_archive,2362.82,-0.1082
2017/02/23,75,github_archive,2363.81,0.0419
2017/02/24,68,github_archive,2367.34,0.1493
2017/02/27,71,github_archive,2369.75,0.1018
2017/02/28,64,github_archive,2363.64,-0.2578
2017/03/01,81,github_archive,2395.96,1.3674
2017/03/02,75,github_archive,2381.92,-0.586
2017/03/03,74,github_archive,2383.12,0.0504
2017/03/06,69,github_archive,2375.31,-0.3277
2017/03/07,70,github_archive,2368.39,-0.2913
2017/03/08,62,github_archive,2362.98,-0.2284
2017/03/09,62,github_archive,2364.87,0.08
2017/03/10,66,github_archive,2372.6,0.3269
2017/03/13,64,github_archive,2373.47,0.0367
2017/03/14,51,github_archive,2365.45,-0.3379
2017/03/15,53,github_archive,2385.26,0.8375
2017/03/16,51,github_archive,2381.38,-0.1627
2017/03/17,45,github_archive,2378.25,-0.1314
2017/03/20,42,github_archive,2373.47,-0.201
2017/03/21,36,github_archive,2344.02,-1.2408
2017/03/22,32,github_archive,2348.45,0.189
2017/03/23,30,github_archive,2345.96,-0.106
2017/03/24,30,github_archive,2343.98,-0.0844
2017/03/27,29,github_archive,2341.59,-0.102
2017/03/28,34,github_archive,2358.57,0.7251
2017/03/29,34,github_archive,2361.13,0.1085
2017/03/30,43,github_archive,2368.06,0.2935
2017/03/31,47,github_archive,2362.72,-0.2255
2017/04/03,46,github_archive,2358.84,-0.1642
2017/04/04,46,github_archive,2360.16,0.056
2017/04/05,43,github_archive,2352.95,-0.3055
2017/04/06,43,github_archive,2357.49,0.193
2017/04/07,40,github_archive,2355.54,-0.0827
2017/04/10,37,github_archive,2357.16,0.0688
2017/04/11,31,github_archive,2353.78,-0.1434
2017/04/12,28,github_archive,2344.93,-0.376
2017/04/13,25,github_archive,2328.95,-0.6815
2017/04/17,30,github_archive,2349.01,0.8613
2017/04/18,30,github_archive,2342.19,-0.2903
2017/04/19,30,github_archive,2338.17,-0.1716
2017/04/20,34,github_archive,2355.84,0.7557
2017/04/21,35,github_archive,2348.69,-0.3035
2017/04/24,39,github_archive,2374.15,1.084
2017/04/25,46,github_archive,2388.61,0.6091
2017/04/26,48,github_archive,2387.45,-0.0486
2017/04/27,50,github_archive,2388.77,0.0553
2017/04/28,50,github_archive,2384.2,-0.1913
2017/05/01,49,github_archive,2388.33,0.1732
2017/05/02,51,github_archive,2391.17,0.1189
2017/05/03,47,github_archive,2388.13,-0.1271
2017/05/04,45,github_archive,2389.52,0.0582
2017/05/05,47,github_archive,2399.29,0.4089
2017/05/08,49,github_archive,2399.38,0.0037
2017/05/09,50,github_archive,2396.92,-0.1025
2017/05/10,61,github_archive,2399.63,0.1131
2017/05/11,63,github_archive,2394.44,-0.2163
2017/05/12,62,github_archive,2390.9,-0.1478
2017/05/15,64,github_archive,2402.32,0.4777
2017/05/16,66,github_archive,2400.67,-0.0687
2017/05/17,45,github_archive,2357.03,-1.8178
2017/05/18,43,github_archive,2365.72,0.3687
2017/05/19,49,github_archive,2381.73,0.6767
2017/05/22,50,github_archive,2394.02,0.516
2017/05/23,45,github_archive,2398.42,0.1838
2017/05/24,54,github_archive,2404.39,0.2489
2017/05/25,57,github_archive,2415.07,0.4442
2017/05/26,58,github_archive,2415.82,0.0311
2017/05/30,53,github_archive,2412.91,-0.1205
2017/05/31,50,github_archive,2411.8,-0.046
2017/06/01,58,github_archive,2430.06,0.7571
2017/06/02,57,github_archive,2439.07,0.3708
2017/06/05,58,github_archive,2436.1,-0.1218
2017/06/06,55,github_archive,2429.33,-0.2779
2017/06/07,55,github_archive,2433.14,0.1568
2017/06/08,55,github_archive,2433.79,0.0267
2017/06/09,54,github_archive,2431.77,-0.083
2017/06/12,55,github_archive,2429.39,-0.0979
2017/06/13,55,github_archive,2440.35,0.4512
2017/06/14,52,github_archive,2437.92,-0.0996
2017/06/15,52,github_archive,2432.46,-0.224
2017/06/16,50,github_archive,2433.15,0.0284
2017/06/19,57,github_archive,2453.46,0.8347
2017/06/20,48,github_archive,2437.03,-0.6697
2017/06/21,42,github_archive,2435.61,-0.0583
2017/06/22,50,github_archive,2434.5,-0.0456
2017/06/23,52,github_archive,2438.3,0.1561
2017/06/26,53,github_archive,2439.07,0.0316
2017/06/27,48,github_archive,2419.38,-0.8073
2017/06/28,60,github_archive,2440.69,0.8808
2017/06/29,47,github_archive,2419.7,-0.86
2017/06/30,49,github_archive,2423.41,0.1533
2017/07/03,54,github_archive,2429.01,0.2311
2017/07/05,57,github_archive,2432.54,0.1453
2017/07/06,44,github_archive,2409.75,-0.9369
2017/07/07,49,github_archive,2425.18,0.6403
2017/07/10,46,github_archive,2427.43,0.0928
2017/07/11,41,github_archive,2425.53,-0.0783
2017/07/12,47,github_archive,2443.25,0.7306
2017/07/13,54,github_archive,2447.83,0.1875
2017/07/14,64,github_archive,2459.27,0.4674
2017/07/17,67,github_archive,2459.14,-0.0053
2017/07/18,62,github_archive,2460.61,0.0598
2017/07/19,74,github_archive,2473.83,0.5373
2017/07/20,76,github_archive,2473.45,-0.0154
2017/07/21,73,github_archive,2472.54,-0.0368
2017/07/24,72,github_archive,2469.91,-0.1064
2017/07/25,81,github_archive,2477.13,0.2923
2017/07/26,78,github_archive,2477.83,0.0283
2017/07/27,73,github_archive,2475.42,-0.0973
2017/07/28,70,github_archive,2472.1,-0.1341
2017/07/31,70,github_archive,2470.3,-0.0728
2017/08/01,65,github_archive,2476.35,0.2449
2017/08/02,67,github_archive,2477.57,0.0493
2017/08/03,59,github_archive,2472.16,-0.2184
2017/08/04,64,github_archive,2476.83,0.1889
2017/08/07,63,github_archive,2480.91,0.1647
2017/08/08,61,github_archive,2474.92,-0.2414
2017/08/09,54,github_archive,2474.02,-0.0364
2017/08/10,31,github_archive,2438.21,-1.4474
2017/08/11,28,github_archive,2441.32,0.1276
2017/08/14,39,github_archive,2465.84,1.0044
2017/08/15,36,github_archive,2464.61,-0.0499
2017/08/16,34,github_archive,2468.11,0.142
2017/08/17,19,github_archive,2430.01,-1.5437
2017/08/18,17,github_archive,2425.55,-0.1835
2017/08/21,15,github_archive,2428.37,0.1163
2017/08/22,23,github_archive,2452.51,0.9941
2017/08/23,19,github_archive,2444.04,-0.3454
2017/08/24,22,github_archive,2438.97,-0.2074
2017/08/25,27,github_archive,2443.05,0.1673
2017/08/28,29,github_archive,2444.24,0.0487
2017/08/29,28,github_archive,2446.3,0.0843
2017/08/30,35,github_archive,2457.59,0.4615
2017/08/31,43,github_archive,2471.65,0.5721
2017/09/01,50,github_archive,2476.55,0.1983
2017/09/05,35,github_archive,2457.85,-0.7551
2017/09/06,41,github_archive,2465.54,0.3129
2017/09/07,38,github_archive,2465.1,-0.0178
2017/09/08,38,github_archive,2461.43,-0.1489
2017/09/11,53,github_archive,2488.11,1.0839
2017/09/12,63,github_archive,2496.48,0.3364
2017/09/13,68,github_archive,2498.37,0.0757
2017/09/14,68,github_archive,2495.62,-0.1101
2017/09/15,77,github_archive,2500.23,0.1847
2017/09/18,80,github_archive,2503.87,0.1456
2017/09/19,81,github_archive,2506.65,0.111
2017/09/20,79,github_archive,2508.24,0.0634
2017/09/21,73,github_archive,2500.6,-0.3046
2017/09/22,70,github_archive,2502.22,0.0648
2017/09/25,65,github_archive,2496.66,-0.2222
2017/09/26,67,github_archive,2496.84,0.0072
2017/09/27,78,github_archive,2507.04,0.4085
2017/09/28,79,github_archive,2510.06,0.1205
2017/09/29,85,github_archive,2519.36,0.3705
2017/10/02,89,github_archive,2529.12,0.3874
2017/10/03,92,github_archive,2534.58,0.2159
2017/10/04,91,github_archive,2537.74,0.1247
2017/10/05,95,github_archive,2552.07,0.5647
2017/10/06,92,github_archive,2549.33,-0.1074
2017/10/09,84,github_archive,2544.73,-0.1804
2017/10/10,85,github_archive,2550.64,0.2322
2017/10/11,83,github_archive,2555.24,0.1804
2017/10/12,77,github_archive,2550.93,-0.1687
2017/10/13,73,github_archive,2553.17,0.0878
2017/10/16,78,github_archive,2557.64,0.1751
2017/10/17,78,github_archive,2559.36,0.0673
2017/10/18,82,github_archive,2561.26,0.0742
2017/10/19,83,github_archive,2562.1,0.0328
2017/10/20,90,github_archive,2575.21,0.5117
2017/10/23,85,github_archive,2564.98,-0.3972
2017/10/24,87,github_archive,2569.13,0.1618
2017/10/25,75,github_archive,2557.15,-0.4663
2017/10/26,71,github_archive,2560.4,0.1271
2017/10/27,73,github_archive,2581.07,0.8073
2017/10/30,74,github_archive,2572.83,-0.3192
2017/10/31,65,github_archive,2575.26,0.0944
2017/11/01,72,github_archive,2579.36,0.1592
2017/11/02,69,github_archive,2579.85,0.019
2017/11/03,66,github_archive,2587.84,0.3097
2017/11/06,68,github_archive,2591.13,0.1271
2017/11/07,58,github_archive,2590.64,-0.0189
2017/11/08,54,github_archive,2594.38,0.1444
2017/11/09,54,github_archive,2584.62,-0.3762
2017/11/10,54,github_archive,2582.3,-0.0898
2017/11/13,53,github_archive,2584.84,0.0984
2017/11/14,49,github_archive,2578.87,-0.231
2017/11/15,36,github_archive,2564.62,-0.5526
2017/11/16,50,github_archive,2585.64,0.8196
2017/11/17,44,github_archive,2578.85,-0.2626
2017/11/20,50,github_archive,2582.14,0.1276
2017/11/21,54,github_archive,2599.03,0.6541
2017/11/22,54,github_archive,2597.08,-0.075
2017/11/24,59,github_archive,2602.42,0.2056
2017/11/27,51,github_archive,2601.42,-0.0384
2017/11/28,64,github_archive,2627.04,0.9849
2017/11/29,67,github_archive,2626.07,-0.0369
2017/11/30,73,github_archive,2647.58,0.8191
2017/12/01,70,github_archive,2642.22,-0.2025
2017/12/04,64,github_archive,2639.44,-0.1052
2017/12/05,63,github_archive,2629.57,-0.3739
2017/12/06,60,github_archive,2629.27,-0.0114
2017/12/07,60,github_archive,2636.98,0.2932
2017/12/08,64,github_archive,2651.5,0.5506
2017/12/11,62,github_archive,2659.99,0.3202
2017/12/12,66,github_archive,2664.11,0.1549
2017/12/13,67,github_archive,2662.85,-0.0473
2017/12/14,66,github_archive,2652.01,-0.4071
2017/12/15,68,github_archive,2675.81,0.8974
2017/12/18,74,github_archive,2690.16,0.5363
2017/12/19,73,github_archive,2681.47,-0.323
2017/12/20,72,github_archive,2679.25,-0.0828
2017/12/21,68,github_archive,2684.57,0.1986
2017/12/22,66,github_archive,2683.34,-0.0458
2017/12/26,64,github_archive,2680.5,-0.1058
2017/12/27,61,github_archive,2682.62,0.0791
2017/12/28,62,github_archive,2687.54,0.1834
2017/12/29,53,github_archive,2673.61,-0.5183
2018/01/02,63,github_archive,2695.81,0.8303
2018/01/03,67,github_archive,2713.06,0.6399
2018/01/04,72,github_archive,2723.99,0.4029
2018/01/05,75,github_archive,2743.15,0.7034
2018/01/08,75,github_archive,2747.71,0.1662
2018/01/09,76,github_archive,2751.29,0.1303
2018/01/10,75,github_archive,2748.23,-0.1112
2018/01/11,77,github_archive,2767.56,0.7034
2018/01/12,79,github_archive,2786.24,0.675
2018/01/16,75,github_archive,2776.42,-0.3524
2018/01/17,75,github_archive,2802.56,0.9415
2018/01/18,72,github_archive,2798.03,-0.1616
2018/01/19,80,github_archive,2810.3,0.4385
2018/01/22,79,github_archive,2832.97,0.8067
2018/01/23,78,github_archive,2839.13,0.2174
2018/01/24,78,github_archive,2837.54,-0.056
2018/01/25,77,github_archive,2839.25,0.0603
2018/01/26,79,github_archive,2872.87,1.1841
2018/01/29,68,github_archive,2853.53,-0.6732
2018/01/30,62,github_archive,2822.43,-1.0899
2018/01/31,61,github_archive,2823.81,0.0489
2018/02/01,58,github_archive,2821.98,-0.0648
2018/02/02,40,github_archive,2762.13,-2.1209
2018/02/05,17,github_archive,2648.94,-4.0979
2018/02/06,18,github_archive,2695.14,1.7441
2018/02/07,16,github_archive,2681.66,-0.5002
2018/02/08,8,github_archive,2581,-3.7536
2018/02/09,10,github_archive,2619.55,1.4936
2018/02/12,12,github_archive,2656,1.3915
2018/02/13,13,github_archive,2662.94,0.2613
2018/02/14,11,github_archive,2698.63,1.3402
2018/02/15,15,github_archive,2731.2,1.2069
2018/02/16,18,github_archive,2732.22,0.0373
2018/02/20,17,github_archive,2716.26,-0.5841
2018/02/21,18,github_archive,2701.33,-0.5497
2018/02/22,15,github_archive,2703.96,0.0974
2018/02/23,18,github_archive,2747.3,1.6028
2018/02/26,20,github_archive,2779.6,1.1757
2018/02/27,17,github_archive,2744.28,-1.2707
2018/02/28,12,github_archive,2713.83,-1.1096
2018/03/01,8,github_archive,2677.67,-1.3324
2018/03/02,10,github_archive,2691.25,0.5072
2018/03/05,14,github_archive,2720.94,1.1032
2018/03/06,26,github_archive,2728.12,0.2639
2018/03/07,20,github_archive,2726.8,-0.0484
2018/03/08,20,github_archive,2738.97,0.4463
2018/03/09,44,github_archive,2786.57,1.7379
2018/03/12,40,github_archive,2783.02,-0.1274
2018/03/13,36,github_archive,2765.31,-0.6364
2018/03/14,30,github_archive,2749.48,-0.5725
2018/03/15,21,github_archive,2747.33,-0.0782
2018/03/16,19,github_archive,2752.01,0.1703
2018/03/19,14,github_archive,2712.92,-1.4204
2018/03/20,15,github_archive,2716.94,0.1482
2018/03/21,16,github_archive,2711.93,-0.1844
2018/03/22,9,github_archive,2643.69,-2.5163
2018/03/23,7,github_archive,2588.26,-2.0967
2018/03/26,8,github_archive,2658.55,2.7157
2018/03/27,7,github_archive,2612.62,-1.7276
2018/03/28,6,github_archive,2605,-0.2917
2018/03/29,8,github_archive,2640.87,1.377
2018/04/02,7,github_archive,2581.88,-2.2337
2018/04/03,9,github_archive,2614.45,1.2615
2018/04/04,11,github_archive,2644.69,1.1566
2018/04/05,13,github_archive,2662.84,0.6863
2018/04/06,9,github_archive,2604.47,-2.192
2018/04/09,12,github_archive,2613.16,0.3337
2018/04/10,17,github_archive,2656.87,1.6727
2018/04/11,17,github_archive,2642.19,-0.5525
2018/04/12,22,github_archive,2663.99,0.8251
2018/04/13,23,github_archive,2656.3,-0.2887
2018/04/16,25,github_archive,2677.84,0.8109
2018/04/17,28,github_archive,2706.39,1.0662
2018/04/18,32,github_archive,2708.64,0.0831
2018/04/19,32,github_archive,2693.13,-0.5726
2018/04/20,38,github_archive,2670.14,-0.8537
2018/04/23,40,github_archive,2670.29,0.0056
2018/04/24,33,github_archive,2634.56,-1.3381
2018/04/25,38,github_archive,2639.4,0.1837
2018/04/26,42,github_archive,2666.94,1.0434
2018/04/27,40,github_archive,2669.91,0.1114
2018/04/30,42,github_archive,2648.05,-0.8187
2018/05/01,42,github_archive,2654.8,0.2549
2018/05/02,38,github_archive,2635.67,-0.7206
2018/05/03,32,github_archive,2629.73,-0.2254
2018/05/04,40,github_archive,2663.42,1.2811
2018/05/07,44,github_archive,2672.63,0.3458
2018/05/08,41,github_archive,2671.92,-0.0266
2018/05/09,49,github_archive,2697.79,0.9682
2018/05/10,54,github_archive,2723.07,0.9371
2018/05/11,55,github_archive,2727.72,0.1708
2018/05/14,54,github_archive,2730.13,0.0883
2018/05/15,52,github_archive,2711.45,-0.6842
2018/05/16,55,github_archive,2722.46,0.4061
2018/05/17,55,github_archive,2720.13,-0.0856
2018/05/18,52,github_archive,2712.97,-0.2632
2018/05/21,56,github_archive,2733.01,0.7387
2018/05/22,59,github_archive,2724.44,-0.3136
2018/05/23,54,github_archive,2733.29,0.3248
2018/05/24,48,github_archive,2727.76,-0.2023
2018/05/25,44,github_archive,2721.33,-0.2357
2018/05/29,34,github_archive,2689.86,-1.1564
2018/05/30,42,github_archive,2724.01,1.2696
2018/05/31,43,github_archive,2705.27,-0.688
2018/06/01,52,github_archive,2734.62,1.0849
2018/06/04,55,github_archive,2746.87,0.448
2018/06/05,58,github_archive,2748.8,0.0703
2018/06/06,65,github_archive,2772.35,0.8567
2018/06/07,62,github_archive,2770.37,-0.0714
2018/06/08,63,github_archive,2779.03,0.3126
2018/06/11,65,github_archive,2782,0.1069
2018/06/12,65,github_archive,2786.85,0.1743
2018/06/13,63,github_archive,2775.63,-0.4026
2018/06/14,63,github_archive,2782.49,0.2472
2018/06/15,61,github_archive,2779.66,-0.1017
2018/06/18,61,github_archive,2773.75,-0.2126
2018/06/19,53,github_archive,2762.59,-0.4023
2018/06/20,57,github_archive,2767.32,0.1712
2018/06/21,52,github_archive,2749.76,-0.6346
2018/06/22,53,github_archive,2754.88,0.1862
2018/06/25,42,github_archive,2717.07,-1.3725
2018/06/26,47,github_archive,2723.06,0.2205
2018/06/27,36,github_archive,2699.63,-0.8604
2018/06/28,39,github_archive,2716.31,0.6179
2018/06/29,34,github_archive,2718.37,0.0758
2018/07/02,35,github_archive,2726.71,0.3068
2018/07/03,32,github_archive,2713.22,-0.4947
2018/07/05,33,github_archive,2736.61,0.8621
2018/07/06,40,github_archive,2759.82,0.8481
2018/07/09,47,github_archive,2784.17,0.8823
2018/07/10,49,github_archive,2793.84,0.3473
2018/07/11,41,github_archive,2774.02,-0.7094
2018/07/12,49,github_archive,2798.29,0.8749
2018/07/13,47,github_archive,2801.31,0.1079
2018/07/16,45,github_archive,2798.43,-0.1028
2018/07/17,49,github_archive,2809.55,0.3974
2018/07/18,56,github_archive,2815.62,0.2161
2018/07/19,50,github_archive,2804.49,-0.3953
2018/07/20,53,github_archive,2801.83,-0.0948
2018/07/23,58,github_archive,2806.98,0.1838
2018/07/24,64,github_archive,2820.4,0.4781
2018/07/25,70,github_archive,2846.07,0.9102
2018/07/26,72,github_archive,2837.44,-0.3032
2018/07/27,67,github_archive,2818.82,-0.6562
2018/07/30,64,github_archive,2802.6,-0.5754
2018/07/31,66,github_archive,2816.29,0.4885
2018/08/01,66,github_archive,2813.36,-0.104
2018/08/02,68,github_archive,2827.22,0.4926
2018/08/03,71,github_archive,2840.35,0.4644
2018/08/06,72,github_archive,2850.4,0.3538
2018/08/07,73,github_archive,2858.45,0.2824
2018/08/08,74,github_archive,2857.7,-0.0262
2018/08/09,70,github_archive,2853.58,-0.1442
2018/08/10,60,github_archive,2833.28,-0.7114
2018/08/13,56,github_archive,2821.93,-0.4006
2018/08/14,58,github_archive,2839.96,0.6389
2018/08/15,46,github_archive,2818.37,-0.7602
2018/08/16,51,github_archive,2840.69,0.7919
2018/08/17,54,github_archive,2850.13,0.3323
2018/08/20,55,github_archive,2857.05,0.2428
2018/08/21,61,github_archive,2862.96,0.2069
2018/08/22,61,github_archive,2861.82,-0.0398
2018/08/23,59,github_archive,2856.98,-0.1691
2018/08/24,68,github_archive,2874.69,0.6199
2018/08/27,77,github_archive,2896.74,0.767
2018/08/28,74,github_archive,2897.52,0.0269
2018/08/29,78,github_archive,2914.04,0.5701
2018/08/30,73,github_archive,2901.13,-0.443
2018/08/31,71,github_archive,2901.52,0.0134
2018/09/04,67,github_archive,2896.72,-0.1654
2018/09/05,62,github_archive,2888.6,-0.2803
2018/09/06,53,github_archive,2878.05,-0.3652
2018/09/07,52,github_archive,2871.68,-0.2213
2018/09/10,56,github_archive,2877.13,0.1898
2018/09/11,59,github_archive,2887.89,0.374
2018/09/12,59,github_archive,2888.92,0.0357
2018/09/13,72,github_archive,2904.18,0.5282
2018/09/14,73,github_archive,2904.98,0.0275
2018/09/17,67,github_archive,2888.8,-0.557
2018/09/18,73,github_archive,2904.31,0.5369
2018/09/19,71,github_archive,2907.95,0.1253
2018/09/20,74,github_archive,2930.75,0.7841
2018/09/21,75,github_archive,2929.67,-0.0369
2018/09/24,70,github_archive,2919.37,-0.3516
2018/09/25,64,github_archive,2915.56,-0.1305
2018/09/26,53,github_archive,2905.97,-0.3289
2018/09/27,48,github_archive,2914,0.2763
2018/09/28,47,github_archive,2913.98,-0.0007
2018/10/01,49,github_archive,2924.59,0.3641
2018/10/02,45,github_archive,2923.43,-0.0397
2018/10/03,51,github_archive,2925.51,0.0712
2018/10/04,43,github_archive,2901.61,-0.8169
2018/10/05,33,github_archive,2885.57,-0.5528
2018/10/08,28,github_archive,2884.43,-0.0395
2018/10/09,23,github_archive,2880.34,-0.1418
2018/10/10,8,github_archive,2785.68,-3.2864
2018/10/11,5,github_archive,2728.37,-2.0573
2018/10/12,11,github_archive,2767.13,1.4206
2018/10/15,11,github_archive,2750.79,-0.5905
2018/10/16,13,github_archive,2809.92,2.1496
2018/10/17,14,github_archive,2809.21,-0.0253
2018/10/18,12,github_archive,2768.78,-1.4392
2018/10/19,14,github_archive,2767.78,-0.0361
2018/10/22,16,github_archive,2755.88,-0.43
2018/10/23,12,github_archive,2740.69,-0.5512
2018/10/24,6,github_archive,2656.1,-3.0864
2018/10/25,9,github_archive,2705.57,1.8625
2018/10/26,7,github_archive,2658.69,-1.7327
2018/10/29,7,github_archive,2641.25,-0.656
2018/10/30,10,github_archive,2682.63,1.5667
2018/10/31,7,github_archive,2711.74,1.0851
2018/11/01,6,github_archive,2740.37,1.0558
2018/11/02,8,github_archive,2723.06,-0.6317
2018/11/05,9,github_archive,2738.31,0.56
2018/11/06,12,github_archive,2755.45,0.6259
2018/11/07,25,github_archive,2813.89,2.1209
2018/11/08,29,github_archive,2806.83,-0.2509
2018/11/09,18,github_archive,2781.01,-0.9199
2018/11/12,11,github_archive,2726.22,-1.9701
2018/11/13,10,github_archive,2722.18,-0.1482
2018/11/14,7,github_archive,2701.58,-0.7567
2018/11/15,10,github_archive,2730.2,1.0594
2018/11/16,10,github_archive,2736.27,0.2223
2018/11/19,8,github_archive,2690.73,-1.6643
2018/11/20,7,github_archive,2641.89,-1.8151
2018/11/21,13,github_archive,2649.93,0.3043
2018/11/23,9,github_archive,2632.56,-0.6555
2018/11/26,17,github_archive,2673.45,1.5532
2018/11/27,19,github_archive,2682.17,0.3262
2018/11/28,23,github_archive,2743.79,2.2974
2018/11/29,23,github_archive,2737.8,-0.2183
2018/11/30,22,github_archive,2760.17,0.8171
2018/12/03,32,github_archive,2790.37,1.0941
2018/12/04,20,github_archive,2700.06,-3.2365
2018/12/06,15,github_archive,2695.95,-0.1522
2018/12/07,11,github_archive,2633.08,-2.332
2018/12/10,9,github_archive,2637.72,0.1762
2018/12/11,8,github_archive,2636.78,-0.0356
2018/12/12,10,github_archive,2651.07,0.542
2018/12/13,11,github_archive,2650.54,-0.02
2018/12/14,8,github_archive,2599.95,-1.9087
2018/12/17,10,github_archive,2545.94,-2.0773
2018/12/18,8,github_archive,2546.16,0.0086
2018/12/19,8,github_archive,2506.96,-1.5396
2018/12/20,5,github_archive,2467.42,-1.5772
2018/12/21,3,github_archive,2416.62,-2.0588
2018/12/24,2,github_archive,2351.1,-2.7112
2018/12/26,4,github_archive,2467.7,4.9594
2018/12/27,8,github_archive,2488.83,0.8563
2018/12/28,12,github_archive,2485.74,-0.1242
2018/12/31,12,github_archive,2506.85,0.8492
2019/01/02,12,github_archive,2510.03,0.1268
2019/01/03,10,github_archive,2447.89,-2.4757
2019/01/04,16,github_archive,2531.94,3.4336
2019/01/07,19,github_archive,2549.69,0.701
2019/01/08,24,github_archive,2574.41,0.9695
2019/01/09,27,github_archive,2584.96,0.4098
2019/01/10,31,github_archive,2596.64,0.4518
2019/01/11,30,github_archive,2596.26,-0.0146
2019/01/14,28,github_archive,2582.61,-0.5258
2019/01/15,31,github_archive,2610.3,1.0722
2019/01/16,38,github_archive,2616.1,0.2222
2019/01/17,44,github_archive,2635.96,0.7591
2019/01/18,51,github_archive,2670.71,1.3183
2019/01/22,51,github_archive,2632.9,-1.4157
2019/01/23,55,github_archive,2638.7,0.2203
2019/01/24,58,github_archive,2642.33,0.1376
2019/01/25,58,github_archive,2664.76,0.8489
2019/01/28,55,github_archive,2643.85,-0.7847
2019/01/29,55,github_archive,2640,-0.1456
2019/01/30,58,github_archive,2681.05,1.5549
2019/01/31,60,github_archive,2704.1,0.8597
2019/02/01,61,github_archive,2706.53,0.0899
2019/02/04,64,github_archive,2724.87,0.6776
2019/02/05,64,github_archive,2737.7,0.4708
2019/02/06,65,github_archive,2731.61,-0.2224
2019/02/07,62,github_archive,2706.05,-0.9357
2019/02/08,61,github_archive,2707.88,0.0676
2019/02/11,62,github_archive,2709.8,0.0709
2019/02/12,67,github_archive,2744.73,1.289
2019/02/13,67,github_archive,2753.03,0.3024
2019/02/14,65,github_archive,2745.73,-0.2652
2019/02/15,70,github_archive,2775.6,1.0879
2019/02/19,68,github_archive,2779.76,0.1499
2019/02/20,70,github_archive,2784.7,0.1777
2019/02/21,68,github_archive,2774.88,-0.3526
2019/02/22,69,github_archive,2792.67,0.6411
2019/02/25,70,github_archive,2796.11,0.1232
2019/02/26,70,github_archive,2793.9,-0.079
2019/02/27,72,github_archive,2792.38,-0.0544
2019/02/28,72,github_archive,2784.49,-0.2826
2019/03/01,72,github_archive,2803.69,0.6895
2019/03/04,66,github_archive,2792.81,-0.3881
2019/03/05,66,github_archive,2789.65,-0.1132
2019/03/06,63,github_archive,2771.45,-0.6524
2019/03/07,59,github_archive,2748.93,-0.8126
2019/03/08,55,github_archive,2743.07,-0.2132
2019/03/11,59,github_archive,2783.3,1.4666
2019/03/12,58,github_archive,2791.52,0.2953
2019/03/13,60,github_archive,2810.92,0.695
2019/03/14,60,github_archive,2808.48,-0.0868
2019/03/15,65,github_archive,2822.48,0.4985
2019/03/18,65,github_archive,2832.94,0.3706
2019/03/19,67,github_archive,2832.57,-0.0131
2019/03/20,62,github_archive,2824.23,-0.2944
2019/03/21,68,github_archive,2854.88,1.0852
2019/03/22,59,github_archive,2800.71,-1.8975
2019/03/25,56,github_archive,2798.36,-0.0839
2019/03/26,54,github_archive,2818.46,0.7183
2019/03/27,51,github_archive,2805.37,-0.4644
2019/03/28,48,github_archive,2815.44,0.3589
2019/03/29,49,github_archive,2834.4,0.6734
2019/04/01,54,github_archive,2867.19,1.1569
2019/04/02,56,github_archive,2867.24,0.0017
2019/04/03,62,github_archive,2873.4,0.2148
2019/04/04,70,github_archive,2879.39,0.2085
2019/04/05,74,github_archive,2892.74,0.4636
2019/04/08,74,github_archive,2895.77,0.1047
2019/04/09,70,github_archive,2878.2,-0.6067
2019/04/10,69,github_archive,2888.21,0.3478
2019/04/11,68,github_archive,2888.32,0.0038
2019/04/12,74,github_archive,2907.41,0.6609
2019/04/15,68,github_archive,2905.58,-0.0629
2019/04/16,70,github_archive,2907.06,0.0509
2019/04/17,71,github_archive,2900.45,-0.2274
2019/04/18,70,github_archive,2905.03,0.1579
2019/04/22,71,github_archive,2907.97,0.1012
2019/04/23,75,github_archive,2933.68,0.8841
2019/04/24,70,github_archive,2927.25,-0.2192
2019/04/25,71,github_archive,2926.17,-0.0369
2019/04/26,72,github_archive,2939.88,0.4685
2019/04/29,71,github_archive,2943.03,0.1072
2019/04/30,66,github_archive,2945.83,0.0951
2019/05/01,62,github_archive,2923.73,-0.7502
2019/05/02,59,github_archive,2917.52,-0.2124
2019/05/03,60,github_archive,2945.64,0.9638
2019/05/06,55,github_archive,2932.47,-0.4471
2019/05/07,40,github_archive,2884.05,-1.6512
2019/05/08,42,github_archive,2879.42,-0.1605
2019/05/09,40,github_archive,2870.72,-0.3021
2019/05/10,44,github_archive,2881.4,0.372
2019/05/13,32,github_archive,2811.87,-2.4131
2019/05/14,35,github_archive,2834.41,0.8016
2019/05/15,35,github_archive,2850.96,0.5839
2019/05/16,39,github_archive,2876.32,0.8895
2019/05/17,36,github_archive,2859.53,-0.5837
2019/05/20,34,github_archive,2840.23,-0.6749
2019/05/21,34,github_archive,2864.36,0.8496
2019/05/22,32,github_archive,2856.27,-0.2824
2019/05/23,28,github_archive,2822.24,-1.1914
2019/05/24,27,github_archive,2826.06,0.1354
2019/05/28,25,github_archive,2802.39,-0.8376
2019/05/29,23,github_archive,2783.02,-0.6912
2019/05/30,24,github_archive,2788.86,0.2098
2019/05/31,24,github_archive,2752.06,-1.3195
2019/06/03,23,github_archive,2744.45,-0.2765
2019/06/04,26,github_archive,2803.27,2.1432
2019/06/05,29,github_archive,2826.15,0.8162
2019/06/06,29,github_archive,2843.49,0.6136
2019/06/07,32,github_archive,2873.34,1.0498
2019/06/10,37,github_archive,2886.73,0.466
2019/06/11,36,github_archive,2885.72,-0.035
2019/06/12,34,github_archive,2879.84,-0.2038
2019/06/13,39,github_archive,2891.64,0.4097
2019/06/14,38,github_archive,2886.98,-0.1612
2019/06/17,37,github_archive,2889.67,0.0932
2019/06/18,44,github_archive,2917.75,0.9717
2019/06/19,42,github_archive,2926.46,0.2985
2019/06/20,45,github_archive,2954.18,0.9472
2019/06/21,50,github_archive,2950.46,-0.1259
2019/06/24,50,github_archive,2945.35,-0.1732
2019/06/25,44,github_archive,2917.38,-0.9496
2019/06/26,48,github_archive,2913.78,-0.1234
2019/06/27,47,github_archive,2924.92,0.3823
2019/06/28,50,github_archive,2941.76,0.5757
2019/07/01,55,github_archive,2964.33,0.7672
2019/07/02,56,github_archive,2973.01,0.2928
2019/07/03,63,github_archive,2995.82,0.7672
2019/07/05,61,github_archive,2990.41,-0.1806
2019/07/08,59,github_archive,2975.95,-0.4835
2019/07/09,56,github_archive,2979.63,0.1237
2019/07/10,58,github_archive,2993.07,0.4511
2019/07/11,62,github_archive,2999.91,0.2285
2019/07/12,64,github_archive,3013.77,0.462
2019/07/15,57,github_archive,3014.3,0.0176
2019/07/16,55,github_archive,3004.04,-0.3404
2019/07/17,47,github_archive,2984.42,-0.6531
2019/07/18,47,github_archive,2995.11,0.3582
2019/07/19,44,github_archive,2976.61,-0.6177
2019/07/22,44,github_archive,2985.03,0.2829
2019/07/23,50,github_archive,3005.47,0.6847
2019/07/24,57,github_archive,3019.56,0.4688
2019/07/25,55,github_archive,3003.67,-0.5262
2019/07/26,60,github_archive,3025.86,0.7388
2019/07/29,58,github_archive,3020.97,-0.1616
2019/07/30,53,github_archive,3013.18,-0.2579
2019/07/31,48,github_archive,2980.38,-1.0886
2019/08/01,43,github_archive,2953.56,-0.8999
2019/08/02,36,github_archive,2932.05,-0.7283
2019/08/05,22,github_archive,2844.74,-2.9778
2019/08/06,27,github_archive,2881.77,1.3017
2019/08/07,25,github_archive,2883.98,0.0767
2019/08/08,25,github_archive,2938.09,1.8762
2019/08/09,25,github_archive,2918.65,-0.6617
2019/08/12,23,github_archive,2882.7,-1.2317
2019/08/13,27,github_archive,2926.32,1.5132
2019/08/14,21,github_archive,2840.6,-2.9293
2019/08/15,19,github_archive,2847.6,0.2464
2019/08/16,20,github_archive,2888.68,1.4426
2019/08/19,26,github_archive,2923.65,1.2106
2019/08/20,23,github_archive,2900.51,-0.7915
2019/08/21,25,github_archive,2924.43,0.8247
2019/08/22,25,github_archive,2922.95,-0.0506
2019/08/23,18,github_archive,2847.11,-2.5946
2019/08/26,19,github_archive,2878.38,1.0983
2019/08/27,16,github_archive,2869.16,-0.3203
2019/08/28,18,github_archive,2887.94,0.6545
2019/08/29,26,github_archive,2924.58,1.2687
2019/08/30,23,github_archive,2926.46,0.0643
2019/09/03,25,github_archive,2906.27,-0.6899
2019/09/04,28,github_archive,2937.78,1.0842
2019/09/05,39,github_archive,2976,1.301
2019/09/06,35,github_archive,2978.71,0.0911
2019/09/09,45,github_archive,2978.43,-0.0094
2019/09/10,55,github_archive,2979.39,0.0322
2019/09/11,57,github_archive,3000.93,0.723
2019/09/12,65,github_archive,3009.57,0.2879
2019/09/13,68,github_archive,3007.39,-0.0724
2019/09/16,67,github_archive,2997.96,-0.3136
2019/09/17,66,github_archive,3005.7,0.2582
2019/09/18,66,github_archive,3006.73,0.0343
2019/09/19,63,github_archive,3006.79,0.002
2019/09/20,58,github_archive,2992.07,-0.4896
2019/09/23,59,github_archive,2991.78,-0.0097
2019/09/24,54,github_archive,2966.6,-0.8416
2019/09/25,59,github_archive,2984.87,0.6159
2019/09/26,57,github_archive,2977.62,-0.2429
2019/09/27,52,github_archive,2961.79,-0.5316
2019/09/30,54,github_archive,2976.74,0.5048
2019/10/01,48,github_archive,2940.25,-1.2258
2019/10/02,34,github_archive,2887.61,-1.7903
2019/10/03,29,github_archive,2910.63,0.7972
2019/10/04,32,github_archive,2952.01,1.4217
2019/10/07,30,github_archive,2938.79,-0.4478
2019/10/08,29,github_archive,2893.06,-1.5561
2019/10/09,30,github_archive,2919.4,0.9104
2019/10/10,36,github_archive,2938.13,0.6416
2019/10/11,42,github_archive,2970.27,1.0939
2019/10/14,42,github_archive,2966.15,-0.1387
2019/10/15,42,github_archive,2995.68,0.9956
2019/10/16,47,github_archive,2989.69,-0.2
2019/10/17,50,github_archive,2997.95,0.2763
2019/10/18,50,github_archive,2986.2,-0.3919
2019/10/21,56,github_archive,3006.72,0.6872
2019/10/22,59,github_archive,2995.99,-0.3569
2019/10/23,55,github_archive,3004.52,0.2847
2019/10/24,57,github_archive,3010.29,0.192
2019/10/25,62,github_archive,3022.55,0.4073
2019/10/28,67,github_archive,3039.42,0.5581
2019/10/29,71,github_archive,3036.89,-0.0832
2019/10/30,75,github_archive,3046.77,0.3253
2019/10/31,72,github_archive,3037.56,-0.3023
2019/11/01,80,github_archive,3066.91,0.9662
2019/11/04,86,github_archive,3078.27,0.3704
2019/11/05,89,github_archive,3074.62,-0.1186
2019/11/06,88,github_archive,3076.78,0.0702
2019/11/07,91,github_archive,3085.18,0.273
2019/11/08,91,github_archive,3093.08,0.2561
2019/11/11,89,github_archive,3087.01,-0.1962
2019/11/12,88,github_archive,3091.84,0.1565
2019/11/13,87,github_archive,3094.04,0.0712
2019/11/14,83,github_archive,3096.63,0.0837
2019/11/15,87,github_archive,3120.46,0.7695
2019/11/18,83,github_archive,3122.03,0.0503
2019/11/19,80,github_archive,3120.18,-0.0593
2019/11/20,74,github_archive,3108.46,-0.3756
2019/11/21,70,github_archive,3103.54,-0.1583
2019/11/22,69,github_archive,3110.29,0.2175
2019/11/25,70,github_archive,3133.64,0.7507
2019/11/26,69,github_archive,3140.52,0.2196
2019/11/27,78,github_archive,3153.63,0.4174
2019/11/29,78,github_archive,3140.98,-0.4011
2019/12/02,74,github_archive,3113.87,-0.8631
2019/12/03,63,github_archive,3093.2,-0.6638
2019/12/04,67,github_archive,3112.76,0.6324
2019/12/05,67,github_archive,3117.43,0.15
2019/12/06,70,github_archive,3145.91,0.9136
2019/12/09,68,github_archive,3135.96,-0.3163
2019/12/10,65,github_archive,3132.52,-0.1097
2019/12/11,61,github_archive,3141.63,0.2908
2019/12/12,74,github_archive,3168.57,0.8575
2019/12/13,75,github_archive,3168.8,0.0073
2019/12/16,82,github_archive,3191.45,0.7148
2019/12/17,85,github_archive,3192.52,0.0335
2019/12/18,87,github_archive,3191.14,-0.0432
2019/12/19,90,github_archive,3205.37,0.4459
2019/12/20,91,github_archive,3221.22,0.4945
2019/12/23,92,github_archive,3224.01,0.0866
2019/12/24,91,github_archive,3223.38,-0.0195
2019/12/26,93,github_archive,3239.91,0.5128
2019/12/27,91,github_archive,3240.02,0.0034
2019/12/30,90,github_archive,3221.29,-0.5781
2019/12/31,93,github_archive,3230.78,0.2946
2020/01/02,97,github_archive,3257.85,0.8379
2020/01/03,93,github_archive,3234.85,-0.706
2020/01/06,93,github_archive,3246.28,0.3533
2020/01/07,89,github_archive,3237.18,-0.2803
2020/01/08,92,github_archive,3253.05,0.4902
2020/01/09,93,github_archive,3274.7,0.6655
2020/01/10,91,github_archive,3265.35,-0.2855
2020/01/13,90,github_archive,3288.13,0.6976
2020/01/14,90,github_archive,3283.15,-0.1515
2020/01/15,86,github_archive,3289.29,0.187
2020/01/16,89,github_archive,3316.81,0.8367
2020/01/17,89,github_archive,3329.62,0.3862
2020/01/21,81,github_archive,3320.79,-0.2652
2020/01/22,74,github_archive,3321.75,0.0289
2020/01/23,68,github_archive,3325.54,0.1141
2020/01/24,62,github_archive,3295.47,-0.9042
2020/01/27,47,github_archive,3243.63,-1.5731
2020/01/28,53,github_archive,3276.24,1.0054
2020/01/29,52,github_archive,3273.4,-0.0867
2020/01/30,56,github_archive,3283.66,0.3134
2020/01/31,44,github_archive,3225.52,-1.7706
2020/02/03,46,github_archive,3248.92,0.7255
2020/02/04,55,github_archive,3297.59,1.498
2020/02/05,60,github_archive,3334.69,1.1251
2020/02/06,63,github_archive,3345.78,0.3326
2020/02/07,57,github_archive,3327.71,-0.5401
2020/02/10,57,github_archive,3352.09,0.7326
2020/02/11,56,github_archive,3357.75,0.1688
2020/02/12,60,github_archive,3379.45,0.6463
2020/02/13,58,github_archive,3373.94,-0.163
2020/02/14,55,github_archive,3380.16,0.1844
2020/02/18,51,github_archive,3370.29,-0.292
2020/02/19,53,github_archive,3386.15,0.4706
2020/02/20,49,github_archive,3373.23,-0.3816
2020/02/21,44,github_archive,3337.75,-1.0518
2020/02/24,29,github_archive,3225.89,-3.3514
2020/02/25,22,github_archive,3128.21,-3.028
2020/02/26,21,github_archive,3116.39,-0.3779
2020/02/27,13,github_archive,2978.76,-4.4163
2020/02/28,10,github_archive,2954.22,-0.8238
2020/03/02,12,github_archive,3090.23,4.6039
2020/03/03,10,github_archive,3003.37,-2.8108
2020/03/04,15,github_archive,3130.12,4.2203
2020/03/05,9,github_archive,3023.94,-3.3922
2020/03/06,6,github_archive,2972.37,-1.7054
2020/03/09,3,github_archive,2746.56,-7.597
2020/03/10,6,github_archive,2882.23,4.9396
2020/03/11,4,github_archive,2741.38,-4.8868
2020/03/12,2,github_archive,2480.64,-9.5113
2020/03/13,5,github_archive,2711.02,9.2871
2020/03/16,3,github_archive,2386.13,-11.9841
2020/03/17,5,github_archive,2529.19,5.9955
2020/03/18,5,github_archive,2398.1,-5.1831
2020/03/19,7,github_archive,2409.39,0.4708
2020/03/20,8,github_archive,2304.92,-4.336
2020/03/23,5,github_archive,2237.4,-2.9294
2020/03/24,13,github_archive,2447.33,9.3828
2020/03/25,17,github_archive,2475.56,1.1535
2020/03/26,22,github_archive,2630.07,6.2414
2020/03/27,23,github_archive,2541.47,-3.3687
2020/03/30,25,github_archive,2626.65,3.3516
2020/03/31,25,github_archive,2584.59,-1.6013
2020/04/01,22,github_archive,2470.5,-4.4142
2020/04/02,22,github_archive,2526.9,2.2829
2020/04/03,22,github_archive,2488.65,-1.5137
2020/04/06,32,github_archive,2663.68,7.0331
2020/04/07,26,github_archive,2659.41,-0.1603
2020/04/08,33,github_archive,2749.98,3.4056
2020/04/09,43,github_archive,2789.82,1.4487
2020/04/13,36,github_archive,2761.63,-1.0105
2020/04/14,45,github_archive,2846.06,3.0573
2020/04/15,41,github_archive,2783.36,-2.203
2020/04/16,42,github_archive,2799.55,0.5817
2020/04/17,44,github_archive,2874.56,2.6794
2020/04/20,41,github_archive,2823.16,-1.7881
2020/04/21,40,github_archive,2736.56,-3.0675
2020/04/22,41,github_archive,2799.31,2.293
2020/04/23,40,github_archive,2797.8,-0.0539
2020/04/24,39,github_archive,2836.74,1.3918
2020/04/27,43,github_archive,2878.48,1.4714
2020/04/28,41,github_archive,2863.39,-0.5242
2020/04/29,46,github_archive,2939.51,2.6584
2020/04/30,47,github_archive,2912.43,-0.9212
2020/05/01,42,github_archive,2830.71,-2.8059
2020/05/04,44,github_archive,2842.74,0.425
2020/05/05,44,github_archive,2868.44,0.9041
2020/05/06,40,github_archive,2848.42,-0.6979
2020/05/07,41,github_archive,2881.19,1.1505
2020/05/08,45,github_archive,2929.8,1.6872
2020/05/11,44,github_archive,2930.19,0.0133
2020/05/12,38,github_archive,2870.12,-2.05
2020/05/13,38,github_archive,2820,-1.7463
2020/05/14,39,github_archive,2852.5,1.1525
2020/05/15,39,github_archive,2863.7,0.3926
2020/05/18,49,github_archive,2953.91,3.1501
2020/05/19,47,github_archive,2922.94,-1.0484
2020/05/20,53,github_archive,2971.61,1.6651
2020/05/21,52,github_archive,2948.51,-0.7774
2020/05/22,50,github_archive,2955.45,0.2354
2020/05/26,51,github_archive,2991.77,1.2289
2020/05/27,54,github_archive,3036.13,1.4827
2020/05/28,50,github_archive,3029.73,-0.2108
2020/05/29,52,github_archive,3044.31,0.4812
2020/06/01,58,github_archive,3055.73,0.3751
2020/06/02,58,github_archive,3080.82,0.8211
2020/06/03,61,github_archive,3122.87,1.3649
2020/06/04,62,github_archive,3112.35,-0.3369
2020/06/05,66,github_archive,3193.93,2.6212
2020/06/08,67,github_archive,3232.39,1.2042
2020/06/09,67,github_archive,3207.18,-0.7799
2020/06/10,67,github_archive,3190.14,-0.5313
2020/06/11,56,github_archive,3002.1,-5.8944
2020/06/12,54,github_archive,3041.31,1.3061
2020/06/15,53,github_archive,3066.59,0.8312
2020/06/16,52,github_archive,3124.74,1.8962
2020/06/17,52,github_archive,3113.49,-0.36
2020/06/18,51,github_archive,3115.34,0.0594
2020/06/19,52,github_archive,3097.74,-0.5649
2020/06/22,52,github_archive,3117.86,0.6495
2020/06/23,52,github_archive,3131.29,0.4307
2020/06/24,48,github_archive,3050.33,-2.5855
2020/06/25,49,github_archive,3083.76,1.0959
2020/06/26,45,github_archive,3009.05,-2.4227
2020/06/29,48,github_archive,3053.24,1.4686
2020/06/30,47,github_archive,3100.29,1.541
2020/07/01,48,github_archive,3115.86,0.5022
2020/07/02,50,github_archive,3130.01,0.4541
2020/07/06,51,github_archive,3179.72,1.5882
2020/07/07,49,github_archive,3145.32,-1.0819
2020/07/08,52,github_archive,3169.94,0.7827
2020/07/09,53,github_archive,3152.05,-0.5644
2020/07/10,59,github_archive,3185.04,1.0466
2020/07/13,53,github_archive,3155.22,-0.9363
2020/07/14,62,github_archive,3197.52,1.3406
2020/07/15,63,github_archive,3226.56,0.9082
2020/07/16,62,github_archive,3215.57,-0.3406
2020/07/17,63,github_archive,3224.73,0.2849
2020/07/20,66,github_archive,3251.84,0.8407
2020/07/21,65,github_archive,3257.3,0.1679
2020/07/22,65,github_archive,3276.02,0.5747
2020/07/23,68,github_archive,3235.66,-1.232
2020/07/24,63,github_archive,3215.63,-0.619
2020/07/27,66,github_archive,3239.41,0.7395
2020/07/28,62,github_archive,3218.44,-0.6473
2020/07/29,65,github_archive,3258.44,1.2428
2020/07/30,61,github_archive,3246.22,-0.375
2020/07/31,65,github_archive,3271.12,0.7671
2020/08/03,67,github_archive,3294.61,0.7181
2020/08/04,68,github_archive,3306.51,0.3612
2020/08/05,70,github_archive,3327.77,0.643
2020/08/06,74,github_archive,3349.16,0.6428
2020/08/07,72,github_archive,3351.28,0.0633
2020/08/10,75,github_archive,3360.47,0.2742
2020/08/11,71,github_archive,3333.69,-0.7969
2020/08/12,74,github_archive,3380.35,1.3997
2020/08/13,72,github_archive,3373.43,-0.2047
2020/08/14,72,github_archive,3372.85,-0.0172
2020/08/17,71,github_archive,3381.99,0.271
2020/08/18,70,github_archive,3389.78,0.2303
2020/08/19,68,github_archive,3374.85,-0.4404
2020/08/20,70,github_archive,3385.51,0.3159
2020/08/21,70,github_archive,3397.16,0.3441
2020/08/24,73,github_archive,3431.28,1.0044
2020/08/25,74,github_archive,3443.62,0.3596
2020/08/26,75,github_archive,3478.73,1.0196
2020/08/27,76,github_archive,3484.55,0.1673
2020/08/28,78,github_archive,3508.01,0.6733
2020/08/31,74,github_archive,3500.31,-0.2195
2020/09/01,77,github_archive,3526.65,0.7525
2020/09/02,78,github_archive,3580.84,1.5366
2020/09/03,58,github_archive,3455.06,-3.5126
2020/09/04,59,github_archive,3426.96,-0.8133
2020/09/08,54,github_archive,3331.84,-2.7756
2020/09/09,66,github_archive,3398.96,2.0145
2020/09/10,59,github_archive,3339.19,-1.7585
2020/09/11,58,github_archive,3340.97,0.0533
2020/09/14,59,github_archive,3383.54,1.2742
2020/09/15,59,github_archive,3401.2,0.5219
2020/09/16,56,github_archive,3385.49,-0.4619
2020/09/17,53,github_archive,3357.01,-0.8412
2020/09/18,52,github_archive,3319.47,-1.1183
2020/09/19,53,github_archive,,
2020/09/20,53,github_archive,,
2020/09/21,51,github_archive,3281.06,-1.1571
2020/09/22,52,github_archive,3315.57,1.0518
2020/09/23,46,github_archive,3236.92,-2.3721
2020/09/24,48,github_archive,3246.59,0.2987
2020/09/25,49,github_archive,3298.46,1.5977
2020/09/26,48,github_archive,,
2020/09/27,48,github_archive,,
2020/09/28,50,github_archive,3351.6,1.6111
2020/09/29,44,github_archive,3335.47,-0.4813
2020/09/30,45,github_archive,3363,0.8254
2020/10/01,41,github_archive,3380.8,0.5293
2020/10/02,40,github_archive,3348.42,-0.9578
2020/10/03,41,github_archive,,
2020/10/04,41,github_archive,,
2020/10/05,45,github_archive,3408.6,1.7973
2020/10/06,44,github_archive,3360.97,-1.3974
2020/10/07,51,github_archive,3419.44,1.7397
2020/10/08,53,github_archive,3446.83,0.801
2020/10/09,55,github_archive,3477.14,0.8794
2020/10/10,53,github_archive,,
2020/10/11,54,github_archive,,
2020/10/12,60,github_archive,3534.22,1.6416
2020/10/13,56,github_archive,3511.93,-0.6307
2020/10/14,55,github_archive,3488.67,-0.6623
2020/10/15,59,github_archive,3483.34,-0.1528
2020/10/16,62,github_archive,3483.81,0.0135
2020/10/17,59,github_archive,,
2020/10/18,62,github_archive,,
2020/10/19,59,github_archive,3426.92,-1.633
2020/10/20,58,github_archive,3443.12,0.4727
2020/10/21,63,github_archive,3435.56,-0.2196
2020/10/22,69,github_archive,3453.49,0.5219
2020/10/23,67,github_archive,3465.39,0.3446
2020/10/24,69,github_archive,,
2020/10/25,69,github_archive,,
2020/10/26,44,github_archive,3400.97,-1.859
2020/10/27,47,github_archive,3390.68,-0.3026
2020/10/28,33,github_archive,3271.03,-3.5288
2020/10/29,33,github_archive,3310.11,1.1947
2020/10/30,29,github_archive,3269.96,-1.213
2020/10/31,32,github_archive,,
2020/11/01,32,github_archive,,
2020/11/02,25,github_archive,3310.24,1.2318
2020/11/03,32,github_archive,3369.16,1.7799
2020/11/04,36,github_archive,3443.44,2.2047
2020/11/05,41,github_archive,3510.45,1.946
2020/11/06,40,github_archive,3509.44,-0.0288
2020/11/07,38,github_archive,,
2020/11/08,40,github_archive,,
2020/11/09,54,github_archive,3550.5,1.17
2020/11/10,58,github_archive,3545.53,-0.14
2020/11/11,66,github_archive,3572.66,0.7652
2020/11/12,55,github_archive,3537.01,-0.9979
2020/11/13,59,github_archive,3585.15,1.361
2020/11/14,56,github_archive,,
2020/11/15,59,github_archive,,
2020/11/16,71,github_archive,3626.91,1.1648
2020/11/17,67,github_archive,3609.53,-0.4792
2020/11/18,63,github_archive,3567.79,-1.1564
2020/11/19,64,github_archive,3581.87,0.3946
2020/11/20,62,github_archive,3557.54,-0.6793
2020/11/21,64,github_archive,,
2020/11/22,64,github_archive,,
2020/11/23,75,github_archive,3577.59,0.5636
2020/11/24,88,github_archive,3635.41,1.6162
2020/11/25,91,github_archive,3629.65,-0.1584
2020/11/26,91,github_archive,,
2020/11/27,92,github_archive,3638.35,0.2397
2020/11/28,91,github_archive,,
2020/11/29,91,github_archive,,
2020/11/30,88,github_archive,3621.63,-0.4596
2020/12/01,85,github_archive,3662.45,1.1271
2020/12/02,87,github_archive,3669.01,0.1791
2020/12/03,85,github_archive,3666.72,-0.0624
2020/12/04,89,github_archive,3699.12,0.8836
2020/12/05,85,github_archive,,
2020/12/06,89,github_archive,,
2020/12/07,88,github_archive,3691.96,-0.1936
2020/12/08,82,github_archive,3702.25,0.2787
2020/12/09,80,github_archive,3672.82,-0.7949
2020/12/10,77,github_archive,3668.1,-0.1285
2020/12/11,76,github_archive,3663.46,-0.1265
2020/12/12,77,github_archive,,
2020/12/13,77,github_archive,,
2020/12/14,69,github_archive,3647.49,-0.4359
2020/12/15,69,github_archive,3694.62,1.2921
2020/12/16,69,github_archive,3701.17,0.1773
2020/12/17,71,github_archive,3722.48,0.5758
2020/12/18,63,github_archive,3709.41,-0.3511
2020/12/19,65,github_archive,,
2020/12/20,65,github_archive,,
2020/12/21,63,github_archive,3694.92,-0.3906
2020/12/22,59,github_archive,3687.26,-0.2073
2020/12/23,57,github_archive,3690.01,0.0746
2020/12/24,54,github_archive,3703.06,0.3537
2020/12/25,57,github_archive,,
2020/12/26,57,github_archive,,
2020/12/27,57,github_archive,,
2020/12/28,54,github_archive,3735.36,0.8723
2020/12/29,52,github_archive,3727.04,-0.2227
2020/12/30,50,github_archive,3732.04,0.1342
2020/12/31,51,github_archive,3756.07,0.6439
2021/01/01,50,github_archive,,
2021/01/02,50,github_archive,,
2021/01/03,51,github_archive,,
2021/01/04,52,github_archive,3700.65,-1.4755
2021/01/05,53,github_archive,3726.86,0.7083
2021/01/06,59,github_archive,3748.14,0.571
2021/01/07,66,github_archive,3803.79,1.4847
2021/01/08,71,github_archive,3824.68,0.5492
2021/01/09,66,github_archive,,
2021/01/10,71,github_archive,,
2021/01/11,65,github_archive,3799.61,-0.6555
2021/01/12,69,github_archive,3801.19,0.0416
2021/01/13,70,github_archive,3809.84,0.2276
2021/01/14,67,github_archive,3795.54,-0.3753
2021/01/15,60,github_archive,3768.25,-0.719
2021/01/16,67,github_archive,,
2021/01/17,67,github_archive,,
2021/01/18,67,github_archive,,
2021/01/19,61,github_archive,3798.91,0.8136
2021/01/20,69,github_archive,3851.85,1.3936
2021/01/21,63,github_archive,3853.07,0.0317
2021/01/22,69,github_archive,3841.47,-0.3011
2021/01/23,63,github_archive,,
2021/01/24,63,github_archive,,
2021/01/25,66,github_archive,3855.36,0.3616
2021/01/26,62,github_archive,3849.62,-0.1489
2021/01/27,40,github_archive,3750.77,-2.5678
2021/01/28,45,github_archive,3787.38,0.9761
2021/01/29,38,github_archive,3714.24,-1.9311
2021/01/30,41,github_archive,,
2021/01/31,41,github_archive,,
2021/02/01,39,github_archive,3773.86,1.6052
2021/02/02,58,github_archive,3826.31,1.3898
2021/02/03,50,github_archive,3830.17,0.1009
2021/02/04,60,github_archive,3871.74,1.0853
2021/02/05,60,github_archive,3886.83,0.3897
2021/02/06,53,github_archive,,
2021/02/07,53,github_archive,,
2021/02/08,56,github_archive,3915.59,0.7399
2021/02/09,65,github_archive,3911.23,-0.1114
2021/02/10,63,github_archive,3909.88,-0.0345
2021/02/11,66,github_archive,3916.38,0.1662
2021/02/12,73,github_archive,3934.83,0.4711
2021/02/13,58,github_archive,,
2021/02/14,58,github_archive,,
2021/02/15,63,github_archive,,
2021/02/16,71,github_archive,3932.59,-0.0569
2021/02/17,66,github_archive,3931.33,-0.032
2021/02/18,59,github_archive,3913.97,-0.4416
2021/02/19,59,github_archive,3906.71,-0.1855
2021/02/20,59,github_archive,,
2021/02/21,59,github_archive,,
2021/02/22,58,github_archive,3876.5,-0.7733
2021/02/23,57,github_archive,3881.37,0.1256
2021/02/24,63,github_archive,3925.43,1.1352
2021/02/25,58,github_archive,3829.34,-2.4479
2021/02/26,48,github_archive,3811.15,-0.475
2021/02/27,58,github_archive,,
2021/02/28,58,github_archive,,
2021/03/01,58,github_archive,3901.82,2.3791
2021/03/02,50,github_archive,3870.29,-0.8081
2021/03/03,43,github_archive,3819.72,-1.3066
2021/03/04,37,github_archive,3768.47,-1.3417
2021/03/05,41,github_archive,3841.94,1.9496
2021/03/06,48,github_archive,,
2021/03/07,51,github_archive,,
2021/03/08,39,github_archive,3821.35,-0.5359
2021/03/09,43,github_archive,3875.44,1.4155
2021/03/10,45,github_archive,3898.81,0.603
2021/03/11,50,github_archive,3939.34,1.0395
2021/03/12,53,github_archive,3943.34,0.1015
2021/03/13,56,github_archive,,
2021/03/14,59,github_archive,,
2021/03/15,56,github_archive,3968.94,0.6492
2021/03/16,54,github_archive,3962.71,-0.157
2021/03/17,57,github_archive,3974.12,0.2879
2021/03/18,52,github_archive,3915.46,-1.4761
2021/03/19,50,github_archive,3913.1,-0.0603
2021/03/20,55,github_archive,,
2021/03/21,55,github_archive,,
2021/03/22,50,github_archive,3940.59,0.7025
2021/03/23,41,github_archive,3910.52,-0.7631
2021/03/24,37,github_archive,3889.14,-0.5467
2021/03/25,37,github_archive,3909.52,0.524
2021/03/26,37,github_archive,3974.54,1.6631
2021/03/27,40,github_archive,,
2021/03/28,52,github_archive,,
2021/03/29,39,github_archive,3971.09,-0.0868
2021/03/30,42,github_archive,3958.55,-0.3158
2021/03/31,44,github_archive,3972.89,0.3622
2021/04/01,46,github_archive,4019.87,1.1825
2021/04/02,51,github_archive,,
2021/04/03,51,github_archive,,
2021/04/04,58,github_archive,,
2021/04/05,54,github_archive,4077.91,1.4438
2021/04/06,53,github_archive,4073.94,-0.0974
2021/04/07,52,github_archive,4079.95,0.1475
2021/04/08,48,github_archive,4097.17,0.4221
2021/04/09,47,github_archive,4128.8,0.772
2021/04/10,62,github_archive,,
2021/04/11,62,github_archive,,
2021/04/12,43,github_archive,4127.99,-0.0196
2021/04/13,43,github_archive,4141.59,0.3294
2021/04/14,39,github_archive,4124.66,-0.4088
2021/04/15,47,github_archive,4170.42,1.1094
2021/04/16,51,github_archive,4185.47,0.3609
2021/04/17,51,github_archive,,
2021/04/18,59,github_archive,,
2021/04/19,45,github_archive,4163.26,-0.5307
2021/04/20,42,github_archive,4134.94,-0.6802
2021/04/21,49,github_archive,4173.42,0.9306
2021/04/22,46,github_archive,4134.98,-0.9211
2021/04/23,47,github_archive,4180.17,1.0929
2021/04/24,56,github_archive,,
2021/04/25,61,github_archive,,
2021/04/26,50,github_archive,4187.62,0.1782
2021/04/27,54,github_archive,4186.72,-0.0215
2021/04/28,52,github_archive,4183.18,-0.0846
2021/04/29,56,github_archive,4211.47,0.6763
2021/04/30,46,github_archive,4181.17,-0.7195
2021/05/01,66,github_archive,,
2021/05/02,66,github_archive,,
2021/05/03,47,github_archive,4192.66,0.2748
2021/05/04,43,github_archive,4164.66,-0.6678
2021/05/05,43,github_archive,4167.59,0.0703
2021/05/06,43,github_archive,4201.62,0.8165
2021/05/07,48,github_archive,4232.6,0.7373
2021/05/08,51,github_archive,,
2021/05/09,55,github_archive,,
2021/05/10,44,github_archive,4188.43,-1.0436
2021/05/11,42,github_archive,4152.1,-0.8674
2021/05/12,26,github_archive,4063.04,-2.1449
2021/05/13,34,github_archive,4112.5,1.2173
2021/05/14,35,github_archive,4173.85,1.4918
2021/05/15,40,github_archive,,
2021/05/16,40,github_archive,,
2021/05/17,36,github_archive,4163.29,-0.253
2021/05/18,34,github_archive,4127.83,-0.8517
2021/05/19,32,github_archive,4115.68,-0.2943
2021/05/20,32,github_archive,4159.12,1.0555
2021/05/21,29,github_archive,4155.86,-0.0784
2021/05/22,37,github_archive,,
2021/05/23,37,github_archive,,
2021/05/24,29,github_archive,4197.05,0.9911
2021/05/25,26,github_archive,4188.13,-0.2125
2021/05/26,28,github_archive,4195.99,0.1877
2021/05/27,30,github_archive,4200.88,0.1165
2021/05/28,31,github_archive,4204.11,0.0769
2021/05/29,36,github_archive,,
2021/05/30,36,github_archive,,
2021/05/31,38,github_archive,,
2021/06/01,35,github_archive,4202.04,-0.0492
2021/06/02,42,github_archive,4208.12,0.1447
2021/06/03,40,github_archive,4192.85,-0.3629
2021/06/04,41,github_archive,4229.89,0.8834
2021/06/05,46,github_archive,,
2021/06/06,48,github_archive,,
2021/06/07,44,github_archive,4226.52,-0.0797
2021/06/08,46,github_archive,4227.26,0.0175
2021/06/09,48,github_archive,4219.55,-0.1824
2021/06/10,48,github_archive,4239.18,0.4652
2021/06/11,51,github_archive,4247.44,0.1948
2021/06/12,52,github_archive,,
2021/06/13,54,github_archive,,
2021/06/14,54,github_archive,4255.15,0.1815
2021/06/15,52,github_archive,4246.59,-0.2012
2021/06/16,44,github_archive,4223.7,-0.539
2021/06/17,42,github_archive,4221.86,-0.0436
2021/06/18,31,github_archive,4166.45,-1.3124
2021/06/19,41,github_archive,,
2021/06/20,41,github_archive,,
2021/06/21,32,github_archive,4224.79,1.4002
2021/06/22,32,github_archive,4246.44,0.5124
2021/06/23,33,github_archive,4241.84,-0.1083
2021/06/24,36,github_archive,4266.49,0.5811
2021/06/25,41,github_archive,4280.7,0.3331
2021/06/26,39,github_archive,,
2021/06/27,44,github_archive,,
2021/06/28,41,github_archive,4290.61,0.2315
2021/06/29,39,github_archive,4291.8,0.0277
2021/06/30,38,github_archive,4297.5,0.1328
2021/07/01,38,github_archive,4319.94,0.5222
2021/07/02,38,github_archive,4352.34,0.75
2021/07/03,45,github_archive,,
2021/07/04,45,github_archive,,
2021/07/05,45,github_archive,,
2021/07/06,33,github_archive,4343.54,-0.2022
2021/07/07,33,github_archive,4358.13,0.3359
2021/07/08,26,github_archive,4320.82,-0.8561
2021/07/09,31,github_archive,4369.55,1.1278
2021/07/10,32,github_archive,,
2021/07/11,37,github_archive,,
2021/07/12,31,github_archive,4384.63,0.3451
2021/07/13,31,github_archive,4369.21,-0.3517
2021/07/14,29,github_archive,4374.3,0.1165
2021/07/15,27,github_archive,4360.03,-0.3262
2021/07/16,26,github_archive,4327.16,-0.7539
2021/07/17,29,github_archive,,
2021/07/18,29,github_archive,,
2021/07/19,8,github_archive,4258.49,-1.587
2021/07/20,20,github_archive,4323.06,1.5163
2021/07/21,24,github_archive,4358.69,0.8242
2021/07/22,24,github_archive,4367.48,0.2017
2021/07/23,28,github_archive,4411.79,1.0145
2021/07/24,25,github_archive,,
2021/07/25,32,github_archive,,
2021/07/26,30,github_archive,4422.3,0.2382
2021/07/27,27,github_archive,4401.46,-0.4712
2021/07/28,27,github_archive,4400.64,-0.0186
2021/07/29,29,github_archive,4419.15,0.4206
2021/07/30,25,github_archive,4395.26,-0.5406
2021/07/31,30,github_archive,,
2021/08/01,30,github_archive,,
2021/08/02,25,github_archive,4387.16,-0.1843
2021/08/03,29,github_archive,4423.15,0.8203
2021/08/04,28,github_archive,4402.66,-0.4632
2021/08/05,29,github_archive,4429.1,0.6005
2021/08/06,31,github_archive,4436.52,0.1675
2021/08/07,34,github_archive,,
2021/08/08,36,github_archive,,
2021/08/09,32,github_archive,4432.35,-0.094
2021/08/10,34,github_archive,4436.75,0.0993
2021/08/11,37,github_archive,4442.41,0.1276
2021/08/12,43,github_archive,4460.83,0.4146
2021/08/13,47,github_archive,4468,0.1607
2021/08/14,42,github_archive,,
2021/08/15,43,github_archive,,
2021/08/16,44,github_archive,4479.71,0.2621
2021/08/17,31,github_archive,4448.08,-0.7061
2021/08/18,18,github_archive,4400.27,-1.0748
2021/08/19,14,github_archive,4405.8,0.1257
2021/08/20,23,github_archive,4441.67,0.8142
2021/08/21,22,github_archive,,
2021/08/22,23,github_archive,,
2021/08/23,30,github_archive,4479.53,0.8524
2021/08/24,34,github_archive,4486.23,0.1496
2021/08/25,36,github_archive,4496.19,0.222
2021/08/26,36,github_archive,4470,-0.5825
2021/08/27,47,github_archive,4509.37,0.8808
2021/08/28,50,github_archive,,
2021/08/29,50,github_archive,,
2021/08/30,47,github_archive,4528.79,0.4307
2021/08/31,47,github_archive,4522.68,-0.1349
2021/09/01,43,github_archive,4524.09,0.0312
2021/09/02,44,github_archive,4536.95,0.2843
2021/09/03,44,github_archive,4535.43,-0.0335
2021/09/04,56,github_archive,,
2021/09/05,56,github_archive,,
2021/09/06,54,github_archive,,
2021/09/07,41,github_archive,4520.03,-0.3396
2021/09/08,38,github_archive,4514.07,-0.1319
2021/09/09,33,github_archive,4493.28,-0.4606
2021/09/10,20,github_archive,4458.58,-0.7723
2021/09/11,42,github_archive,,
2021/09/12,42,github_archive,,
2021/09/13,28,github_archive,4468.73,0.2276
2021/09/14,24,github_archive,4443.05,-0.5747
2021/09/15,31,github_archive,4480.7,0.8474
2021/09/16,31,github_archive,4473.75,-0.1551
2021/09/17,17,github_archive,4432.99,-0.9111
2021/09/18,39,github_archive,,
2021/09/19,39,github_archive,,
2021/09/20,11,github_archive,4357.73,-1.6977
2021/09/21,11,github_archive,4354.19,-0.0812
2021/09/22,20,github_archive,4395.64,0.952
2021/09/23,24,github_archive,4448.98,1.2135
2021/09/24,23,github_archive,4455.48,0.1461
2021/09/25,31,github_archive,,
2021/09/26,33,github_archive,,
2021/09/27,24,github_archive,4443.11,-0.2776
2021/09/28,12,github_archive,4352.63,-2.0364
2021/09/29,12,github_archive,4359.46,0.1569
2021/09/30,9,github_archive,4307.54,-1.191
2021/10/01,18,github_archive,4357.04,1.1491
2021/10/02,25,github_archive,,
2021/10/03,27,github_archive,,
2021/10/04,9,github_archive,4300.46,-1.2986
2021/10/05,18,github_archive,4345.72,1.0525
2021/10/06,20,github_archive,4363.55,0.4103
2021/10/07,24,github_archive,4399.76,0.8298
2021/10/08,25,github_archive,4391.34,-0.1914
2021/10/09,32,github_archive,,
2021/10/10,34,github_archive,,
2021/10/11,25,github_archive,4361.19,-0.6866
2021/10/12,22,github_archive,4350.65,-0.2417
2021/10/13,24,github_archive,4363.8,0.3023
2021/10/14,31,github_archive,4438.26,1.7063
2021/10/15,43,github_archive,4471.37,0.746
2021/10/16,39,github_archive,,
2021/10/17,50,github_archive,,
2021/10/18,46,github_archive,4486.46,0.3375
2021/10/19,53,github_archive,4519.63,0.7393
2021/10/20,56,github_archive,4536.19,0.3664
2021/10/21,60,github_archive,4549.78,0.2996
2021/10/22,59,github_archive,4544.9,-0.1073
2021/10/23,69,github_archive,,
2021/10/24,69,github_archive,,
2021/10/25,62,github_archive,4566.48,0.4748
2021/10/26,63,github_archive,4574.79,0.182
2021/10/27,58,github_archive,4551.68,-0.5052
2021/10/28,64,github_archive,4596.42,0.9829
2021/10/29,65,github_archive,4605.38,0.1949
2021/10/30,72,github_archive,,
2021/10/31,72,github_archive,,
2021/11/01,66,github_archive,4613.67,0.18
2021/11/02,68,github_archive,4630.65,0.368
2021/11/03,72,github_archive,4660.57,0.6461
2021/11/04,72,github_archive,4680.06,0.4182
2021/11/05,73,github_archive,4697.53,0.3733
2021/11/06,82,github_archive,,
2021/11/07,85,github_archive,,
2021/11/08,74,github_archive,4701.7,0.0888
2021/11/09,77,github_archive,4685.25,-0.3499
2021/11/10,73,github_archive,4646.71,-0.8226
2021/11/11,72,github_archive,4649.27,0.0551
2021/11/12,74,github_archive,4682.85,0.7223
2021/11/13,81,github_archive,,
2021/11/14,83,github_archive,,
2021/11/15,71,github_archive,4682.8,-0.0011
2021/11/16,72,github_archive,4700.9,0.3865
2021/11/17,69,github_archive,4688.67,-0.2602
2021/11/18,70,github_archive,4704.54,0.3385
2021/11/19,62,github_archive,4697.96,-0.1399
2021/11/20,75,github_archive,,
2021/11/21,75,github_archive,,
2021/11/22,60,github_archive,4682.94,-0.3197
2021/11/23,60,github_archive,4690.7,0.1657
2021/11/24,56,github_archive,4701.46,0.2294
2021/11/25,64,github_archive,,
2021/11/26,31,github_archive,4594.62,-2.2725
2021/11/27,64,github_archive,,
2021/11/28,64,github_archive,,
2021/11/29,38,github_archive,4655.27,1.32
2021/11/30,24,github_archive,4567,-1.8961
2021/12/01,25,github_archive,4513.04,-1.1815
2021/12/02,22,github_archive,4577.1,1.4194
2021/12/03,20,github_archive,4538.43,-0.8449
2021/12/04,25,github_archive,,
2021/12/05,25,github_archive,,
2021/12/06,21,github_archive,4591.67,1.1731
2021/12/07,37,github_archive,4686.75,2.0707
2021/12/08,41,github_archive,4701.21,0.3085
2021/12/09,36,github_archive,4667.45,-0.7181
2021/12/10,42,github_archive,4712.02,0.9549
2021/12/11,33,github_archive,,
2021/12/12,38,github_archive,,
2021/12/13,35,github_archive,4668.97,-0.9136
2021/12/14,31,github_archive,4634.09,-0.7471
2021/12/15,37,github_archive,4709.85,1.6348
2021/12/16,33,github_archive,4668.67,-0.8743
2021/12/17,32,github_archive,4620.64,-1.0288
2021/12/18,31,github_archive,,
2021/12/19,31,github_archive,,
2021/12/20,29,github_archive,4568.02,-1.1388
2021/12/21,34,github_archive,4649.23,1.7778
2021/12/22,39,github_archive,4696.56,1.018
2021/12/23,50,github_archive,4725.79,0.6224
2021/12/24,40,github_archive,,
2021/12/25,35,github_archive,,
2021/12/26,40,github_archive,,
2021/12/27,56,github_archive,4791.19,1.3839
2021/12/28,62,github_archive,4786.35,-0.101
2021/12/29,64,github_archive,4793.06,0.1402
2021/12/30,63,github_archive,4778.73,-0.299
2021/12/31,62,github_archive,4766.18,-0.2626
2022/01/01,62,github_archive,,
2022/01/02,62,github_archive,,
2022/01/03,65,github_archive,4796.56,0.6374
2022/01/04,64,github_archive,4793.54,-0.063
2022/01/05,51,github_archive,4700.58,-1.9393
2022/01/06,52,github_archive,4696.05,-0.0964
2022/01/07,49,github_archive,4677.03,-0.405
2022/01/08,51,github_archive,,
2022/01/09,53,github_archive,,
2022/01/10,51,github_archive,4670.29,-0.1441
2022/01/11,56,github_archive,4713.07,0.916
2022/01/12,55,github_archive,4726.35,0.2818
2022/01/13,52,github_archive,4659.03,-1.4244
2022/01/14,55,github_archive,4662.85,0.082
2022/01/15,51,github_archive,,
2022/01/16,51,github_archive,,
2022/01/17,57,github_archive,,
2022/01/18,53,github_archive,4577.11,-1.8388
2022/01/19,44,github_archive,4532.76,-0.969
2022/01/20,39,github_archive,4482.73,-1.1037
2022/01/21,26,github_archive,4397.94,-1.8915
2022/01/22,55,github_archive,,
2022/01/23,55,github_archive,,
2022/01/24,23,github_archive,4410.13,0.2772
2022/01/25,20,github_archive,4356.45,-1.2172
2022/01/26,19,github_archive,4349.93,-0.1497
2022/01/27,18,github_archive,4326.51,-0.5384
2022/01/28,23,github_archive,4431.85,2.4348
2022/01/29,33,github_archive,,
2022/01/30,36,github_archive,,
2022/01/31,29,github_archive,4515.55,1.8886
2022/02/01,30,github_archive,4546.54,0.6863
2022/02/02,28,github_archive,4589.38,0.9423
2022/02/03,26,github_archive,4477.44,-2.4391
2022/02/04,27,github_archive,4500.53,0.5157
2022/02/07,27,github_archive,4483.87,-0.3702
2022/02/08,28,github_archive,4521.54,0.8401
2022/02/09,32,github_archive,4587.18,1.4517
2022/02/10,33,github_archive,4504.08,-1.8116
2022/02/11,28,github_archive,4418.64,-1.8969
2022/02/14,25,github_archive,4401.67,-0.3841
2022/02/15,29,github_archive,4471.07,1.5767
2022/02/16,32,github_archive,4475.01,0.0881
2022/02/17,32,github_archive,4380.26,-2.1173
2022/02/18,29,github_archive,4348.87,-0.7166
2022/02/19,38,github_archive,,
2022/02/21,39,github_archive,,
2022/02/22,28,github_archive,4304.76,-1.0143
2022/02/23,18,github_archive,4225.5,-1.8412
2022/02/24,21,github_archive,4288.7,1.4957
2022/02/25,28,github_archive,4384.65,2.2373
2022/02/26,25,github_archive,,
2022/02/27,33,github_archive,,
2022/02/28,25,github_archive,4373.94,-0.2443
2022/03/01,22,github_archive,4306.26,-1.5474
2022/03/02,17,github_archive,4386.54,1.8643
2022/03/03,21,github_archive,4363.49,-0.5255
2022/03/04,18,github_archive,4328.87,-0.7934
2022/03/05,22,github_archive,,
2022/03/06,22,github_archive,,
2022/03/07,16,github_archive,4201.09,-2.9518
2022/03/08,16,github_archive,4170.7,-0.7234
2022/03/09,18,github_archive,4277.88,2.5698
2022/03/10,17,github_archive,4259.52,-0.4292
2022/03/11,19,github_archive,4204.31,-1.2962
2022/03/12,15,github_archive,,
2022/03/13,15,github_archive,,
2022/03/14,17,github_archive,4173.11,-0.7421
2022/03/15,21,github_archive,4262.45,2.1409
2022/03/16,25,github_archive,4357.86,2.2384
2022/03/17,33,github_archive,4411.67,1.2348
2022/03/18,38,github_archive,4463.12,1.1662
2022/03/19,26,github_archive,,
2022/03/20,37,github_archive,,
2022/03/21,40,github_archive,4461.18,-0.0435
2022/03/22,44,github_archive,4511.61,1.1304
2022/03/23,45,github_archive,4456.24,-1.2273
2022/03/24,46,github_archive,4520.16,1.4344
2022/03/25,49,github_archive,4543.06,0.5066
2022/03/26,46,github_archive,,
2022/03/27,46,github_archive,,
2022/03/28,51,github_archive,4575.52,0.7145
2022/03/29,52,github_archive,4631.6,1.2257
2022/03/30,52,github_archive,4602.45,-0.6294
2022/03/31,59,github_archive,4530.41,-1.5653
2022/04/01,59,github_archive,4545.86,0.341
2022/04/02,51,github_archive,,
2022/04/03,51,github_archive,,
2022/04/04,61,github_archive,4582.64,0.8091
2022/04/05,47,github_archive,4525.12,-1.2552
2022/04/06,46,github_archive,4481.15,-0.9717
2022/04/07,46,github_archive,4500.21,0.4253
2022/04/08,46,github_archive,4488.28,-0.2651
2022/04/09,48,github_archive,,
2022/04/10,48,github_archive,,
2022/04/11,43,github_archive,4412.53,-1.6877
2022/04/12,42,github_archive,4397.45,-0.3417
2022/04/13,41,github_archive,4446.59,1.1175
2022/04/14,39,github_archive,4392.59,-1.2144
2022/04/15,46,github_archive,,
2022/04/16,46,github_archive,,
2022/04/17,46,github_archive,,
2022/04/18,37,github_archive,4391.69,-0.0205
2022/04/19,39,github_archive,4462.21,1.6058
2022/04/20,43,github_archive,4459.45,-0.0618
2022/04/21,38,github_archive,4393.66,-1.4753
2022/04/22,31,github_archive,4271.78,-2.774
2022/04/25,29,github_archive,4296.12,0.5698
2022/04/26,17,github_archive,4175.2,-2.8146
2022/04/27,16,github_archive,4183.96,0.2098
2022/04/28,24,github_archive,4287.5,2.4747
2022/04/29,14,github_archive,4131.93,-3.6285
2022/04/30,27,github_archive,,
2022/05/01,27,github_archive,,
2022/05/02,13,github_archive,4155.38,0.5675
2022/05/03,30,github_archive,4175.48,0.4837
2022/05/04,22,github_archive,4300.17,2.9862
2022/05/05,13,github_archive,4146.87,-3.565
2022/05/06,12,github_archive,4123.34,-0.5674
2022/05/07,31,github_archive,,
2022/05/08,31,github_archive,,
2022/05/09,8,github_archive,3991.24,-3.2037
2022/05/10,7,github_archive,4001.05,0.2458
2022/05/11,4,github_archive,3935.18,-1.6463
2022/05/12,3,github_archive,3930.08,-0.1296
2022/05/13,11,github_archive,4023.89,2.387
2022/05/14,12,github_archive,,
2022/05/15,12,github_archive,,
2022/05/16,11,github_archive,4008.01,-0.3946
2022/05/17,15,github_archive,4088.85,2.017
2022/05/18,6,github_archive,3923.68,-4.0395
2022/05/19,13,github_archive,3900.79,-0.5834
2022/05/20,12,github_archive,3901.36,0.0146
2022/05/21,11,github_archive,,
2022/05/22,11,github_archive,,
2022/05/23,17,github_archive,3973.75,1.8555
2022/05/24,16,github_archive,3941.48,-0.8121
2022/05/25,17,github_archive,3978.73,0.9451
2022/05/26,24,github_archive,4057.84,1.9883
2022/05/27,29,github_archive,4158.24,2.4742
2022/05/31,40,github_archive,4132.15,-0.6274
2022/06/01,40,github_archive,4101.23,-0.7483
2022/06/02,44,github_archive,4176.82,1.8431
2022/06/03,35,github_archive,4108.54,-1.6347
2022/06/04,27,github_archive,,
2022/06/06,42,github_archive,4121.43,0.3137
2022/06/07,45,github_archive,4160.68,0.9523
2022/06/08,48,github_archive,4115.77,-1.0794
2022/06/09,47,github_archive,4017.82,-2.3799
2022/06/10,40,github_archive,3900.86,-2.911
2022/06/11,28,github_archive,,
2022/06/13,25,github_archive,3749.63,-3.8768
2022/06/14,20,github_archive,3735.48,-0.3774
2022/06/15,29,github_archive,3789.99,1.4593
2022/06/16,17,github_archive,3666.77,-3.2512
2022/06/17,16,github_archive,3674.84,0.2201
2022/06/18,14,github_archive,,
2022/06/20,14,github_archive,,
2022/06/21,19,github_archive,3764.79,2.4477
2022/06/22,26,github_archive,3759.89,-0.1302
2022/06/23,26,github_archive,3795.73,0.9532
2022/06/24,30,github_archive,3911.74,3.0563
2022/06/25,27,github_archive,,
2022/06/27,30,github_archive,3900.11,-0.2973
2022/06/28,28,github_archive,3821.55,-2.0143
2022/06/29,26,github_archive,3818.83,-0.0712
2022/06/30,24,github_archive,3785.38,-0.8759
2022/07/01,24,github_archive,3825.33,1.0554
2022/07/02,24,github_archive,,
2022/07/04,24,github_archive,,
2022/07/05,22,github_archive,3831.39,0.1584
2022/07/06,22,github_archive,3845.08,0.3573
2022/07/07,27,github_archive,3902.62,1.4965
2022/07/08,31,github_archive,3899.38,-0.083
2022/07/09,29,github_archive,,
2022/07/11,30,github_archive,3854.43,-1.1527
2022/07/12,30,github_archive,3818.8,-0.9244
2022/07/13,27,github_archive,3801.78,-0.4457
2022/07/14,26,github_archive,3790.38,-0.2999
2022/07/15,33,github_archive,3863.16,1.9201
2022/07/16,26,github_archive,,
2022/07/18,35,github_archive,3830.85,-0.8364
2022/07/19,39,github_archive,3936.69,2.7628
2022/07/20,44,github_archive,3959.9,0.5896
2022/07/21,48,github_archive,3998.95,0.9861
2022/07/22,42,github_archive,3961.63,-0.9332
2022/07/23,38,github_archive,,
2022/07/25,42,github_archive,3966.84,0.1315
2022/07/26,42,github_archive,3921.05,-1.1543
2022/07/27,46,github_archive,4023.61,2.6156
2022/07/28,48,github_archive,4072.43,1.2133
2022/07/29,52,github_archive,4130.29,1.4208
2022/07/30,41,github_archive,,
2022/08/01,59,github_archive,4118.63,-0.2823
2022/08/02,57,github_archive,4091.19,-0.6662
2022/08/03,60,github_archive,4155.17,1.5638
2022/08/04,61,github_archive,4151.94,-0.0777
2022/08/05,63,github_archive,4145.19,-0.1626
2022/08/06,49,github_archive,,
2022/08/08,64,github_archive,4140.06,-0.1238
2022/08/09,64,github_archive,4122.47,-0.4249
2022/08/10,65,github_archive,4210.24,2.1291
2022/08/11,65,github_archive,4207.27,-0.0705
2022/08/12,68,github_archive,4280.15,1.7322
2022/08/13,54,github_archive,,
2022/08/15,66,github_archive,4297.14,0.397
2022/08/16,67,github_archive,4305.2,0.1876
2022/08/17,67,github_archive,4274.04,-0.7238
2022/08/18,66,github_archive,4283.74,0.227
2022/08/19,63,github_archive,4228.48,-1.29
2022/08/22,60,github_archive,4137.99,-2.14
2022/08/23,57,github_archive,4128.73,-0.2238
2022/08/24,57,github_archive,4140.77,0.2916
2022/08/25,58,github_archive,4199.12,1.4092
2022/08/26,55,github_archive,4057.66,-3.3688
2022/08/29,54,github_archive,4030.61,-0.6666
2022/08/30,49,github_archive,3986.16,-1.1028
2022/08/31,52,github_archive,3955,-0.7817
2022/09/01,49,github_archive,3966.85,0.2996
2022/09/02,42,github_archive,3924.26,-1.0737
2022/09/06,40,github_archive,3908.19,-0.4095
2022/09/07,39,github_archive,3979.87,1.8341
2022/09/08,40,github_archive,4006.18,0.6611
2022/09/09,43,github_archive,4067.36,1.5271
2022/09/12,47,github_archive,4110.41,1.0584
2022/09/13,36,github_archive,3932.69,-4.3237
2022/09/14,41,github_archive,3946.01,0.3387
2022/09/15,40,github_archive,3901.35,-1.1318
2022/09/16,35,github_archive,3873.33,-0.7182
2022/09/19,36,github_archive,3899.89,0.6857
2022/09/20,36,github_archive,3855.93,-1.1272
2022/09/21,27,github_archive,3789.93,-1.7116
2022/09/22,24,github_archive,3757.99,-0.8428
2022/09/23,21,github_archive,3693.23,-1.7233
2022/09/26,17,github_archive,3655.04,-1.0341
2022/09/27,16,github_archive,3647.29,-0.212
2022/09/28,17,github_archive,3719.04,1.9672
2022/09/29,13,github_archive,3640.47,-2.1126
2022/09/30,16,github_archive,3585.62,-1.5067
2022/10/03,20,github_archive,3678.43,2.5884
2022/10/04,27,github_archive,3790.93,3.0584
2022/10/05,29,github_archive,3783.28,-0.2018
2022/10/06,23,github_archive,3744.52,-1.0245
2022/10/07,19,github_archive,3639.66,-2.8004
2022/10/10,19,github_archive,3612.39,-0.7492
2022/10/11,16,github_archive,3588.84,-0.6519
2022/10/12,15,github_archive,3577.03,-0.3291
2022/10/13,19,github_archive,3669.91,2.5966
2022/10/14,16,github_archive,3583.07,-2.3663
2022/10/17,23,github_archive,3677.95,2.648
2022/10/18,28,github_archive,3719.98,1.1428
2022/10/19,29,github_archive,3695.16,-0.6672
2022/10/20,39,github_archive,3665.78,-0.7951
2022/10/21,43,github_archive,3752.75,2.3725
2022/10/24,47,github_archive,3797.34,1.1882
2022/10/25,51,github_archive,3859.11,1.6267
2022/10/26,53,github_archive,3830.6,-0.7388
2022/10/27,54,github_archive,3807.3,-0.6083
2022/10/28,57,github_archive,3901.06,2.4626
2022/10/31,64,github_archive,3871.98,-0.7454
2022/11/01,63,github_archive,3856.1,-0.4101
2022/11/02,55,github_archive,3759.69,-2.5002
2022/11/03,55,github_archive,3719.89,-1.0586
2022/11/04,56,github_archive,3770.55,1.3619
2022/11/07,59,github_archive,3806.8,0.9614
2022/11/08,57,github_archive,3828.11,0.5598
2022/11/09,54,github_archive,3748.57,-2.0778
2022/11/10,60,github_archive,3956.37,5.5434
2022/11/11,63,github_archive,3992.93,0.9241
2022/11/14,62,github_archive,3957.25,-0.8936
2022/11/15,66,github_archive,3991.73,0.8713
2022/11/16,65,github_archive,3958.79,-0.8252
2022/11/17,61,github_archive,3946.56,-0.3089
2022/11/18,60,github_archive,3965.34,0.4759
2022/11/21,60,github_archive,3949.94,-0.3884
2022/11/22,60,github_archive,4003.58,1.358
2022/11/23,64,github_archive,4027.26,0.5915
2022/11/25,63,github_archive,4026.12,-0.0283
2022/11/28,59,github_archive,3963.94,-1.5444
2022/11/29,58,github_archive,3957.63,-0.1592
2022/11/30,73,github_archive,4080.11,3.0948
2022/12/01,75,github_archive,4076.57,-0.0868
2022/12/02,68,github_archive,4071.7,-0.1195
2022/12/05,65,github_archive,3998.84,-1.7894
2022/12/06,61,github_archive,3941.26,-1.4399
2022/12/07,58,github_archive,3933.92,-0.1862
2022/12/08,55,github_archive,3963.51,0.7522
2022/12/09,52,github_archive,3934.38,-0.735
2022/12/12,57,github_archive,3990.56,1.4279
2022/12/13,59,github_archive,4019.65,0.729
2022/12/14,60,github_archive,3995.32,-0.6053
2022/12/15,60,github_archive,3895.75,-2.4922
2022/12/16,44,github_archive,3852.36,-1.1138
2022/12/19,39,github_archive,3817.66,-0.9008
2022/12/20,38,github_archive,3821.62,0.1037
2022/12/21,38,github_archive,3878.44,1.4868
2022/12/22,37,github_archive,3822.39,-1.4452
2022/12/23,39,github_archive,3844.82,0.5868
2022/12/27,39,github_archive,3829.25,-0.405
2022/12/28,35,github_archive,3783.22,-1.2021
2022/12/29,37,github_archive,3849.28,1.7461
2022/12/30,36,github_archive,3839.5,-0.2541
2023/01/03,36,github_archive,3824.14,-0.4001
2023/01/04,39,github_archive,3852.97,0.7539
2023/01/05,44,github_archive,3808.1,-1.1646
2023/01/06,45,github_archive,3895.08,2.2841
2023/01/09,47,github_archive,3892.09,-0.0768
2023/01/10,49,github_archive,3919.25,0.6978
2023/01/11,54,github_archive,3969.61,1.2849
2023/01/12,56,github_archive,3983.17,0.3416
2023/01/13,61,github_archive,3999.09,0.3997
2023/01/17,64,github_archive,3990.97,-0.203
2023/01/18,58,github_archive,3928.86,-1.5563
2023/01/19,55,github_archive,3898.85,-0.7638
2023/01/20,58,github_archive,3972.61,1.8918
2023/01/23,63,github_archive,4019.81,1.1881
2023/01/24,63,github_archive,4016.95,-0.0712
2023/01/25,63,github_archive,4016.22,-0.0182
2023/01/26,68,github_archive,4060.43,1.1008
2023/01/27,69,github_archive,4070.56,0.2495
2023/01/30,67,github_archive,4017.77,-1.2969
2023/01/31,70,github_archive,4076.6,1.4642
2023/02/01,82,github_archive,4119.21,1.0452
2023/02/02,75,github_archive,4179.76,1.4699
2023/02/03,76,github_archive,4136.48,-1.0355
2023/02/06,75,github_archive,4111.08,-0.614
2023/02/07,76,github_archive,4164,1.2873
2023/02/08,74,github_archive,4117.86,-1.1081
2023/02/09,72,github_archive,4081.5,-0.883
2023/02/10,72,github_archive,4090.46,0.2195
2023/02/13,71,github_archive,4137.29,1.1449
2023/02/14,73,github_archive,4136.13,-0.028
2023/02/15,73,github_archive,4147.6,0.2773
2023/02/16,70,github_archive,4090.41,-1.3789
2023/02/17,69,github_archive,4079.09,-0.2767
2023/02/21,65,github_archive,3997.34,-2.0041
2023/02/22,64,github_archive,3991.05,-0.1574
2023/02/23,62,github_archive,4012.32,0.5329
2023/02/24,60,github_archive,3970.04,-1.0538
2023/02/27,61,github_archive,3982.24,0.3073
2023/02/28,61,github_archive,3970.15,-0.3036
2023/03/01,65,github_archive,3951.39,-0.4725
2023/03/02,52,github_archive,3981.35,0.7582
2023/03/03,55,github_archive,4045.64,1.6148
2023/03/06,55,github_archive,4048.42,0.0687
2023/03/07,48,github_archive,3986.37,-1.5327
2023/03/08,49,github_archive,3992.01,0.1415
2023/03/09,37,github_archive,3918.32,-1.8459
2023/03/10,26,github_archive,3861.59,-1.4478
2023/03/13,23,github_archive,3855.76,-0.151
2023/03/14,25,github_archive,3919.29,1.6477
2023/03/15,22,github_archive,3891.93,-0.6981
2023/03/16,32,github_archive,3960.28,1.7562
2023/03/17,27,github_archive,3916.64,-1.1019
2023/03/20,30,github_archive,3951.57,0.8918
2023/03/21,43,github_archive,4002.87,1.2982
2023/03/22,41,github_archive,3936.97,-1.6463
2023/03/23,38,github_archive,3948.72,0.2985
2023/03/24,37,github_archive,3970.99,0.564
2023/03/27,40,github_archive,3977.53,0.1647
2023/03/28,39,github_archive,3971.27,-0.1574
2023/03/29,41,github_archive,4027.81,1.4237
2023/03/30,45,github_archive,4050.83,0.5715
2023/03/31,49,github_archive,4109.31,1.4437
2023/04/03,61,github_archive,4124.51,0.3699
2023/04/04,50,github_archive,4100.6,-0.5797
2023/04/05,52,github_archive,4090.38,-0.2492
2023/04/06,55,github_archive,4105.02,0.3579
2023/04/10,57,github_archive,4109.11,0.0996
2023/04/11,58,github_archive,4108.94,-0.0041
2023/04/12,60,github_archive,4091.95,-0.4135
2023/04/13,63,github_archive,4146.22,1.3263
2023/04/14,65,github_archive,4137.64,-0.2069
2023/04/17,67,github_archive,4151.32,0.3306
2023/04/18,65,github_archive,4154.87,0.0855
2023/04/19,67,github_archive,4154.52,-0.0084
2023/04/20,64,github_archive,4129.79,-0.5953
2023/04/21,63,github_archive,4133.52,0.0903
2023/04/24,63,github_archive,4137.04,0.0852
2023/04/25,57,github_archive,4071.63,-1.5811
2023/04/26,52,github_archive,4055.99,-0.3841
2023/04/27,58,github_archive,4135.35,1.9566
2023/04/28,59,github_archive,4169.48,0.8253
2023/05/01,59,github_archive,4167.87,-0.0386
2023/05/02,55,github_archive,4119.58,-1.1586
2023/05/03,54,github_archive,4090.75,-0.6998
2023/05/04,49,github_archive,4061.22,-0.7219
2023/05/05,53,github_archive,4136.25,1.8475
2023/05/08,57,github_archive,4138.12,0.0452
2023/05/09,59,github_archive,4119.17,-0.4579
2023/05/10,59,github_archive,4137.64,0.4484
2023/05/11,59,github_archive,4130.62,-0.1697
2023/05/12,57,github_archive,4124.08,-0.1583
2023/05/15,57,github_archive,4136.28,0.2958
2023/05/16,55,github_archive,4109.9,-0.6378
2023/05/17,60,github_archive,4158.77,1.1891
2023/05/18,64,github_archive,4198.05,0.9445
2023/05/19,65,github_archive,4191.98,-0.1446
2023/05/22,67,github_archive,4192.63,0.0155
2023/05/23,65,github_archive,4145.58,-1.1222
2023/05/24,61,github_archive,4115.24,-0.7319
2023/05/25,62,github_archive,4151.28,0.8758
2023/05/26,65,github_archive,4205.45,1.3049
2023/05/30,66,github_archive,4205.52,0.0017
2023/05/31,64,github_archive,4179.83,-0.6109
2023/06/01,68,github_archive,4221.02,0.9854
2023/06/02,75,github_archive,4282.37,1.4534
2023/06/05,69,github_archive,4273.79,-0.2004
2023/06/06,73,github_archive,4283.85,0.2354
2023/06/07,74,github_archive,4267.52,-0.3812
2023/06/08,75,github_archive,4293.93,0.6189
2023/06/09,76,github_archive,4298.86,0.1148
2023/06/12,78,github_archive,4338.93,0.9321
2023/06/13,79,github_archive,4369.01,0.6932
2023/06/14,79,github_archive,4372.59,0.0819
2023/06/15,80,github_archive,4425.84,1.2178
2023/06/16,81,github_archive,4409.59,-0.3672
2023/06/20,80,github_archive,4388.71,-0.4735
2023/06/21,80,github_archive,4365.69,-0.5245
2023/06/22,80,github_archive,4381.89,0.3711
2023/06/23,75,github_archive,4348.33,-0.7659
2023/06/26,73,github_archive,4328.82,-0.4487
2023/06/27,75,github_archive,4378.41,1.1456
2023/06/28,76,github_archive,4376.86,-0.0354
2023/06/29,79,github_archive,4396.44,0.4474
2023/06/30,79,github_archive,4450.38,1.2269
2023/07/03,82,github_archive,4455.59,0.1171
2023/07/05,79,github_archive,4446.82,-0.1968
2023/07/06,77,github_archive,4411.59,-0.7923
2023/07/07,77,github_archive,4398.95,-0.2865
2023/07/10,76,github_archive,4409.53,0.2405
2023/07/11,78,github_archive,4439.26,0.6742
2023/07/12,78,github_archive,4472.16,0.7411
2023/07/13,79,github_archive,4510.04,0.847
2023/07/14,79,github_archive,4505.42,-0.1024
2023/07/17,80,github_archive,4522.79,0.3855
2023/07/18,81,github_archive,4554.98,0.7117
2023/07/19,82,github_archive,4565.72,0.2358
2023/07/20,80,github_archive,4534.87,-0.6757
2023/07/21,81,github_archive,4536.34,0.0324
2023/07/24,82,github_archive,4554.64,0.4034
2023/07/25,81,github_archive,4567.46,0.2815
2023/07/26,80,github_archive,4566.75,-0.0155
2023/07/27,77,github_archive,4537.41,-0.6425
2023/07/28,76,github_archive,4582.23,0.9878
2023/07/31,77,github_archive,4588.96,0.1469
2023/08/01,77,github_archive,4576.73,-0.2665
2023/08/02,77,github_archive,4513.39,-1.384
2023/08/03,73,github_archive,4501.89,-0.2548
2023/08/04,64,github_archive,4478.03,-0.53
2023/08/07,72,github_archive,4518.44,0.9024
2023/08/08,69,github_archive,4499.38,-0.4218
2023/08/09,67,github_archive,4467.71,-0.7039
2023/08/10,66,github_archive,4468.83,0.0251
2023/08/11,65,github_archive,4464.05,-0.107
2023/08/14,66,github_archive,4489.72,0.575
2023/08/15,54,github_archive,4437.86,-1.1551
2023/08/16,49,github_archive,4404.33,-0.7555
2023/08/17,46,github_archive,4370.36,-0.7713
2023/08/18,43,github_archive,4369.71,-0.0149
2023/08/21,43,github_archive,4399.77,0.6879
2023/08/22,43,github_archive,4387.55,-0.2777
2023/08/23,50,github_archive,4436.01,1.1045
2023/08/24,40,github_archive,4376.31,-1.3458
2023/08/25,47,github_archive,4405.71,0.6718
2023/08/28,45,github_archive,4433.31,0.6265
2023/08/29,49,github_archive,4497.63,1.4508
2023/08/30,50,github_archive,4514.87,0.3833
2023/08/31,52,github_archive,4507.66,-0.1597
2023/09/01,55,github_archive,4515.77,0.1799
2023/09/05,59,github_archive,4496.83,-0.4194
2023/09/06,56,github_archive,4465.48,-0.6972
2023/09/07,53,github_archive,4451.14,-0.3211
2023/09/08,51,github_archive,4457.49,0.1427
2023/09/11,52,github_archive,4487.46,0.6723
2023/09/12,51,github_archive,4461.9,-0.5696
2023/09/13,51,github_archive,4467.44,0.1242
2023/09/14,54,github_archive,4505.1,0.843
2023/09/15,52,github_archive,4450.32,-1.216
2023/09/18,49,github_archive,4453.53,0.0721
2023/09/19,49,github_archive,4443.95,-0.2151
2023/09/20,48,github_archive,4402.2,-0.9395
2023/09/21,37,github_archive,4330,-1.6401
2023/09/22,33,github_archive,4320.06,-0.2296
2023/09/25,38,github_archive,4337.44,0.4023
2023/09/26,24,github_archive,4273.53,-1.4735
2023/09/27,22,github_archive,4274.51,0.0229
2023/09/28,29,github_archive,4299.7,0.5893
2023/09/29,28,github_archive,4288.05,-0.271
2023/10/02,28,github_archive,4288.39,0.0079
2023/10/03,20,github_archive,4229.45,-1.3744
2023/10/04,20,github_archive,4263.75,0.811
2023/10/05,20,github_archive,4258.19,-0.1304
2023/10/06,27,github_archive,4308.5,1.1815
2023/10/09,29,github_archive,4335.66,0.6304
2023/10/10,32,github_archive,4358.24,0.5208
2023/10/11,34,github_archive,4376.95,0.4293
2023/10/12,35,github_archive,4349.61,-0.6246
2023/10/13,26,github_archive,4327.78,-0.5019
2023/10/16,35,github_archive,4373.63,1.0594
2023/10/17,39,github_archive,4373.2,-0.0098
2023/10/18,30,github_archive,4314.6,-1.34
2023/10/19,29,github_archive,4278,-0.8483
2023/10/20,22,github_archive,4224.16,-1.2585
2023/10/23,25,github_archive,4217.04,-0.1686
2023/10/24,33,github_archive,4247.68,0.7266
2023/10/25,25,github_archive,4186.77,-1.434
2023/10/26,22,github_archive,4137.23,-1.1833
2023/10/27,21,github_archive,4117.37,-0.48
2023/10/30,29,github_archive,4166.82,1.201
2023/10/31,30,github_archive,4193.8,0.6475
2023/11/01,32,github_archive,4237.86,1.0506
2023/11/02,37,github_archive,4317.78,1.8859
2023/11/03,36,github_archive,4358.34,0.9394
2023/11/06,38,github_archive,4365.98,0.1753
2023/11/07,39,github_archive,4378.38,0.284
2023/11/08,39,github_archive,4382.78,0.1005
2023/11/09,41,github_archive,4347.35,-0.8084
2023/11/10,41,github_archive,4415.24,1.5616
2023/11/13,39,github_archive,4411.55,-0.0836
2023/11/14,46,github_archive,4495.7,1.9075
2023/11/15,52,github_archive,4502.88,0.1597
2023/11/16,55,github_archive,4508.24,0.119
2023/11/17,58,github_archive,4514.02,0.1282
2023/11/20,61,github_archive,4547.38,0.739
2023/11/21,61,github_archive,4538.19,-0.2021
2023/11/22,65,github_archive,4556.62,0.4061
2023/11/24,66,github_archive,4559.34,0.0597
2023/11/27,65,github_archive,4550.43,-0.1954
2023/11/28,65,github_archive,4554.89,0.098
2023/11/29,63,github_archive,4550.58,-0.0946
2023/11/30,64,github_archive,4567.8,0.3784
2023/12/01,64,github_archive,4594.63,0.5874
2023/12/04,63,github_archive,4569.78,-0.5409
2023/12/05,65,github_archive,4567.18,-0.0569
2023/12/06,63,github_archive,4549.34,-0.3906
2023/12/07,66,github_archive,4585.59,0.7968
2023/12/08,65,github_archive,4604.37,0.4095
2023/12/11,67,github_archive,4622.44,0.3924
2023/12/12,67,github_archive,4643.7,0.4599
2023/12/13,67,github_archive,4707.09,1.3651
2023/12/14,70,github_archive,4719.55,0.2647
2023/12/15,80,github_archive,4719.19,-0.0076
2023/12/18,77,github_archive,4740.56,0.4528
2023/12/19,77,github_archive,4768.37,0.5866
2023/12/20,71,github_archive,4698.35,-1.4684
2023/12/21,76,github_archive,4746.75,1.0301
2023/12/22,78,github_archive,4754.63,0.166
2023/12/26,80,github_archive,4774.75,0.4232
2023/12/27,76,github_archive,4781.58,0.143
2023/12/28,78,github_archive,4783.35,0.037
2023/12/29,76,github_archive,4769.83,-0.2826
2024/01/02,79.71,cnn_api,4742.83,-0.5661
2024/01/03,76.71,cnn_api,4704.81,-0.8016
2024/01/04,78.69,cnn_api,4688.68,-0.3428
2024/01/05,75.77,cnn_api,4697.24,0.1826
2024/01/08,76.17,cnn_api,4763.54,1.4115
2024/01/09,75.69,cnn_api,4756.5,-0.1478
2024/01/10,76.37,cnn_api,4783.45,0.5666
2024/01/11,74.66,cnn_api,4780.24,-0.0671
2024/01/12,73.09,cnn_api,4783.83,0.0751
2024/01/16,72.29,cnn_api,4765.98,-0.3731
2024/01/17,57.21,cnn_api,4739.21,-0.5617
2024/01/18,66.46,cnn_api,4780.94,0.8805
2024/01/19,72.83,cnn_api,4839.81,1.2314
2024/01/22,72.86,cnn_api,4850.43,0.2194
2024/01/23,70.26,cnn_api,4864.6,0.2921
2024/01/24,72.49,cnn_api,4868.55,0.0812
2024/01/25,73.23,cnn_api,4894.16,0.526
2024/01/26,73.8,cnn_api,4890.97,-0.0652
2024/01/29,74.11,cnn_api,4927.93,0.7557
2024/01/30,74.23,cnn_api,4924.97,-0.0601
2024/01/31,64.11,cnn_api,4845.65,-1.6106
2024/02/01,72.34,cnn_api,4906.19,1.2494
2024/02/02,74.6,cnn_api,4958.61,1.0684
2024/02/05,73.31,cnn_api,4942.81,-0.3186
2024/02/06,73.2,cnn_api,4954.23,0.231
2024/02/07,73.77,cnn_api,4995.06,0.8241
2024/02/08,74.6,cnn_api,4997.91,0.0571
2024/02/09,75.43,cnn_api,5026.61,0.5742
2024/02/12,75.83,cnn_api,5021.84,-0.0949
2024/02/13,66.74,cnn_api,4953.17,-1.3674
2024/02/14,67.51,cnn_api,5000.62,0.958
2024/02/15,73.86,cnn_api,5029.73,0.5821
2024/02/16,73.49,cnn_api,5005.57,-0.4803
2024/02/20,63.74,cnn_api,4975.51,-0.6005
2024/02/21,63.7,cnn_api,4981.8,0.1264
2024/02/22,73.94,cnn_api,5087.03,2.1123
2024/02/23,73.34,cnn_api,5088.8,0.0348
2024/02/26,71.91,cnn_api,5069.53,-0.3787
2024/02/27,75.77,cnn_api,5078.18,0.1706
2024/02/28,76.77,cnn_api,5069.76,-0.1658
2024/02/29,77.46,cnn_api,5096.27,0.5229
2024/03/01,76.83,cnn_api,5137.08,0.8008
2024/03/04,79.23,cnn_api,5130.95,-0.1193
2024/03/05,76.11,cnn_api,5078.65,-1.0193
2024/03/06,72.54,cnn_api,5104.76,0.5141
2024/03/07,73.86,cnn_api,5157.36,1.0304
2024/03/08,70.03,cnn_api,5123.69,-0.6529
2024/03/11,62.77,cnn_api,5117.94,-0.1122
2024/03/12,72.2,cnn_api,5175.27,1.1202
2024/03/13,71.77,cnn_api,5165.31,-0.1925
2024/03/14,70.4,cnn_api,5150.48,-0.2871
2024/03/15,68.63,cnn_api,5117.09,-0.6483
2024/03/18,70.74,cnn_api,5149.42,0.6318
2024/03/19,70.86,cnn_api,5178.51,0.5649
2024/03/20,69.63,cnn_api,5224.62,0.8904
2024/03/21,71.37,cnn_api,5241.53,0.3237
2024/03/22,69.51,cnn_api,5234.18,-0.1402
2024/03/25,67.43,cnn_api,5218.19,-0.3055
2024/03/26,67.91,cnn_api,5203.58,-0.28
2024/03/27,69.77,cnn_api,5248.49,0.8631
2024/03/28,68.77,cnn_api,5254.35,0.1116
2024/04/01,71.26,cnn_api,5243.77,-0.2014
2024/04/02,71.14,cnn_api,5205.81,-0.7239
2024/04/03,69.4,cnn_api,5211.49,0.1091
2024/04/04,53.8,cnn_api,5147.21,-1.2334
2024/04/05,58.1,cnn_api,5204.34,1.1099
2024/04/08,64.03,cnn_api,5202.39,-0.0375
2024/04/09,59.63,cnn_api,5209.91,0.1445
2024/04/10,49.67,cnn_api,5160.64,-0.9457
2024/04/11,56.66,cnn_api,5199.06,0.7445
2024/04/12,45.01,cnn_api,5123.41,-1.4551
2024/04/15,38.4,cnn_api,5061.82,-1.2021
2024/04/16,35.11,cnn_api,5051.41,-0.2057
2024/04/17,31.16,cnn_api,5022.21,-0.5781
2024/04/18,30.4,cnn_api,5011.12,-0.2208
2024/04/19,27.67,cnn_api,4967.23,-0.8759
2024/04/22,34.17,cnn_api,5010.6,0.8731
2024/04/23,36.57,cnn_api,5070.55,1.1965
2024/04/24,37.49,cnn_api,5071.63,0.0213
2024/04/25,39.09,cnn_api,5048.42,-0.4576
2024/04/26,40.51,cnn_api,5099.96,1.0209
2024/04/29,42.43,cnn_api,5116.17,0.3178
2024/04/30,40.54,cnn_api,5035.69,-1.5731
2024/05/01,40.51,cnn_api,5018.39,-0.3435
2024/05/02,42.23,cnn_api,5064.2,0.9128
2024/05/03,43.26,cnn_api,5127.79,1.2557
2024/05/06,39,cnn_api,5180.74,1.0326
2024/05/07,37.17,cnn_api,5187.7,0.1343
2024/05/08,38.17,cnn_api,5187.67,-0.0006
2024/05/09,42.23,cnn_api,5214.08,0.5091
2024/05/10,46.03,cnn_api,5222.68,0.1649
2024/05/13,48.11,cnn_api,5221.42,-0.0241
2024/05/14,55.29,cnn_api,5246.68,0.4838
2024/05/15,59.37,cnn_api,5308.15,1.1716
2024/05/16,62.31,cnn_api,5297.1,-0.2082
2024/05/17,62.8,cnn_api,5303.27,0.1165
2024/05/20,60.43,cnn_api,5308.13,0.0916
2024/05/21,59.43,cnn_api,5321.41,0.2502
2024/05/22,58.51,cnn_api,5307.01,-0.2706
2024/05/23,52.37,cnn_api,5267.84,-0.7381
2024/05/24,51.74,cnn_api,5304.72,0.7001
2024/05/28,54.69,cnn_api,5306.04,0.0249
2024/05/29,49.97,cnn_api,5266.95,-0.7367
2024/05/30,45.09,cnn_api,5235.48,-0.5975
2024/05/31,48.43,cnn_api,5277.51,0.8028
2024/06/03,45.49,cnn_api,5283.4,0.1116
2024/06/04,47.63,cnn_api,5291.34,0.1503
2024/06/05,51.14,cnn_api,5354.03,1.1848
2024/06/06,45.31,cnn_api,5352.96,-0.02
2024/06/07,43.4,cnn_api,5346.99,-0.1115
2024/06/10,44.74,cnn_api,5360.79,0.2581
2024/06/11,44.4,cnn_api,5375.32,0.271
2024/06/12,46.57,cnn_api,5421.03,0.8504
2024/06/13,44.57,cnn_api,5433.74,0.2345
2024/06/14,41.11,cnn_api,5431.6,-0.0394
2024/06/17,43.29,cnn_api,5473.23,0.7664
2024/06/18,41.29,cnn_api,5487.03,0.2521
2024/06/20,38.71,cnn_api,5473.17,-0.2526
2024/06/21,39.06,cnn_api,5464.62,-0.1562
2024/06/24,37.77,cnn_api,5447.87,-0.3065
2024/06/25,37.29,cnn_api,5469.3,0.3934
2024/06/26,40.89,cnn_api,5477.9,0.1572
2024/06/27,45.51,cnn_api,5482.87,0.0907
2024/06/28,44.31,cnn_api,5460.48,-0.4084
2024/07/01,47.94,cnn_api,5475.09,0.2676
2024/07/02,49.74,cnn_api,5509.01,0.6195
2024/07/03,48.37,cnn_api,5537.02,0.5084
2024/07/05,49.71,cnn_api,5567.19,0.5449
2024/07/08,51.06,cnn_api,5572.85,0.1017
2024/07/09,50.57,cnn_api,5576.98,0.0741
2024/07/10,54.6,cnn_api,5633.91,1.0208
2024/07/11,49.4,cnn_api,5584.54,-0.8763
2024/07/12,54.37,cnn_api,5615.35,0.5517
2024/07/15,57.74,cnn_api,5631.22,0.2826
2024/07/16,57.03,cnn_api,5667.2,0.6389
2024/07/17,46.11,cnn_api,5588.27,-1.3928
2024/07/18,45.94,cnn_api,5544.59,-0.7816
2024/07/19,43,cnn_api,5505,-0.714
2024/07/22,48.43,cnn_api,5564.41,1.0792
2024/07/23,46.86,cnn_api,5555.74,-0.1558
2024/07/24,38.61,cnn_api,5427.13,-2.3149
2024/07/25,39.07,cnn_api,5399.22,-0.5143
2024/07/26,42.54,cnn_api,5459.1,1.109
2024/07/29,42.07,cnn_api,5463.54,0.0813
2024/07/30,40.8,cnn_api,5436.44,-0.496
2024/07/31,46.89,cnn_api,5522.3,1.5793
2024/08/01,42.69,cnn_api,5446.68,-1.3694
2024/08/02,41.39,cnn_api,5346.56,-1.8382
2024/08/05,33.06,cnn_api,5186.33,-2.9969
2024/08/06,19.01,cnn_api,5240.03,1.0354
2024/08/07,16.56,cnn_api,5199.5,-0.7735
2024/08/08,17.66,cnn_api,5319.31,2.3043
2024/08/09,24.09,cnn_api,5344.16,0.4672
2024/08/12,23.8,cnn_api,5344.39,0.0043
2024/08/13,25.51,cnn_api,5434.43,1.6848
2024/08/14,26.43,cnn_api,5455.21,0.3824
2024/08/15,32.37,cnn_api,5543.22,1.6133
2024/08/16,33.74,cnn_api,5554.25,0.199
2024/08/19,39.89,cnn_api,5608.25,0.9722
2024/08/20,44.69,cnn_api,5597.12,-0.1985
2024/08/21,50.23,cnn_api,5620.85,0.424
2024/08/22,46.77,cnn_api,5570.64,-0.8933
2024/08/23,51.57,cnn_api,5634.61,1.1483
2024/08/26,52.94,cnn_api,5616.84,-0.3154
2024/08/27,52.29,cnn_api,5625.8,0.1595
2024/08/28,51.09,cnn_api,5592.18,-0.5976
2024/08/29,56.06,cnn_api,5591.96,-0.0039
2024/08/30,60.31,cnn_api,5648.4,1.0093
2024/09/03,56.34,cnn_api,5528.93,-2.1151
2024/09/04,56.63,cnn_api,5520.07,-0.1603
2024/09/05,50.63,cnn_api,5503.41,-0.3018
2024/09/06,39.34,cnn_api,5408.42,-1.726
2024/09/09,41.97,cnn_api,5471.05,1.158
2024/09/10,39.69,cnn_api,5495.52,0.4473
2024/09/11,43.09,cnn_api,5554.13,1.0665
2024/09/12,42.97,cnn_api,5595.76,0.7495
2024/09/13,48.63,cnn_api,5626.02,0.5408
2024/09/16,50.31,cnn_api,5633.09,0.1257
2024/09/17,54.63,cnn_api,5634.58,0.0265
2024/09/18,55.17,cnn_api,5618.26,-0.2896
2024/09/19,63.8,cnn_api,5713.64,1.6977
2024/09/20,61.2,cnn_api,5702.55,-0.1941
2024/09/23,63.86,cnn_api,5718.57,0.2809
2024/09/24,66.43,cnn_api,5732.93,0.2511
2024/09/25,65.74,cnn_api,5722.26,-0.1861
2024/09/26,70.74,cnn_api,5745.37,0.4039
2024/09/27,67.31,cnn_api,5738.17,-0.1253
2024/09/30,73.69,cnn_api,5762.48,0.4237
2024/10/01,70.31,cnn_api,5708.75,-0.9324
2024/10/02,70.57,cnn_api,5709.54,0.0138
2024/10/03,69.43,cnn_api,5699.94,-0.1681
2024/10/04,71.4,cnn_api,5751.07,0.897
2024/10/07,70.83,cnn_api,5695.94,-0.9586
2024/10/08,71.17,cnn_api,5751.13,0.9689
2024/10/09,71.14,cnn_api,5792.04,0.7113
2024/10/10,70.29,cnn_api,5780.05,-0.207
2024/10/11,71.66,cnn_api,5815.03,0.6052
2024/10/14,74.23,cnn_api,5859.85,0.7708
2024/10/15,71.14,cnn_api,5815.26,-0.7609
2024/10/16,69.03,cnn_api,5842.47,0.4679
2024/10/17,68.57,cnn_api,5841.47,-0.0171
2024/10/18,72.43,cnn_api,5864.67,0.3972
2024/10/21,69.8,cnn_api,5853.98,-0.1823
2024/10/22,70.37,cnn_api,5851.2,-0.0475
2024/10/23,63.2,cnn_api,5797.42,-0.9191
2024/10/24,62.94,cnn_api,5809.86,0.2146
2024/10/25,58.74,cnn_api,5808.12,-0.0299
2024/10/28,60.86,cnn_api,5823.52,0.2651
2024/10/29,60.06,cnn_api,5832.92,0.1614
2024/10/30,57.2,cnn_api,5813.67,-0.33
2024/10/31,40.46,cnn_api,5705.45,-1.8615
2024/11/01,50.49,cnn_api,5728.8,0.4093
2024/11/04,42.43,cnn_api,5712.69,-0.2812
2024/11/05,43.54,cnn_api,5782.76,1.2266
2024/11/06,44,cnn_api,5929.04,2.5296
2024/11/07,59.06,cnn_api,5973.1,0.7431
2024/11/08,59.43,cnn_api,5995.54,0.3757
2024/11/11,66.6,cnn_api,6001.35,0.0969
2024/11/12,66.71,cnn_api,5983.99,-0.2893
2024/11/13,66.31,cnn_api,5985.38,0.0232
2024/11/14,60.31,cnn_api,5949.17,-0.605
2024/11/15,51.2,cnn_api,5870.62,-1.3203
2024/11/18,50.29,cnn_api,5893.62,0.3918
2024/11/19,49.51,cnn_api,5916.98,0.3964
2024/11/20,49.51,cnn_api,5917.11,0.0022
2024/11/21,56.6,cnn_api,5948.71,0.534
2024/11/22,60.71,cnn_api,5969.34,0.3468
2024/11/25,62.89,cnn_api,5987.37,0.302
2024/11/26,65.91,cnn_api,6021.63,0.5722
2024/11/27,64.4,cnn_api,5998.74,-0.3801
2024/11/29,65,cnn_api,6032.38,0.5608
2024/12/02,65.31,cnn_api,6047.15,0.2448
2024/12/03,59.57,cnn_api,6049.88,0.0451
2024/12/04,57.49,cnn_api,6086.49,0.6051
2024/12/05,54.91,cnn_api,6075.11,-0.187
2024/12/06,52.14,cnn_api,6090.27,0.2495
2024/12/09,49.26,cnn_api,6052.85,-0.6144
2024/12/10,46.97,cnn_api,6034.91,-0.2964
2024/12/11,49.2,cnn_api,6084.19,0.8166
2024/12/12,47.11,cnn_api,6051.25,-0.5414
2024/12/13,49.11,cnn_api,6051.09,-0.0026
2024/12/16,56.06,cnn_api,6074.08,0.3799
2024/12/17,51.4,cnn_api,6050.61,-0.3864
2024/12/18,33.13,cnn_api,5872.16,-2.9493
2024/12/19,19.51,cnn_api,5867.08,-0.0865
2024/12/20,27.6,cnn_api,5930.85,1.0869
2024/12/23,30.14,cnn_api,5974.07,0.7287
2024/12/24,34.51,cnn_api,6040.04,1.1043
2024/12/26,34.17,cnn_api,6037.59,-0.0406
2024/12/27,33.83,cnn_api,5970.84,-1.1056
2024/12/30,28.6,cnn_api,5906.94,-1.0702
2024/12/31,26.31,cnn_api,5881.63,-0.4285
2025/01/02,24.31,cnn_api,5868.55,-0.2224
2025/01/03,28.89,cnn_api,5942.47,1.2596
2025/01/06,33.77,cnn_api,5975.38,0.5538
2025/01/07,34.31,cnn_api,5909.03,-1.1104
2025/01/08,31.91,cnn_api,5918.25,0.156
2025/01/10,25.63,cnn_api,5827.04,-1.5412
2025/01/13,25.34,cnn_api,5836.22,0.1575
2025/01/14,25.14,cnn_api,5842.91,0.1146
2025/01/15,27.43,cnn_api,5949.91,1.8313
2025/01/16,27.34,cnn_api,5937.34,-0.2113
2025/01/17,36.03,cnn_api,5996.66,0.9991
2025/01/21,39.91,cnn_api,6049.24,0.8768
2025/01/22,41.63,cnn_api,6086.37,0.6138
2025/01/23,43.69,cnn_api,6118.71,0.5313
2025/01/24,45.8,cnn_api,6101.24,-0.2855
2025/01/27,37.97,cnn_api,6012.28,-1.4581
2025/01/28,40.63,cnn_api,6067.7,0.9218
2025/01/29,42.4,cnn_api,6039.31,-0.4679
2025/01/30,45.91,cnn_api,6071.17,0.5275
2025/01/31,43.77,cnn_api,6040.53,-0.5047
2025/02/03,37.4,cnn_api,5994.57,-0.7609
2025/02/04,37.14,cnn_api,6037.88,0.7225
2025/02/05,38.63,cnn_api,6061.48,0.3909
2025/02/06,39.69,cnn_api,6083.57,0.3644
2025/02/07,38.37,cnn_api,6025.99,-0.9465
2025/02/10,44.71,cnn_api,6066.44,0.6713
2025/02/11,45.4,cnn_api,6068.5,0.034
2025/02/12,41.37,cnn_api,6051.97,-0.2724
2025/02/13,46.6,cnn_api,6115.07,1.0426
2025/02/14,43.69,cnn_api,6114.63,-0.0072
2025/02/18,46.8,cnn_api,6129.58,0.2445
2025/02/19,47.63,cnn_api,6144.15,0.2377
2025/02/20,44.23,cnn_api,6117.52,-0.4334
2025/02/21,36.97,cnn_api,6013.13,-1.7064
2025/02/24,29.54,cnn_api,5983.25,-0.4969
2025/02/25,24.2,cnn_api,5955.25,-0.468
2025/02/26,21.26,cnn_api,5956.06,0.0136
2025/02/27,12.76,cnn_api,5861.57,-1.5865
2025/02/28,20.66,cnn_api,5954.5,1.5854
2025/03/03,12.34,cnn_api,5849.72,-1.7597
2025/03/04,11.04,cnn_api,5778.15,-1.2235
2025/03/05,11.51,cnn_api,5842.63,1.1159
2025/03/06,17.2,cnn_api,5738.52,-1.7819
2025/03/07,17.64,cnn_api,5770.2,0.5521
2025/03/10,17.07,cnn_api,5614.56,-2.6973
2025/03/11,15.11,cnn_api,5572.07,-0.7568
2025/03/12,15.91,cnn_api,5599.3,0.4887
2025/03/13,15.19,cnn_api,5521.52,-1.3891
2025/03/14,22.06,cnn_api,5638.94,2.1266
2025/03/17,22.57,cnn_api,5675.12,0.6416
2025/03/18,22.23,cnn_api,5614.66,-1.0654
2025/03/19,21.6,cnn_api,5675.29,1.0798
2025/03/20,21.69,cnn_api,5662.89,-0.2185
2025/03/21,22.69,cnn_api,5667.56,0.0825
2025/03/24,25.4,cnn_api,5767.57,1.7646
2025/03/25,29.29,cnn_api,5776.65,0.1574
2025/03/26,28.89,cnn_api,5712.2,-1.1157
2025/03/27,28.34,cnn_api,5693.31,-0.3307
2025/03/28,26.37,cnn_api,5580.94,-1.9737
2025/03/31,21.11,cnn_api,5611.85,0.5539
2025/04/01,19.57,cnn_api,5633.07,0.3781
2025/04/02,22.6,cnn_api,5670.97,0.6728
2025/04/03,12.14,cnn_api,5396.52,-4.8396
2025/04/04,5.39,cnn_api,5074.08,-5.975
2025/04/07,4,cnn_api,5062.25,-0.2331
2025/04/08,2.9,cnn_api,4982.77,-1.5701
2025/04/09,9.5,cnn_api_live,5456.9,9.5154
2025/04/10,5.61,cnn_api_live,5268.05,-3.4608
2025/04/11,8.39,cnn_api_live,5363.36,1.8092
2025/04/14,12.34,cnn_api_live,5405.97,0.7945
2025/04/15,13.11,cnn_api_live,5396.63,-0.1728
2025/04/16,11.14,cnn_api_live,5275.7,-2.2408
2025/04/17,16.06,cnn_api_live,5282.7,0.1327
2025/04/21,12.37,cnn_api_live,5158.2,-2.3567
2025/04/22,13.6,cnn_api_live,5287.76,2.5117
2025/04/23,21.54,cnn_api_live,5375.86,1.6661
2025/04/24,24.09,cnn_api_live,5484.77,2.0259
2025/04/25,34.51,cnn_api_live,5525.21,0.7373
2025/04/28,32.14,cnn_api_live,5528.75,0.0641
2025/04/29,32.74,cnn_api_live,5560.83,0.5802
2025/04/30,32.37,cnn_api_live,5569.06,0.148
2025/05/01,41.26,cnn_api_live,5604.14,0.6299
2025/05/02,38.29,cnn_api_live,5686.67,1.4727
2025/05/05,53.06,cnn_api_live,5650.38,-0.6382
2025/05/06,54.66,cnn_api_live,5606.91,-0.7693
2025/05/07,54.14,cnn_api_live,5631.28,0.4346
2025/05/08,57.66,cnn_api_live,5663.94,0.58
2025/05/09,60.03,cnn_api_live,5659.91,-0.0711
2025/05/12,64.49,cnn_api_live,5844.19,3.2559
2025/05/13,68.2,cnn_api_live,5886.55,0.7248
2025/05/14,70.4,cnn_api_live,5892.58,0.1024
2025/05/15,69.14,cnn_api_live,5916.93,0.4132
2025/05/16,70.6,cnn_api_live,5958.38,0.7005
2025/05/19,69.74,cnn_api_live,5963.6,0.0876
2025/05/20,69.17,cnn_api_live,5940.46,-0.388
2025/05/21,66.23,cnn_api_live,5844.61,-1.6135
2025/05/22,66.8,cnn_api_live,5842.01,-0.0445
2025/05/23,64.09,cnn_api_live,5802.82,-0.6708
2025/05/27,65.74,cnn_api_live,5921.54,2.0459
2025/05/28,64.74,cnn_api_live,5888.55,-0.5571
2025/05/29,64.46,cnn_api_live,5912.17,0.4011
2025/05/30,61.91,cnn_api_live,5911.69,-0.0081
2025/06/02,62.43,cnn_api_live,5935.94,0.4102
2025/06/03,54.57,cnn_api_live,5970.37,0.58
2025/06/04,54.89,cnn_api_live,5970.81,0.0074
2025/06/05,57.97,cnn_api_live,5939.3,-0.5277
2025/06/06,61.77,cnn_api_live,6000.36,1.0281
2025/06/09,63.43,cnn_api_live,6005.88,0.092
2025/06/10,64,cnn_api_live,6038.81,0.5483
2025/06/11,64.2,cnn_api_live,6022.24,-0.2744
2025/06/12,64.6,cnn_api_live,6045.26,0.3822
2025/06/13,59.54,cnn_api_live,5976.97,-1.1296
2025/06/16,61.11,cnn_api_live,6033.11,0.9393
2025/06/17,57.43,cnn_api_live,5982.72,-0.8352
2025/06/18,54.29,cnn_api_live,5980.87,-0.0309
2025/06/20,54.51,cnn_api_live,5967.84,-0.2179
2025/06/23,56.6,cnn_api_live,6025.17,0.9607
2025/06/24,57.89,cnn_api_live,6092.18,1.1122
2025/06/25,59.26,cnn_api_live,6092.16,-0.0003
2025/06/26,63,cnn_api_live,6141.02,0.802
2025/06/27,64.8,cnn_api_live,6173.07,0.5219
2025/06/30,69.23,cnn_api_live,6204.95,0.5164
2025/07/01,67.54,cnn_api_live,6198.01,-0.1119
2025/07/02,63.71,cnn_api_live,6227.42,0.4745
2025/07/03,77.63,cnn_api_live,6279.35,0.8339
2025/07/07,75.09,cnn_api_live,6229.98,-0.7862
2025/07/08,74.63,cnn_api_live,6225.52,-0.0716
2025/07/09,75.91,cnn_api_live,6263.26,0.6062
2025/07/10,76.97,cnn_api_live,6280.46,0.2746
2025/07/11,75.26,cnn_api_live,6259.75,-0.3298
2025/07/14,76.11,cnn_api_live,6268.56,0.1407
2025/07/15,73.49,cnn_api_live,6243.76,-0.3956
2025/07/16,72.94,cnn_api_live,6263.7,0.3194
2025/07/17,74.17,cnn_api_live,6297.36,0.5374
2025/07/18,73.94,cnn_api_live,6296.79,-0.009
2025/07/21,73.29,cnn_api_live,6305.6,0.1399
2025/07/22,73.89,cnn_api_live,6309.62,0.0638
2025/07/23,76.37,cnn_api_live,6358.91,0.7812
2025/07/24,75.26,cnn_api_live,6363.35,0.0698
2025/07/25,74.66,cnn_api_live,6388.64,0.3974
2025/07/28,73.8,cnn_api_live,6389.77,0.0177
2025/07/29,70.63,cnn_api_live,6370.86,-0.2959
2025/07/30,68.03,cnn_api_live,6362.9,-0.1249
2025/07/31,63.71,cnn_api_live,6339.39,-0.3695
2025/08/01,49.8,cnn_api_live,6238.01,-1.5992
2025/08/04,56.89,cnn_api_live,6329.94,1.4737
2025/08/05,55.03,cnn_api_live,6299.19,-0.4858
2025/08/06,55.31,cnn_api_live,6345.06,0.7282
2025/08/07,54.71,cnn_api_live,6340,-0.0797
2025/08/08,58.37,cnn_api_live,6389.45,0.78
2025/08/11,57.63,cnn_api_live,6373.45,-0.2504
2025/08/12,62.26,cnn_api_live,6445.76,1.1345
2025/08/13,63.34,cnn_api_live,6466.58,0.323
2025/08/14,63.26,cnn_api_live,6468.54,0.0303
2025/08/15,63.54,cnn_api_live,6449.8,-0.2897
2025/08/18,64.2,cnn_api_live,6449.15,-0.0101
2025/08/19,59.89,cnn_api_live,6411.37,-0.5858
2025/08/20,55.91,cnn_api_live,6395.78,-0.2432
2025/08/21,52.6,cnn_api_live,6370.17,-0.4004
2025/08/22,55.54,cnn_api_live,6466.91,1.5186
2025/08/25,53.94,cnn_api_live,6439.32,-0.4266
2025/08/26,55.4,cnn_api_live,6465.94,0.4134
2025/08/27,59.11,cnn_api_live,6481.4,0.2391
2025/08/28,64.43,cnn_api_live,6501.86,0.3157
2025/08/29,61.54,cnn_api_live,6460.26,-0.6398
2025/09/02,62.46,cnn_api_live,6415.54,-0.6922
2025/09/03,61.37,cnn_api_live,6448.26,0.51
2025/09/04,61.17,cnn_api_live,6502.08,0.8346
2025/09/05,58.69,cnn_api_live,6481.5,-0.3165
2025/09/08,58.23,cnn_api_live,6495.15,0.2106
2025/09/09,57.94,cnn_api_live,6512.61,0.2688
2025/09/10,57.94,cnn_api_live,6532.04,0.2983
2025/09/11,60.34,cnn_api_live,6587.47,0.8486
2025/09/12,61.34,cnn_api_live,6584.29,-0.0483
2025/09/15,64.46,cnn_api_live,6615.28,0.4707
2025/09/16,64.37,cnn_api_live,6606.76,-0.1288
2025/09/17,63.77,cnn_api_live,6600.35,-0.097
2025/09/18,66.54,cnn_api_live,6631.96,0.4789
2025/09/19,66.23,cnn_api_live,6664.36,0.4885
2025/09/22,66.51,cnn_api_live,6693.75,0.441
2025/09/23,56.77,cnn_api_live,6656.92,-0.5502
2025/09/24,54.57,cnn_api_live,6637.97,-0.2847
2025/09/25,50.66,cnn_api_live,6604.72,-0.5009
2025/09/26,51.29,cnn_api_live,6643.7,0.5902
2025/09/29,50.97,cnn_api_live,6661.21,0.2636
2025/09/30,51.4,cnn_api_live,6688.46,0.4091
2025/10/01,52.49,cnn_api_live,6711.2,0.34
2025/10/02,54.54,cnn_api_live,6715.35,0.0618
2025/10/03,52.57,cnn_api_live,6715.79,0.0066
2025/10/06,53.97,cnn_api_live,6740.28,0.3647
2025/10/07,51.86,cnn_api_live,6714.59,-0.3811
2025/10/08,52.94,cnn_api_live,6753.72,0.5828
2025/10/09,48.63,cnn_api_live,6735.11,-0.2756
2025/10/10,30.14,cnn_api_live,6552.51,-2.7112
2025/10/13,29.74,cnn_api_live,6654.72,1.5599
2025/10/14,28.29,cnn_api_live,6644.31,-0.1564
2025/10/15,27.41,cnn_api_live,6671.06,0.4026
2025/10/16,23.11,cnn_api_live,6629.07,-0.6294
2025/10/17,22.33,cnn_api_live,6664.01,0.5271
2025/10/20,29.86,cnn_api_live,6735.13,1.0672
2025/10/21,28.54,cnn_api_live,6735.35,0.0033
2025/10/22,26.37,cnn_api_live,6699.4,-0.5338
2025/10/23,27.57,cnn_api_live,6738.44,0.5827
2025/10/24,32.46,cnn_api_live,6791.69,0.7902
2025/10/27,37.34,cnn_api_live,6875.16,1.229
2025/10/28,39.34,cnn_api_live,6890.89,0.2288
2025/10/29,42.11,cnn_api_live,6890.59,-0.0044
2025/10/30,37.06,cnn_api_live,6822.34,-0.9905
2025/10/31,34.46,cnn_api_live,6840.2,0.2618
2025/11/03,32.6,cnn_api_live,6851.97,0.1721
2025/11/04,20.94,cnn_api_live,6771.55,-1.1737
2025/11/05,23.06,cnn_api_live,6796.29,0.3654
2025/11/06,24.34,cnn_api_live,6720.32,-1.1178
2025/11/07,20.43,cnn_api_live,6728.8,0.1262
2025/11/10,29.94,cnn_api_live,6832.43,1.5401
2025/11/11,30.46,cnn_api_live,6846.61,0.2075
2025/11/12,34.57,cnn_api_live,6850.92,0.063
2025/11/13,24.54,cnn_api_live,6737.49,-1.6557
2025/11/14,22.06,cnn_api_live,6734.11,-0.0502
2025/11/17,11.64,cnn_api_live,6672.41,-0.9162
2025/11/18,8.9,cnn_api_live,6617.32,-0.8256
2025/11/19,7.86,cnn_api_live,6642.16,0.3754
2025/11/20,5.17,cnn_api_live,6538.76,-1.5567
2025/11/21,5.66,cnn_api_live,6602.99,0.9823
2025/11/24,13.69,cnn_api_live,6705.12,1.5467
2025/11/25,15.03,cnn_api_live,6765.88,0.9062
2025/11/26,17.66,cnn_api_live,6812.61,0.6907
2025/11/28,21.77,cnn_api_live,6849.09,0.5355
2025/12/01,22.09,cnn_api_live,6812.63,-0.5323
2025/12/02,23.26,cnn_api_live,6829.37,0.2457
2025/12/03,24.77,cnn_api_live,6849.72,0.298
2025/12/04,36.03,cnn_api_live,6857.12,0.108
2025/12/05,38.14,cnn_api_live,6870.4,0.1937
2025/12/08,40.77,cnn_api_live,6846.51,-0.3477
2025/12/09,40.94,cnn_api_live,6840.51,-0.0876
2025/12/10,36.37,cnn_api_live,6886.68,0.675
2025/12/11,43.74,cnn_api_live,6901,0.2079
2025/12/12,39.29,cnn_api_live,6827.41,-1.0664
2025/12/15,49.31,cnn_api_live,6816.51,-0.1597
2025/12/16,46.4,cnn_api_live,6800.26,-0.2384
2025/12/17,37.69,cnn_api_live,6721.43,-1.1592
2025/12/18,42.37,cnn_api_live,6774.76,0.7934
2025/12/19,44.2,cnn_api_live,6834.5,0.8818
2025/12/22,54.89,cnn_api_live,6878.49,0.6436
2025/12/23,58.57,cnn_api_live,6909.79,0.455
2025/12/24,58,cnn_api_live,6932.05,0.3221
2025/12/26,54.86,cnn_api_live,6929.94,-0.0304
2025/12/29,47.89,cnn_api_live,6905.74,-0.3492
2025/12/30,46.11,cnn_api_live,6896.24,-0.1376
2025/12/31,43.26,cnn_api_live,6845.5,-0.7358
2026/01/02,45.23,cnn_api_live,6858.47,0.1895
2026/01/05,47.6,cnn_api_live,6902.05,0.6354
2026/01/06,52.86,cnn_api_live,6944.82,0.6197
2026/01/07,48.57,cnn_api_live,6920.93,-0.344
2026/01/08,48.37,cnn_api_live,6921.46,0.0077
2026/01/09,54.11,cnn_api_live,6966.28,0.6475
2026/01/12,58,cnn_api_live,6977.27,0.1578
2026/01/13,59.09,cnn_api_live,6963.74,-0.1939
2026/01/14,58.63,cnn_api_live,6926.6,-0.5333
2026/01/15,63.66,cnn_api_live,6944.47,0.258
2026/01/16,63.77,cnn_api_live,6940.01,-0.0642
2026/01/20,50.86,cnn_api_live,6796.86,-2.0627
2026/01/21,53.86,cnn_api_live,6875.62,1.1588
2026/01/22,54.77,cnn_api_live,6913.35,0.5488
2026/01/23,54.89,cnn_api_live,6915.61,0.0327
2026/01/26,57.66,cnn_api_live,6950.23,0.5006
2026/01/27,64.97,cnn_api_live,6978.6,0.4082
2026/01/28,65.54,cnn_api_live,6978.03,-0.0082
2026/01/29,63.83,cnn_api_live,6969.01,-0.1293
2026/01/30,58.6,cnn_api_live,6939.03,-0.4302
2026/02/02,63.4,cnn_api_live,6976.44,0.5391
2026/02/03,43.34,cnn_api_live,6917.81,-0.8404
2026/02/04,47.23,cnn_api_live,6882.72,-0.5072
2026/02/05,34.94,cnn_api_live,6798.4,-1.2251
2026/02/06,45.37,cnn_api_live,6932.3,1.9696
2026/02/09,48.49,cnn_api_live,6964.82,0.4691
2026/02/10,47.23,cnn_api_live,6941.81,-0.3304
2026/02/11,49.91,cnn_api_live,6941.47,-0.0049
2026/02/12,36.36,cnn_api_live,6832.76,-1.5661
2026/02/13,33.84,cnn_api_live,6836.17,0.0499
2026/02/17,33.31,cnn_api_live,6843.22,0.1031
2026/02/18,34.16,cnn_api_live,6881.31,0.5566
2026/02/19,34.4,cnn_api_live,6861.89,-0.2822
2026/02/20,42.34,cnn_api_live,6909.51,0.694
2026/02/23,32.54,cnn_api_live,6837.75,-1.0386
2026/02/24,40.26,cnn_api_live,6890.07,0.7652
2026/02/25,43.14,cnn_api_live,6946.13,0.8136
2026/02/26,42.91,cnn_api_live,6908.86,-0.5366
2026/02/27,41.17,cnn_api_live,6878.88,-0.4339
2026/03/02,34.29,cnn_api_live,6881.62,0.0398
2026/03/03,31.63,cnn_api_live,6816.63,-0.9444
2026/03/04,33.07,cnn_api_live,6869.5,0.7756
2026/03/05,31.63,cnn_api_live,6830.71,-0.5647
2026/03/06,25.26,cnn_api_live,6740.02,-1.3277
2026/03/09,22.23,cnn_api_live,6795.99,0.8304
2026/03/10,20.27,cnn_api_live,6781.48,-0.2135
2026/03/11,18.31,cnn_api_live,6775.8,-0.0838
2026/03/12,21.15,cnn_api_live,6672.62,-1.5228
2026/03/13,16.67,cnn_api_live,6632.19,-0.6059
2026/03/16,23.91,cnn_api_live,6699.38,1.0131
2026/03/17,22.89,cnn_api_live,6716.09,0.2494
2026/03/18,13.61,cnn_api_live,6624.7,-1.3608
2026/03/19,18.31,cnn_api_live,6606.49,-0.2749
2026/03/20,8.4,cnn_api_live,6506.48,-1.5138
2026/03/23,11.63,cnn_api_live,6581,1.1453
2026/03/24,10.36,cnn_api_live,6556.37,-0.3743
2026/03/25,16.54,cnn_api_live,6591.9,0.5419
2026/03/26,10.26,cnn_api_live,6477.16,-1.7406
2026/03/27,8.17,cnn_api_live,6368.85,-1.6722
2026/03/30,5.77,cnn_api_live,6343.72,-0.3946
2026/03/31,14.89,cnn_api_live,6528.52,2.9131
2026/04/01,15.86,cnn_api_live,6575.32,0.7169
2026/04/02,18.29,cnn_api_live,6582.69,0.1121
2026/04/03,23.74,cnn_api_live,,
2026/04/06,21.86,cnn_api_live,6611.83,0.4427
2026/04/07,21.57,cnn_api_live,6616.85,0.0759
2026/04/08,29.17,cnn_api_live,6782.81,2.5081
2026/04/09,33.8,cnn_api_live,6824.66,0.617
2026/04/10,38.06,cnn_api_live,,
2026/04/13,40.97,cnn_api_live,,
2026/04/14,47.26,cnn_api_live,,
2026/04/15,56.2,cnn_api_live,,
2026/04/16,61.49,cnn_api_live,,
2026/04/17,68.57,cnn_api_live,,
2026/04/20,69.97,cnn_api_live,,
2026/04/21,67.57,cnn_api_live,,
2026/04/22,68.46,cnn_api_live,,
2026/04/23,66.17,cnn_api_live,,
2026/04/24,65.4,cnn_api_live,,
2026/04/27,66.29,cnn_api_live,,
2026/04/28,67.43,cnn_api_live,,
2026/04/29,66.23,cnn_api_live,,
2026/04/30,69.51,cnn_api_live,,
2026/05/01,71.17,cnn_api_live,,
2026/05/04,66.89,cnn_api_live,,
2026/05/05,67.26,cnn_api_live,,
2026/05/06,68.74,cnn_api_live,,
2026/05/07,66.4,cnn_api_live,,
2026/05/08,66.69,cnn_api_live,,
2026/05/11,65.4,cnn_api_live,,
2026/05/12,65.11,cnn_api_live,,
2026/05/13,64.03,cnn_api_live,,
2026/05/14,64.97,cnn_api_live,,
2026/05/15,62.97,cnn_api_live,,
2026/05/18,61.54,cnn_api_live,,
2026/05/19,59.37,cnn_api_live,,
2026/05/20,60.23,cnn_api_live,,
2026/05/21,57.94,cnn_api_live,,
2026/05/22,58.97,cnn_api_live,,
2026/05/26,60.91,cnn_api_live,,
2026/05/27,60.54,cnn_api_live,,
2026/05/28,60.03,cnn_api_live,,
2026/05/29,59.51,cnn_api_live,,
2026/06/01,56.54,cnn_api_live,,
2026/06/02,56.06,cnn_api_live,,
2026/06/03,53.03,cnn_api_live,,
2026/06/04,53.86,cnn_api_live,,
2026/06/05,41.83,cnn_api_live,,
2026/06/08,39.86,cnn_api_live,,
2026/06/09,32.43,cnn_api_live,,
2026/06/10,26.89,cnn_api_live,,
2026/06/11,31.57,cnn_api_live,,
2026/06/12,35.51,cnn_api_live,,
2026/06/15,41.57,cnn_api_live,,
2026/06/16,39.09,cnn_api_live,,
2026/06/17,32.2,cnn_api_live,,
2026/06/18,37.57,cnn_api_live,,
2026/06/19,31.6,cnn_api_live,,
2026/06/22,34.74,cnn_api_live,,
2026/06/23,34.74,cnn_api_live,,
