Date,VIX_Close,SPX_Close,SPX_DailyReturn
1990/01/02,17.24,359.69,1.78
1990/01/03,18.19,358.76,-0.26
1990/01/04,19.22,355.67,-0.86
1990/01/05,20.11,352.2,-0.98
1990/01/08,20.26,353.79,0.45
1990/01/09,22.2,349.62,-1.18
1990/01/10,22.44,347.31,-0.66
1990/01/11,20.05,348.53,0.35
1990/01/12,24.64,339.93,-2.47
1990/01/15,26.34,337,-0.86
1990/01/16,24.18,340.75,1.11
1990/01/17,24.16,337.4,-0.98
1990/01/18,24.34,338.19,0.23
1990/01/19,22.5,339.15,0.28
1990/01/22,26.7,330.38,-2.59
1990/01/23,24.72,331.61,0.37
1990/01/24,25.39,330.26,-0.41
1990/01/25,25.63,326.08,-1.27
1990/01/26,26.28,325.8,-0.09
1990/01/29,26.44,325.2,-0.18
1990/01/30,27.25,322.98,-0.68
1990/01/31,25.36,329.08,1.89
1990/02/01,24.87,328.79,-0.09
1990/02/02,24.32,330.92,0.65
1990/02/05,24.54,331.85,0.28
1990/02/06,24.69,329.66,-0.66
1990/02/07,24.29,333.75,1.24
1990/02/08,23.77,332.96,-0.24
1990/02/09,23.69,333.62,0.2
1990/02/12,24.38,330.08,-1.06
1990/02/13,23.76,331.02,0.28
1990/02/14,22.05,332.01,0.3
1990/02/15,19.71,334.89,0.87
1990/02/16,20.78,332.72,-0.65
1990/02/20,22.78,327.99,-1.42
1990/02/21,23.89,327.67,-0.1
1990/02/22,22.54,325.7,-0.6
1990/02/23,23.69,324.15,-0.48
1990/02/26,23.56,328.67,1.39
1990/02/27,22.69,330.26,0.48
1990/02/28,21.99,331.89,0.49
1990/03/01,21.9,332.74,0.26
1990/03/02,21.34,335.54,0.84
1990/03/05,22.03,333.74,-0.54
1990/03/06,20.55,337.93,1.26
1990/03/07,19.1,336.95,-0.29
1990/03/08,19.74,340.27,0.99
1990/03/09,20.3,337.93,-0.69
1990/03/12,20.07,338.67,0.22
1990/03/13,21.05,336,-0.79
1990/03/14,19.65,336.87,0.26
1990/03/15,18.81,338.07,0.36
1990/03/16,17.62,341.91,1.14
1990/03/19,18.29,343.53,0.47
1990/03/20,19.06,341.57,-0.57
1990/03/21,20.1,339.74,-0.54
1990/03/22,22.74,335.69,-1.19
1990/03/23,20.46,337.22,0.46
1990/03/26,19.59,337.63,0.12
1990/03/27,21.01,341.5,1.15
1990/03/28,19.77,342,0.15
1990/03/29,18.46,340.79,-0.35
1990/03/30,19.73,339.94,-0.25
1990/04/01,19.52,,
1990/04/02,22.84,338.7,-0.36
1990/04/03,20.44,343.64,1.46
1990/04/04,22.03,341.09,-0.74
1990/04/05,21.21,340.73,-0.11
1990/04/06,21.76,340.08,-0.19
1990/04/09,22.3,341.37,0.38
1990/04/10,21.69,342.07,0.21
1990/04/11,17.73,341.92,-0.04
1990/04/12,19.8,344.34,0.71
1990/04/16,20.75,344.74,0.12
1990/04/17,20.38,344.68,-0.02
1990/04/18,22.67,340.72,-1.15
1990/04/19,22.46,338.09,-0.77
1990/04/20,23.33,335.12,-0.88
1990/04/23,24.16,331.05,-1.21
1990/04/24,21.7,330.36,-0.21
1990/04/25,20.86,332.03,0.51
1990/04/26,20.25,332.92,0.27
1990/04/27,22.19,329.11,-1.14
1990/04/30,19.52,330.8,0.51
1990/05/01,18.43,332.25,0.44
1990/05/02,19.32,334.48,0.67
1990/05/03,17.81,335.57,0.33
1990/05/04,17.28,338.39,0.84
1990/05/07,17.65,340.53,0.63
1990/05/08,18.49,342.01,0.43
1990/05/09,18.64,342.86,0.25
1990/05/10,18.59,343.82,0.28
1990/05/11,19.81,352,2.38
1990/05/14,20.14,354.75,0.78
1990/05/15,19.49,354.28,-0.13
1990/05/16,17.71,354,-0.08
1990/05/17,17.27,354.47,0.13
1990/05/18,17.2,354.64,0.05
1990/05/21,16.72,358,0.95
1990/05/22,17.84,358.43,0.12
1990/05/23,17.18,359.29,0.24
1990/05/24,17.7,358.41,-0.24
1990/05/25,17.32,354.58,-1.07
1990/05/29,18.75,360.65,1.71
1990/05/30,17.44,360.86,0.06
1990/05/31,17.37,361.23,0.1
1990/06/01,17.09,363.16,0.53
1990/06/04,18.39,367.4,1.17
1990/06/05,18.97,366.64,-0.21
1990/06/06,17.42,364.96,-0.46
1990/06/07,16.88,363.15,-0.5
1990/06/08,17.58,358.71,-1.22
1990/06/11,16.34,361.63,0.81
1990/06/12,16.6,366.25,1.28
1990/06/13,17.38,364.9,-0.37
1990/06/14,17.4,362.9,-0.55
1990/06/15,15.9,362.91,0
1990/06/18,17.71,356.88,-1.66
1990/06/19,15.23,358.47,0.45
1990/06/20,15.27,359.1,0.18
1990/06/21,14.72,360.47,0.38
1990/06/22,19.36,355.43,-1.4
1990/06/25,17.06,352.31,-0.88
1990/06/26,16.29,352.06,-0.07
1990/06/27,16,355.14,0.87
1990/06/28,16.18,357.63,0.7
1990/06/29,15.5,358.02,0.11
1990/07/01,21.11,,
1990/07/02,16.26,359.54,0.42
1990/07/03,16.11,360.16,0.17
1990/07/05,17.25,355.68,-1.24
1990/07/06,16.41,358.42,0.77
1990/07/09,16.66,359.52,0.31
1990/07/10,16.92,356.49,-0.84
1990/07/11,16.68,361.23,1.33
1990/07/12,17.06,365.44,1.17
1990/07/13,17.09,367.31,0.51
1990/07/16,16.75,368.95,0.45
1990/07/17,16.66,367.52,-0.39
1990/07/18,18.9,364.22,-0.9
1990/07/19,18.56,365.32,0.3
1990/07/20,15.63,361.61,-1.02
1990/07/23,23.68,355.31,-1.74
1990/07/24,21.79,355.79,0.14
1990/07/25,20.19,357.09,0.37
1990/07/26,20.26,355.91,-0.33
1990/07/27,21.12,353.44,-0.69
1990/07/30,21.16,355.55,0.6
1990/07/31,21.11,356.15,0.17
1990/08/01,21.64,355.52,-0.18
1990/08/02,20.43,351.48,-1.14
1990/08/03,28.74,344.86,-1.88
1990/08/06,35.91,334.43,-3.02
1990/08/07,32.75,334.83,0.12
1990/08/08,28.27,338.35,1.05
1990/08/09,24.39,339.94,0.47
1990/08/10,25.75,335.52,-1.3
1990/08/13,25.74,338.84,0.99
1990/08/14,24.18,339.39,0.16
1990/08/15,23.31,340.06,0.2
1990/08/16,27.16,332.39,-2.26
1990/08/17,27.53,327.83,-1.37
1990/08/20,26.46,328.51,0.21
1990/08/21,28.9,321.86,-2.02
1990/08/22,30.55,316.55,-1.65
1990/08/23,36.47,307.06,-3
1990/08/24,33.93,311.51,1.45
1990/08/27,29.63,321.44,3.19
1990/08/28,29.12,321.34,-0.03
1990/08/29,27.38,324.19,0.89
1990/08/30,29.89,318.71,-1.69
1990/08/31,29.9,322.56,1.21
1990/09/01,29.11,322.22,-0.11
1990/09/04,29.58,323.09,0.16
1990/09/05,28.52,324.39,0.4
1990/09/06,30.19,320.46,-1.21
1990/09/07,28.73,323.4,0.92
1990/09/10,29.34,321.63,-0.55
1990/09/11,28.38,321.04,-0.18
1990/09/12,28.12,322.54,0.47
1990/09/13,29.33,318.65,-1.21
1990/09/14,30.56,316.83,-0.57
1990/09/17,29.55,317.77,0.3
1990/09/18,28.82,318.6,0.26
1990/09/19,27.88,316.6,-0.63
1990/09/20,28.66,311.48,-1.62
1990/09/21,30.04,311.32,-0.05
1990/09/24,30.56,304.59,-2.16
1990/09/25,28.81,308.26,1.2
1990/09/26,28.19,305.06,-1.04
1990/09/27,28.67,300.97,-1.34
1990/09/28,29.11,306.05,1.69
1990/10/01,28.06,314.94,2.9
1990/10/02,27.28,315.21,0.09
1990/10/03,27.9,311.4,-1.21
1990/10/04,27.51,312.69,0.41
1990/10/05,27.85,311.5,-0.38
1990/10/08,28.04,313.48,0.64
1990/10/09,30.71,305.1,-2.67
1990/10/10,31.19,300.39,-1.54
1990/10/11,33.98,295.46,-1.64
1990/10/12,31.94,300.03,1.55
1990/10/15,31.64,303.23,1.07
1990/10/16,31.45,298.92,-1.42
1990/10/17,31.37,298.76,-0.05
1990/10/18,29.6,305.74,2.34
1990/10/19,27.86,312.48,2.2
1990/10/22,27.27,314.76,0.73
1990/10/23,27.57,312.36,-0.76
1990/10/24,28.28,312.6,0.08
1990/10/25,29.04,310.17,-0.78
1990/10/26,30.75,304.71,-1.76
1990/10/29,31.54,301.88,-0.93
1990/10/30,30.52,304.06,0.72
1990/10/31,30.04,304,-0.02
1990/11/01,30.25,307.02,0.99
1990/11/02,30.03,311.85,1.57
1990/11/05,29.85,314.59,0.88
1990/11/06,29.11,311.62,-0.94
1990/11/07,30.87,306.01,-1.8
1990/11/08,30.79,307.61,0.52
1990/11/09,26.96,313.74,1.99
1990/11/12,25.6,319.48,1.83
1990/11/13,24.58,317.67,-0.57
1990/11/14,22.89,320.4,0.86
1990/11/15,22.57,317.02,-1.05
1990/11/16,21.34,317.12,0.03
1990/11/19,20.95,319.34,0.7
1990/11/20,20.09,315.31,-1.26
1990/11/21,21.09,316.03,0.23
1990/11/23,20.98,315.1,-0.29
1990/11/26,22.76,316.51,0.45
1990/11/27,22.86,318.1,0.5
1990/11/28,22.96,317.95,-0.05
1990/11/29,23.91,316.42,-0.48
1990/11/30,22.16,322.22,1.83
1990/12/01,26.38,367.07,13.92
1990/12/03,22.29,324.1,0.58
1990/12/04,22.03,326.35,0.69
1990/12/05,20.94,329.92,1.09
1990/12/06,22.62,329.07,-0.26
1990/12/07,22.59,327.75,-0.4
1990/12/10,23.58,328.89,0.35
1990/12/11,23.75,326.44,-0.74
1990/12/12,21.28,330.19,1.15
1990/12/13,23.05,329.34,-0.26
1990/12/14,23.85,326.82,-0.77
1990/12/17,24.85,326.02,-0.24
1990/12/18,23.11,330.05,1.24
1990/12/19,23.08,330.2,0.05
1990/12/20,23.13,330.12,-0.02
1990/12/21,22.66,331.75,0.49
1990/12/24,24.03,329.9,-0.56
1990/12/26,24.18,330.85,0.29
1990/12/27,24.81,328.29,-0.77
1990/12/28,25.05,328.72,0.13
1990/12/31,26.38,330.22,0.46
1991/01/01,20.91,,
1991/01/02,26.62,326.45,-1.14
1991/01/03,27.93,321.91,-1.39
1991/01/04,27.19,321,-0.28
1991/01/07,28.95,315.44,-1.73
1991/01/08,30.38,314.9,-0.17
1991/01/09,33.3,311.49,-1.08
1991/01/10,31.33,314.53,0.98
1991/01/11,32.63,315.23,0.22
1991/01/14,36.2,312.49,-0.87
1991/01/15,36.16,313.73,0.4
1991/01/16,33.2,316.17,0.78
1991/01/17,27.45,327.97,3.73
1991/01/18,25.39,332.23,1.3
1991/01/21,24.33,331.06,-0.35
1991/01/22,24.9,328.31,-0.83
1991/01/23,23.92,330.21,0.58
1991/01/24,22.86,334.78,1.38
1991/01/25,22.2,336.07,0.39
1991/01/28,23.05,336.03,-0.01
1991/01/29,23.17,335.84,-0.06
1991/01/30,21.37,340.91,1.51
1991/01/31,20.91,343.93,0.89
1991/02/01,21.04,343.05,-0.26
1991/02/04,21.86,348.34,1.54
1991/02/05,21.46,351.26,0.84
1991/02/06,22.68,358.07,1.94
1991/02/07,23.6,356.52,-0.43
1991/02/08,23.38,359.35,0.79
1991/02/11,22.56,368.58,2.57
1991/02/12,22.26,365.5,-0.84
1991/02/13,20.86,369.02,0.96
1991/02/14,21.48,364.22,-1.3
1991/02/15,19.57,369.06,1.33
1991/02/19,19.84,369.39,0.09
1991/02/20,22.26,365.14,-1.15
1991/02/21,20.78,364.97,-0.05
1991/02/22,21.01,365.65,0.19
1991/02/25,22.86,367.26,0.44
1991/02/26,20.38,362.81,-1.21
1991/02/27,21.26,367.74,1.36
1991/02/28,21.23,367.07,-0.18
1991/03/01,21.23,370.47,0.93
1991/03/04,20.86,369.33,-0.31
1991/03/05,20.45,376.72,2
1991/03/06,20.55,376.17,-0.15
1991/03/07,21.05,375.91,-0.07
1991/03/08,20.81,374.95,-0.26
1991/03/11,20.88,372.96,-0.53
1991/03/12,18.82,370.03,-0.79
1991/03/13,16.09,374.57,1.23
1991/03/14,14.94,373.5,-0.29
1991/03/15,14.9,373.59,0.02
1991/03/18,15.79,372.11,-0.4
1991/03/19,16.11,366.59,-1.48
1991/03/20,16.04,367.92,0.36
1991/03/21,16.86,366.58,-0.36
1991/03/22,16.49,367.48,0.25
1991/03/25,16.76,369.83,0.64
1991/03/26,16.31,376.3,1.75
1991/03/27,16.55,375.35,-0.25
1991/03/28,16.88,375.22,-0.03
1991/04/01,17.42,371.3,-1.04
1991/04/02,17.4,379.5,2.21
1991/04/03,17.61,378.94,-0.15
1991/04/04,18.01,379.77,0.22
1991/04/05,17.63,375.36,-1.16
1991/04/08,17.41,378.66,0.88
1991/04/09,20.12,373.56,-1.35
1991/04/10,19.73,373.15,-0.11
1991/04/11,17.24,377.63,1.2
1991/04/12,18.45,380.4,0.73
1991/04/15,16.5,381.19,0.21
1991/04/16,15.82,387.62,1.69
1991/04/17,15.47,390.45,0.73
1991/04/18,16.26,388.46,-0.51
1991/04/19,15.68,384.2,-1.1
1991/04/22,16.78,380.95,-0.85
1991/04/23,17.02,381.76,0.21
1991/04/24,16.72,382.76,0.26
1991/04/25,17.15,379.25,-0.92
1991/04/26,17.27,379.02,-0.06
1991/04/29,18.27,373.66,-1.41
1991/04/30,18.24,375.34,0.45
1991/05/01,17.77,380.29,1.32
1991/05/02,17.52,380.52,0.06
1991/05/03,17.24,380.8,0.07
1991/05/06,17.92,380.08,-0.19
1991/05/07,17.46,377.32,-0.73
1991/05/08,17.78,378.51,0.32
1991/05/09,17.17,383.25,1.25
1991/05/10,17.54,375.74,-1.96
1991/05/13,17.66,376.76,0.27
1991/05/14,18,371.62,-1.36
1991/05/15,18.38,368.57,-0.82
1991/05/16,17.24,372.19,0.98
1991/05/17,16.64,372.39,0.05
1991/05/20,17.1,372.28,-0.03
1991/05/21,16.07,375.35,0.82
1991/05/22,16.16,376.19,0.22
1991/05/23,16.11,374.96,-0.33
1991/05/24,15.23,377.49,0.67
1991/05/28,15.67,381.94,1.18
1991/05/29,15.9,382.79,0.22
1991/05/30,16.02,386.96,1.09
1991/05/31,15.93,389.83,0.74
1991/06/01,19.55,395.43,1.44
1991/06/03,16.87,388.06,-0.45
1991/06/04,16.17,387.74,-0.08
1991/06/05,16.4,385.09,-0.68
1991/06/06,16.93,383.63,-0.38
1991/06/07,16.98,379.43,-1.09
1991/06/10,17.47,378.57,-0.23
1991/06/11,17.32,381.05,0.66
1991/06/12,17.72,376.65,-1.15
1991/06/13,16.99,377.63,0.26
1991/06/14,15.98,382.29,1.23
1991/06/17,15.5,380.13,-0.57
1991/06/18,16.14,378.59,-0.41
1991/06/19,17.44,375.09,-0.92
1991/06/20,16.75,375.42,0.09
1991/06/21,16.51,377.75,0.62
1991/06/24,18.28,370.94,-1.8
1991/06/25,17.85,370.65,-0.08
1991/06/26,17.98,371.59,0.25
1991/06/27,17.87,374.4,0.76
1991/06/28,19.55,371.16,-0.87
1991/07/01,18.64,377.92,1.82
1991/07/02,17.63,377.47,-0.12
1991/07/03,19.47,373.33,-1.1
1991/07/05,18.35,374.08,0.2
1991/07/08,20.29,377.94,1.03
1991/07/09,19.76,376.11,-0.48
1991/07/10,19.19,375.74,-0.1
1991/07/11,17.39,376.97,0.33
1991/07/12,18.29,380.25,0.87
1991/07/15,17.78,382.39,0.56
1991/07/16,17.49,381.54,-0.22
1991/07/17,17.52,381.18,-0.09
1991/07/18,15.77,385.37,1.1
1991/07/19,15.5,384.22,-0.3
1991/07/22,16.9,382.88,-0.35
1991/07/23,16.58,379.42,-0.9
1991/07/24,16.41,378.64,-0.21
1991/07/25,15.74,380.96,0.61
1991/07/26,15.45,380.93,-0.01
1991/07/29,15.67,383.15,0.58
1991/07/30,15.47,386.69,0.92
1991/07/31,15.18,387.81,0.29
1991/08/01,15.47,387.12,-0.18
1991/08/02,15.26,387.18,0.02
1991/08/05,15.92,385.06,-0.55
1991/08/06,15.54,390.62,1.44
1991/08/07,15.56,390.56,-0.02
1991/08/08,15.98,389.32,-0.32
1991/08/09,15.45,387.12,-0.57
1991/08/12,15.26,388.02,0.23
1991/08/13,14.73,389.62,0.41
1991/08/14,15.09,389.9,0.07
1991/08/15,15.19,389.33,-0.15
1991/08/16,16.01,385.58,-0.96
1991/08/19,21.19,376.47,-2.36
1991/08/20,18.86,379.43,0.79
1991/08/21,15.62,390.59,2.94
1991/08/22,14.59,391.33,0.19
1991/08/23,14.41,394.17,0.73
1991/08/26,14.81,393.85,-0.08
1991/08/27,15.46,393.06,-0.2
1991/08/28,15.31,396.64,0.91
1991/08/29,14.82,396.47,-0.04
1991/08/30,14.46,395.43,-0.26
1991/09/01,15.85,375.22,-5.11
1991/09/03,16.57,392.15,-0.83
1991/09/04,17.18,389.97,-0.56
1991/09/05,17.31,389.14,-0.21
1991/09/06,16.76,389.1,-0.01
1991/09/09,17.73,388.57,-0.14
1991/09/10,18.22,384.56,-1.03
1991/09/11,17.96,385.09,0.14
1991/09/12,16.21,387.34,0.58
1991/09/13,17.88,383.59,-0.97
1991/09/16,17.82,385.78,0.57
1991/09/17,17.68,385.5,-0.07
1991/09/18,17.56,386.94,0.37
1991/09/19,17.56,387.56,0.16
1991/09/20,17.08,387.92,0.09
1991/09/23,16.38,385.92,-0.52
1991/09/24,16.04,387.71,0.46
1991/09/25,15.68,386.88,-0.21
1991/09/26,15.35,386.49,-0.1
1991/09/27,16.31,385.9,-0.15
1991/09/30,15.85,387.86,0.51
1991/10/01,14.81,389.2,0.35
1991/10/02,15.81,388.26,-0.24
1991/10/03,17.04,384.47,-0.98
1991/10/04,15.63,381.25,-0.84
1991/10/07,18.58,379.5,-0.46
1991/10/08,17.81,380.67,0.31
1991/10/09,18.54,376.8,-1.02
1991/10/10,17.8,380.55,1
1991/10/11,17.6,381.45,0.24
1991/10/14,16.71,386.47,1.32
1991/10/15,16.22,391.01,1.17
1991/10/16,14.85,392.8,0.46
1991/10/17,16.32,391.92,-0.22
1991/10/18,15.87,392.5,0.15
1991/10/21,16.66,390.02,-0.63
1991/10/22,16.55,387.83,-0.56
1991/10/23,16.26,387.94,0.03
1991/10/24,15.62,385.07,-0.74
1991/10/25,15.75,384.2,-0.23
1991/10/28,15.45,389.52,1.38
1991/10/29,15.55,391.48,0.5
1991/10/30,15.46,392.96,0.38
1991/10/31,15.48,392.45,-0.13
1991/11/01,15.6,391.32,-0.29
1991/11/04,16.35,390.28,-0.27
1991/11/05,16.48,388.71,-0.4
1991/11/06,16.47,389.97,0.32
1991/11/07,15.97,393.72,0.96
1991/11/08,15.43,392.89,-0.21
1991/11/11,14.89,393.12,0.06
1991/11/12,14.04,396.74,0.92
1991/11/13,13.95,397.41,0.17
1991/11/14,13.96,397.15,-0.07
1991/11/15,21.18,382.62,-3.66
1991/11/18,18.28,385.24,0.68
1991/11/19,20.34,379.42,-1.51
1991/11/20,20.4,378.53,-0.23
1991/11/21,19.11,380.06,0.4
1991/11/22,21.2,376.14,-1.03
1991/11/25,21.92,375.34,-0.21
1991/11/26,19.8,377.96,0.7
1991/11/27,19.84,376.55,-0.37
1991/11/29,20.26,375.22,-0.35
1991/12/01,19.31,412.7,9.99
1991/12/02,20.18,381.4,1.65
1991/12/03,19.7,380.96,-0.12
1991/12/04,19.54,380.07,-0.23
1991/12/05,20.19,377.39,-0.71
1991/12/06,19.04,379.1,0.45
1991/12/09,19.74,378.26,-0.22
1991/12/10,19.89,377.9,-0.1
1991/12/11,20.57,377.7,-0.05
1991/12/12,19.08,381.55,1.02
1991/12/13,17.88,384.47,0.77
1991/12/16,17.62,384.46,0
1991/12/17,18.12,382.74,-0.45
1991/12/18,17.78,383.48,0.19
1991/12/19,17.96,382.52,-0.25
1991/12/20,17.65,387.04,1.18
1991/12/23,16.61,396.82,2.53
1991/12/24,15.67,399.33,0.63
1991/12/26,15.44,404.84,1.38
1991/12/27,15.7,406.46,0.4
1991/12/30,17.63,415.14,2.14
1991/12/31,19.31,417.09,0.47
1992/01/01,17.4,,
1992/01/02,18.95,417.26,0.04
1992/01/03,18.75,419.34,0.5
1992/01/06,18.96,417.96,-0.33
1992/01/07,19.23,417.4,-0.13
1992/01/08,18.72,418.1,0.17
1992/01/09,18.96,417.61,-0.12
1992/01/10,18.45,415.1,-0.6
1992/01/13,18.01,414.34,-0.18
1992/01/14,17.01,420.44,1.47
1992/01/15,17.39,420.77,0.08
1992/01/16,17.64,418.21,-0.61
1992/01/17,16.32,418.86,0.16
1992/01/20,16.42,416.36,-0.6
1992/01/21,17.92,412.64,-0.89
1992/01/22,16.75,418.13,1.33
1992/01/23,16.46,414.96,-0.76
1992/01/24,16.24,415.48,0.13
1992/01/27,16.67,414.99,-0.12
1992/01/28,17.67,414.96,-0.01
1992/01/29,17.62,410.34,-1.11
1992/01/30,17.49,411.62,0.31
1992/01/31,17.4,408.78,-0.69
1992/02/01,16.68,,
1992/02/03,18.2,409.53,0.18
1992/02/04,17.96,413.85,1.05
1992/02/05,18.22,413.84,0
1992/02/06,18.79,413.82,0
1992/02/07,18.51,411.09,-0.66
1992/02/10,18.56,413.77,0.65
1992/02/11,17.7,413.76,0
1992/02/12,17.37,417.13,0.81
1992/02/13,17.45,413.69,-0.82
1992/02/14,17.03,412.48,-0.29
1992/02/18,18.22,407.38,-1.24
1992/02/19,17.16,408.26,0.22
1992/02/20,16.72,413.9,1.38
1992/02/21,16.87,411.43,-0.6
1992/02/24,17.13,412.27,0.2
1992/02/25,16.35,410.45,-0.44
1992/02/26,16.64,415.35,1.19
1992/02/27,16.51,413.86,-0.36
1992/02/28,16.68,412.7,-0.28
1992/03/01,16.18,415.35,0.64
1992/03/02,16.88,412.45,-0.06
1992/03/03,17.26,412.85,0.1
1992/03/04,17.89,409.33,-0.85
1992/03/05,18.47,406.51,-0.69
1992/03/06,19.75,404.44,-0.51
1992/03/09,19.68,405.21,0.19
1992/03/10,18.68,406.89,0.41
1992/03/11,19.79,404.03,-0.7
1992/03/12,19.72,403.89,-0.03
1992/03/13,18.35,405.84,0.48
1992/03/16,18.46,406.39,0.14
1992/03/17,16.79,409.58,0.78
1992/03/18,16.69,409.15,-0.1
1992/03/19,16.52,409.8,0.16
1992/03/20,16.82,411.3,0.37
1992/03/23,16.73,409.91,-0.34
1992/03/24,16.32,408.88,-0.25
1992/03/25,16.19,407.52,-0.33
1992/03/26,16.29,407.86,0.08
1992/03/27,16.02,403.5,-1.07
1992/03/30,15.97,403,-0.12
1992/03/31,16.18,403.69,0.17
1992/04/01,16.48,404.23,0.13
1992/04/02,17.06,400.5,-0.92
1992/04/03,16.72,401.55,0.26
1992/04/06,16.72,405.59,1.01
1992/04/07,18.81,398.06,-1.86
1992/04/08,20.15,394.5,-0.89
1992/04/09,17.89,400.64,1.56
1992/04/10,16.85,404.29,0.91
1992/04/13,16.99,406.08,0.44
1992/04/14,15.98,412.39,1.55
1992/04/15,15.15,416.28,0.94
1992/04/16,14.85,416.04,-0.06
1992/04/20,15.93,410.18,-1.41
1992/04/21,16.53,410.26,0.02
1992/04/22,15.96,409.81,-0.11
1992/04/23,15.83,411.6,0.44
1992/04/24,15.71,409.02,-0.63
1992/04/27,16.49,408.45,-0.14
1992/04/28,16.24,409.11,0.16
1992/04/29,15.95,412.02,0.71
1992/04/30,15.53,414.95,0.71
1992/05/01,16.61,412.53,-0.58
1992/05/04,16.92,416.91,1.06
1992/05/05,16.66,416.84,-0.02
1992/05/06,16.81,416.79,-0.01
1992/05/07,16.54,415.85,-0.23
1992/05/08,15.65,416.05,0.05
1992/05/11,15.17,418.49,0.59
1992/05/12,15.68,416.29,-0.53
1992/05/13,15.19,416.45,0.04
1992/05/14,15.49,413.14,-0.79
1992/05/15,14.82,410.09,-0.74
1992/05/18,14.62,412.81,0.66
1992/05/19,13.57,416.37,0.86
1992/05/20,13.62,415.39,-0.24
1992/05/21,13.92,412.6,-0.67
1992/05/22,13.73,414.02,0.34
1992/05/26,14.92,411.41,-0.63
1992/05/27,13.99,412.17,0.18
1992/05/28,13.77,416.74,1.11
1992/05/29,13.86,415.35,-0.33
1992/06/01,14.43,417.3,0.47
1992/06/02,14.57,413.5,-0.91
1992/06/03,14.35,414.59,0.26
1992/06/04,13.66,413.26,-0.32
1992/06/05,14.65,413.48,0.05
1992/06/08,15.19,413.36,-0.03
1992/06/09,15.97,410.06,-0.8
1992/06/10,16.62,407.25,-0.69
1992/06/11,16.29,409.05,0.44
1992/06/12,14.95,409.76,0.17
1992/06/15,14.76,410.29,0.13
1992/06/16,15.22,408.32,-0.48
1992/06/17,18.08,402.26,-1.48
1992/06/18,18.2,400.96,-0.32
1992/06/19,16.31,403.67,0.68
1992/06/22,16.66,403.4,-0.07
1992/06/23,14.53,404.04,0.16
1992/06/24,14.4,403.84,-0.05
1992/06/25,14.4,403.12,-0.18
1992/06/26,14.67,403.45,0.08
1992/06/29,13.21,408.94,1.36
1992/06/30,13.35,408.14,-0.2
1992/07/01,13.34,412.88,1.16
1992/07/02,13.88,411.77,-0.27
1992/07/06,14.87,413.84,0.5
1992/07/07,15.83,409.16,-1.13
1992/07/08,15.53,410.28,0.27
1992/07/09,14.6,414.23,0.96
1992/07/10,13.7,414.62,0.09
1992/07/13,14.01,414.87,0.06
1992/07/14,13.5,417.68,0.68
1992/07/15,12.52,417.1,-0.14
1992/07/16,12.27,417.54,0.11
1992/07/17,12.6,415.62,-0.46
1992/07/20,12.66,413.75,-0.45
1992/07/21,12.6,413.76,0
1992/07/22,13.57,410.93,-0.68
1992/07/23,13.33,412.08,0.28
1992/07/24,13.37,411.6,-0.12
1992/07/27,13.9,411.54,-0.01
1992/07/28,13.05,417.52,1.45
1992/07/29,13.44,422.23,1.13
1992/07/30,13.5,423.92,0.4
1992/07/31,13.17,424.21,0.07
1992/08/01,13.58,,
1992/08/03,13.83,425.09,0.21
1992/08/04,13.58,424.36,-0.17
1992/08/05,13.82,422.19,-0.51
1992/08/06,14.23,420.59,-0.38
1992/08/07,13.94,418.88,-0.41
1992/08/10,14.51,419.42,0.13
1992/08/11,15.09,418.9,-0.12
1992/08/12,14.88,417.78,-0.27
1992/08/13,15.34,417.73,-0.01
1992/08/14,14.66,419.91,0.52
1992/08/17,14.61,420.74,0.2
1992/08/18,13.84,421.34,0.14
1992/08/19,14.35,418.19,-0.75
1992/08/20,14.48,418.26,0.02
1992/08/21,15.01,414.85,-0.82
1992/08/24,16.19,410.72,-1
1992/08/25,15.62,411.61,0.22
1992/08/26,14.5,413.51,0.46
1992/08/27,13.66,413.53,0
1992/08/28,13.14,414.84,0.32
1992/08/31,13.58,414.03,-0.2
1992/09/01,13.4,416.07,0.49
1992/09/02,12.73,417.98,0.46
1992/09/03,12.88,417.98,0
1992/09/04,12.98,417.08,-0.22
1992/09/08,13.65,414.44,-0.63
1992/09/09,13.36,416.36,0.46
1992/09/10,12.92,419.95,0.86
1992/09/11,12.47,419.58,-0.09
1992/09/14,13,425.27,1.36
1992/09/15,13.63,419.77,-1.29
1992/09/16,14.72,419.92,0.04
1992/09/17,14.31,419.93,0
1992/09/18,13.74,422.93,0.71
1992/09/21,13.45,422.14,-0.19
1992/09/22,13.88,417.14,-1.18
1992/09/23,13.83,417.44,0.07
1992/09/24,13.44,418.47,0.25
1992/09/25,14.8,414.35,-0.98
1992/09/28,15.19,416.62,0.55
1992/09/29,14.97,416.8,0.04
1992/09/30,14.28,417.8,0.24
1992/10/01,16.31,416.29,-0.36
1992/10/02,17.79,410.47,-1.4
1992/10/05,20.01,407.57,-0.71
1992/10/06,19.95,407.18,-0.1
1992/10/07,21.02,404.25,-0.72
1992/10/08,19.26,407.75,0.87
1992/10/09,20.51,402.66,-1.25
1992/10/12,19.49,407.44,1.19
1992/10/13,17.9,409.3,0.46
1992/10/14,18.42,409.37,0.02
1992/10/15,17.11,409.6,0.06
1992/10/16,17.01,411.73,0.52
1992/10/19,17.31,414.98,0.79
1992/10/20,16.87,415.48,0.12
1992/10/21,16.62,415.67,0.05
1992/10/22,15.84,414.9,-0.19
1992/10/23,16.46,414.1,-0.19
1992/10/26,16.32,418.16,0.98
1992/10/27,16.24,418.49,0.08
1992/10/28,15.95,420.13,0.39
1992/10/29,15.47,420.86,0.17
1992/10/30,16.15,418.68,-0.52
1992/11/01,13.01,,
1992/11/02,16.67,422.75,0.97
1992/11/03,17.33,419.92,-0.67
1992/11/04,16.28,417.11,-0.67
1992/11/05,15.38,418.34,0.29
1992/11/06,14.69,417.58,-0.18
1992/11/09,14.23,418.59,0.24
1992/11/10,14.37,418.62,0.01
1992/11/11,13.99,422.2,0.86
1992/11/12,14.37,422.87,0.16
1992/11/13,14.61,422.43,-0.1
1992/11/16,14.86,420.68,-0.41
1992/11/17,15.01,419.27,-0.34
1992/11/18,14.55,422.85,0.85
1992/11/19,14.33,423.61,0.18
1992/11/20,13.67,426.65,0.72
1992/11/23,13.4,425.12,-0.36
1992/11/24,12.66,427.59,0.58
1992/11/25,12.5,429.19,0.37
1992/11/27,12.58,430.16,0.23
1992/11/30,13.01,431.35,0.28
1992/12/01,12.8,430.78,-0.13
1992/12/02,12.56,429.89,-0.21
1992/12/03,12.03,429.91,0
1992/12/04,11.81,432.06,0.5
1992/12/07,12,435.31,0.75
1992/12/08,11.73,436.99,0.39
1992/12/09,12.58,435.65,-0.31
1992/12/10,12.75,434.64,-0.23
1992/12/11,12.34,433.73,-0.21
1992/12/14,12.66,432.84,-0.21
1992/12/15,12.41,432.57,-0.06
1992/12/16,12.58,431.52,-0.24
1992/12/17,12.14,435.43,0.91
1992/12/18,11.66,441.28,1.34
1992/12/21,11.65,440.7,-0.13
1992/12/22,11.75,440.31,-0.09
1992/12/23,11.51,439.03,-0.29
1992/12/24,11.57,439.77,0.17
1992/12/28,12.22,439.15,-0.14
1992/12/29,12.29,437.98,-0.27
1992/12/30,12.6,438.82,0.19
1992/12/31,12.57,435.71,-0.71
1993/01/01,12.42,,
1993/01/04,13.36,435.38,-0.08
1993/01/05,13.35,434.34,-0.24
1993/01/06,13.37,434.52,0.04
1993/01/07,14.72,430.73,-0.87
1993/01/08,13.77,429.05,-0.39
1993/01/11,12.86,430.95,0.44
1993/01/12,12.78,431.04,0.02
1993/01/13,12.42,433.03,0.46
1993/01/14,11.99,435.94,0.67
1993/01/15,11.57,437.15,0.28
1993/01/18,11.49,436.84,-0.07
1993/01/19,12.06,435.13,-0.39
1993/01/20,12.15,433.37,-0.4
1993/01/21,11.69,435.49,0.49
1993/01/22,11.3,436.11,0.14
1993/01/25,11.38,440.01,0.89
1993/01/26,11.45,439.95,-0.01
1993/01/27,12.01,438.11,-0.42
1993/01/28,12.04,438.66,0.13
1993/01/29,12.42,438.78,0.03
1993/02/01,12.33,442.52,0.85
1993/02/02,12.25,442.55,0.01
1993/02/03,12.12,447.2,1.05
1993/02/04,12.29,449.56,0.53
1993/02/05,12.9,448.93,-0.14
1993/02/08,13.22,447.85,-0.24
1993/02/09,13.48,445.33,-0.56
1993/02/10,13.43,446.23,0.2
1993/02/11,12.69,447.66,0.32
1993/02/12,12.38,444.58,-0.69
1993/02/16,15.76,433.91,-2.4
1993/02/17,15.9,433.3,-0.14
1993/02/18,15.56,431.9,-0.32
1993/02/19,15.02,434.22,0.54
1993/02/22,14.7,435.24,0.23
1993/02/23,15.04,434.8,-0.1
1993/02/24,14.72,440.87,1.4
1993/02/25,13.76,442.34,0.33
1993/02/26,13.16,443.38,0.24
1993/03/01,13.6,442.01,-0.31
1993/03/02,12.49,447.9,1.33
1993/03/03,13.13,449.26,0.3
1993/03/04,13.44,447.34,-0.43
1993/03/05,14.08,446.11,-0.27
1993/03/08,16.22,454.71,1.93
1993/03/09,14.17,454.4,-0.07
1993/03/10,13.91,456.33,0.42
1993/03/11,14.26,453.72,-0.57
1993/03/12,15.66,449.83,-0.86
1993/03/15,14.74,451.43,0.36
1993/03/16,14.51,451.37,-0.01
1993/03/17,14.53,448.31,-0.68
1993/03/18,14.17,451.89,0.8
1993/03/19,13.23,450.18,-0.38
1993/03/22,13.66,448.88,-0.29
1993/03/23,13.02,448.76,-0.03
1993/03/24,12.44,448.07,-0.15
1993/03/25,12.08,450.88,0.63
1993/03/26,12.21,447.78,-0.69
1993/03/29,12.63,450.77,0.67
1993/03/30,12.23,451.97,0.27
1993/03/31,12.53,451.67,-0.07
1993/04/01,13.02,450.3,-0.3
1993/04/02,14.5,441.39,-1.98
1993/04/05,14.12,442.29,0.2
1993/04/06,14.24,441.16,-0.26
1993/04/07,13.64,442.73,0.36
1993/04/08,12.83,441.84,-0.2
1993/04/12,11.93,448.37,1.48
1993/04/13,11.7,449.22,0.19
1993/04/14,11.76,448.66,-0.12
1993/04/15,10.96,448.4,-0.06
1993/04/16,11.29,448.94,0.12
1993/04/19,12.06,447.46,-0.33
1993/04/20,11.94,445.1,-0.53
1993/04/21,12.11,443.63,-0.33
1993/04/22,12.68,439.46,-0.94
1993/04/23,13.36,437.03,-0.55
1993/04/26,15.25,433.54,-0.8
1993/04/27,13.93,438.01,1.03
1993/04/28,13.12,438.02,0
1993/04/29,12.8,438.89,0.2
1993/04/30,12.42,440.19,0.3
1993/05/01,13.47,,
1993/05/03,12.9,442.46,0.52
1993/05/04,12.14,444.05,0.36
1993/05/05,12.38,444.52,0.11
1993/05/06,13.22,443.26,-0.28
1993/05/07,13.01,442.31,-0.21
1993/05/10,13.72,442.8,0.11
1993/05/11,13.35,444.36,0.35
1993/05/12,13.56,444.8,0.1
1993/05/13,14.76,439.23,-1.25
1993/05/14,14.39,439.56,0.08
1993/05/17,14.13,440.37,0.18
1993/05/18,14.19,440.32,-0.01
1993/05/19,14.29,447.57,1.65
1993/05/20,13.98,450.59,0.67
1993/05/21,14.51,445.84,-1.05
1993/05/24,14.1,448,0.48
1993/05/25,14.04,448.85,0.19
1993/05/26,12.88,453.44,1.02
1993/05/27,13.1,452.41,-0.23
1993/05/28,13.47,450.19,-0.49
1993/06/01,13.67,453.83,0.81
1993/06/02,13.48,453.85,0
1993/06/03,13.54,452.49,-0.3
1993/06/04,12.86,450.06,-0.54
1993/06/07,14.07,447.69,-0.53
1993/06/08,14.74,444.71,-0.67
1993/06/09,13.96,445.78,0.24
1993/06/10,13.31,445.38,-0.09
1993/06/11,12.71,447.26,0.42
1993/06/14,12.33,447.71,0.1
1993/06/15,11.99,446.27,-0.32
1993/06/16,11.87,447.43,0.26
1993/06/17,11.66,448.54,0.25
1993/06/18,12.24,443.68,-1.08
1993/06/21,12.25,446.22,0.57
1993/06/22,11.65,445.93,-0.06
1993/06/23,12.04,443.19,-0.61
1993/06/24,12.25,446.62,0.77
1993/06/25,11.25,447.6,0.22
1993/06/28,11.11,451.85,0.95
1993/06/29,11.29,450.69,-0.26
1993/06/30,11.26,450.53,-0.04
1993/07/01,11.51,449.02,-0.34
1993/07/02,11.33,445.84,-0.71
1993/07/06,13.87,441.43,-0.99
1993/07/07,13.05,442.83,0.32
1993/07/08,12.24,448.64,1.31
1993/07/09,10.8,448.11,-0.12
1993/07/12,10.85,448.98,0.19
1993/07/13,11.02,448.09,-0.2
1993/07/14,10.78,450.08,0.44
1993/07/15,10.6,449.22,-0.19
1993/07/16,10.96,445.75,-0.77
1993/07/19,11.46,446.03,0.06
1993/07/20,11.05,447.31,0.29
1993/07/21,11.97,447.18,-0.03
1993/07/22,11.69,444.51,-0.6
1993/07/23,11.32,447.1,0.58
1993/07/26,11.32,449.09,0.45
1993/07/27,11.34,448.24,-0.19
1993/07/28,11.37,447.19,-0.23
1993/07/29,11.25,450.24,0.68
1993/07/30,11.73,448.13,-0.47
1993/08/01,11.85,,
1993/08/02,11.47,450.15,0.45
1993/08/03,11.49,449.27,-0.2
1993/08/04,11.71,448.54,-0.16
1993/08/05,12.03,448.13,-0.09
1993/08/06,12.33,448.68,0.12
1993/08/09,12.39,450.72,0.45
1993/08/10,12.31,449.45,-0.28
1993/08/11,12.07,450.46,0.22
1993/08/12,12.38,448.96,-0.33
1993/08/13,12.19,450.14,0.26
1993/08/16,12.01,452.38,0.5
1993/08/17,11.59,453.13,0.17
1993/08/18,11.52,456.04,0.64
1993/08/19,11.63,456.43,0.09
1993/08/20,11.62,456.16,-0.06
1993/08/23,12.15,455.23,-0.2
1993/08/24,11.8,459.77,1
1993/08/25,12.1,460.13,0.08
1993/08/26,12.14,461.04,0.2
1993/08/27,11.91,460.54,-0.11
1993/08/30,11.74,461.9,0.3
1993/08/31,11.85,463.56,0.36
1993/09/01,11.48,463.15,-0.09
1993/09/02,11.87,461.3,-0.4
1993/09/03,11.16,461.34,0.01
1993/09/07,12.9,458.52,-0.61
1993/09/08,13.24,456.65,-0.41
1993/09/09,12.67,457.5,0.19
1993/09/10,11.7,461.72,0.92
1993/09/13,12.16,462.06,0.07
1993/09/14,13.15,459.9,-0.47
1993/09/15,12.7,461.6,0.37
1993/09/16,13.36,459.43,-0.47
1993/09/17,13.39,458.83,-0.13
1993/09/20,14.6,455.05,-0.82
1993/09/21,17.3,452.95,-0.46
1993/09/22,13.75,456.2,0.72
1993/09/23,13.36,457.74,0.34
1993/09/24,12.47,457.63,-0.02
1993/09/27,12.49,461.8,0.91
1993/09/28,12.19,461.53,-0.06
1993/09/29,12.63,460.11,-0.31
1993/09/30,12.99,458.93,-0.26
1993/10/01,11.83,461.28,0.51
1993/10/04,12.85,461.34,0.01
1993/10/05,12.97,461.2,-0.03
1993/10/06,12.68,460.74,-0.1
1993/10/07,13.14,459.18,-0.34
1993/10/08,12.04,460.31,0.25
1993/10/11,12.26,460.88,0.12
1993/10/12,12.41,461.12,0.05
1993/10/13,11.38,461.49,0.08
1993/10/14,11,466.83,1.16
1993/10/15,10.87,469.5,0.57
1993/10/18,11.33,468.45,-0.22
1993/10/19,11.61,466.21,-0.48
1993/10/20,11.32,466.07,-0.03
1993/10/21,11.2,465.36,-0.15
1993/10/22,11.48,463.27,-0.45
1993/10/25,11.83,464.2,0.2
1993/10/26,11.83,464.3,0.02
1993/10/27,12.01,464.61,0.07
1993/10/28,11.88,467.73,0.67
1993/10/29,11.46,467.83,0.02
1993/11/01,11.78,469.1,0.27
1993/11/02,11.74,468.44,-0.14
1993/11/03,13.26,463.02,-1.16
1993/11/04,14.68,457.49,-1.19
1993/11/05,14.97,459.57,0.45
1993/11/08,14.31,460.21,0.14
1993/11/09,13.94,460.33,0.03
1993/11/10,13.72,463.72,0.74
1993/11/11,13.88,462.64,-0.23
1993/11/12,13.33,465.39,0.59
1993/11/15,14.46,463.75,-0.35
1993/11/16,15.11,466.74,0.64
1993/11/17,15.57,464.81,-0.41
1993/11/18,14.65,463.62,-0.26
1993/11/19,15.03,462.6,-0.22
1993/11/22,15.9,459.13,-0.75
1993/11/23,14.27,461.03,0.41
1993/11/24,13.51,462.36,0.29
1993/11/26,13.77,463.06,0.15
1993/11/29,14.12,461.9,-0.25
1993/11/30,13.76,461.79,-0.02
1993/12/01,13.83,461.89,0.02
1993/12/02,13.51,463.11,0.26
1993/12/03,12.69,464.89,0.38
1993/12/06,12.84,466.43,0.33
1993/12/07,12.41,466.76,0.07
1993/12/08,12.46,466.29,-0.1
1993/12/09,12.43,464.18,-0.45
1993/12/10,12.6,463.93,-0.05
1993/12/13,10.98,465.7,0.38
1993/12/14,11.13,463.06,-0.57
1993/12/15,11.03,461.84,-0.26
1993/12/16,10.9,463.34,0.32
1993/12/17,11.08,466.38,0.66
1993/12/20,10.75,465.85,-0.11
1993/12/21,10.08,465.3,-0.12
1993/12/22,9.31,467.32,0.43
1993/12/23,9.48,467.38,0.01
1993/12/27,9.7,470.54,0.68
1993/12/28,9.82,470.94,0.09
1993/12/29,10.46,470.58,-0.08
1993/12/30,10.69,468.64,-0.41
1993/12/31,11.66,466.45,-0.47
1994/01/01,10.63,,
1994/01/03,12.57,465.44,-0.22
1994/01/04,11.91,466.89,0.31
1994/01/05,10.94,467.55,0.14
1994/01/06,11.27,467.12,-0.09
1994/01/07,10.96,469.9,0.6
1994/01/10,10.74,475.27,1.14
1994/01/11,11.29,474.13,-0.24
1994/01/12,11.65,474.17,0.01
1994/01/13,12.08,472.47,-0.36
1994/01/14,11.15,474.91,0.52
1994/01/17,11.88,473.3,-0.34
1994/01/18,11.63,474.25,0.2
1994/01/19,11.76,474.3,0.01
1994/01/20,11.16,474.98,0.14
1994/01/21,11.09,474.72,-0.05
1994/01/24,11.6,471.97,-0.58
1994/01/25,11.38,470.92,-0.22
1994/01/26,11.17,473.2,0.48
1994/01/27,10.3,477.05,0.81
1994/01/28,9.94,478.7,0.35
1994/01/31,10.63,481.61,0.61
1994/02/01,10.65,479.62,-0.41
1994/02/02,10.61,482,0.5
1994/02/03,10.75,480.71,-0.27
1994/02/04,15.25,469.81,-2.27
1994/02/07,13.96,471.76,0.42
1994/02/08,13.66,471.05,-0.15
1994/02/09,13.3,472.77,0.37
1994/02/10,14.24,468.93,-0.81
1994/02/11,14.46,470.18,0.27
1994/02/14,14.28,470.23,0.01
1994/02/15,13.4,472.52,0.49
1994/02/16,13.13,472.79,0.06
1994/02/17,13.79,470.34,-0.52
1994/02/18,14.7,467.69,-0.56
1994/02/22,13.52,471.46,0.81
1994/02/23,13.91,470.69,-0.16
1994/02/24,15.96,464.26,-1.37
1994/02/25,14.8,466.07,0.39
1994/02/28,14.87,467.14,0.23
1994/03/01,15.83,464.44,-0.58
1994/03/02,16.08,464.81,0.08
1994/03/03,16.36,463.01,-0.39
1994/03/04,16,464.74,0.37
1994/03/07,14.26,466.91,0.47
1994/03/08,16.23,465.88,-0.22
1994/03/09,14.41,467.06,0.25
1994/03/10,16.55,463.9,-0.68
1994/03/11,14.87,466.44,0.55
1994/03/14,16.61,467.39,0.2
1994/03/15,14.78,467.01,-0.08
1994/03/16,14.51,469.42,0.52
1994/03/17,12.76,470.9,0.32
1994/03/18,13.32,471.06,0.03
1994/03/21,14.34,468.54,-0.53
1994/03/22,13.39,468.8,0.06
1994/03/23,12.31,468.54,-0.06
1994/03/24,13.43,464.35,-0.89
1994/03/25,13.67,460.58,-0.81
1994/03/28,14.9,460,-0.13
1994/03/29,16.49,452.48,-1.63
1994/03/30,18.59,445.55,-1.53
1994/03/31,20.45,445.77,0.05
1994/04/01,13.77,,
1994/04/04,23.87,438.92,-1.54
1994/04/05,18.13,448.29,2.13
1994/04/06,17.38,448.05,-0.05
1994/04/07,16.98,450.88,0.63
1994/04/08,16.92,447.1,-0.84
1994/04/11,16.61,449.87,0.62
1994/04/12,16.42,447.57,-0.51
1994/04/13,17.02,446.26,-0.29
1994/04/14,16.27,446.38,0.03
1994/04/15,15.98,446.18,-0.04
1994/04/18,17.22,442.46,-0.83
1994/04/19,16.93,442.54,0.02
1994/04/20,17.01,441.96,-0.13
1994/04/21,14.93,448.73,1.53
1994/04/22,14.94,447.63,-0.25
1994/04/25,14.26,452.71,1.13
1994/04/26,13.8,451.87,-0.19
1994/04/28,14.51,449.1,-0.61
1994/04/29,13.77,450.91,0.4
1994/05/01,13.03,,
1994/05/02,14.11,453.02,0.47
1994/05/03,13.81,453.03,0
1994/05/04,14.29,451.72,-0.29
1994/05/05,14.56,451.38,-0.08
1994/05/06,15.08,447.82,-0.79
1994/05/09,16.16,442.32,-1.23
1994/05/10,15.19,446.01,0.83
1994/05/11,15.55,441.49,-1.01
1994/05/12,15.46,443.75,0.51
1994/05/13,14.54,444.14,0.09
1994/05/16,14.67,444.49,0.08
1994/05/17,14.08,449.37,1.1
1994/05/18,12.55,453.69,0.96
1994/05/19,12.33,456.48,0.61
1994/05/20,12.79,454.92,-0.34
1994/05/23,13.49,453.2,-0.38
1994/05/24,12.73,454.81,0.36
1994/05/25,12.43,456.34,0.34
1994/05/26,12.5,457.06,0.16
1994/05/27,12.49,457.33,0.06
1994/05/31,13.03,456.5,-0.18
1994/06/01,12.72,457.63,0.25
1994/06/02,12.73,457.65,0
1994/06/03,12.19,460.13,0.54
1994/06/06,13.03,458.88,-0.27
1994/06/07,13.05,458.21,-0.15
1994/06/08,13.32,457.06,-0.25
1994/06/09,13.21,457.86,0.18
1994/06/10,12.69,458.67,0.18
1994/06/13,11.92,459.1,0.09
1994/06/14,11.6,462.37,0.71
1994/06/15,11.52,460.61,-0.38
1994/06/16,11.22,461.93,0.29
1994/06/17,12.31,458.45,-0.75
1994/06/20,13.96,455.48,-0.65
1994/06/21,14.7,451.34,-0.91
1994/06/22,14.02,453.09,0.39
1994/06/23,14.12,449.63,-0.76
1994/06/24,16.72,442.8,-1.52
1994/06/27,15.53,447.31,1.02
1994/06/28,15.04,446.07,-0.28
1994/06/29,14.42,447.63,0.35
1994/06/30,14.97,444.27,-0.75
1994/07/01,14.36,446.2,0.43
1994/07/05,14.92,446.37,0.04
1994/07/06,14.7,446.13,-0.05
1994/07/07,14.01,448.38,0.5
1994/07/08,13.26,449.55,0.26
1994/07/11,13.83,448.06,-0.33
1994/07/12,13.4,447.95,-0.02
1994/07/13,12.42,448.73,0.17
1994/07/14,11.64,453.41,1.04
1994/07/15,11.28,454.16,0.17
1994/07/18,11.44,455.22,0.23
1994/07/19,11.65,453.86,-0.3
1994/07/20,11.7,451.6,-0.5
1994/07/21,11.65,452.61,0.22
1994/07/22,11.22,453.11,0.11
1994/07/25,11.46,454.25,0.25
1994/07/26,11.66,453.36,-0.2
1994/07/27,11.93,452.57,-0.17
1994/07/28,12.03,454.24,0.37
1994/07/29,11.13,458.26,0.88
1994/08/01,11.17,461.01,0.6
1994/08/02,11.27,460.56,-0.1
1994/08/03,11.35,461.45,0.19
1994/08/04,12.18,458.4,-0.66
1994/08/05,12.34,457.09,-0.29
1994/08/08,12.41,457.89,0.18
1994/08/09,12.54,457.92,0.01
1994/08/10,11.91,460.3,0.52
1994/08/11,12.13,458.88,-0.31
1994/08/12,11.09,461.94,0.67
1994/08/15,12.06,461.23,-0.15
1994/08/16,11.39,465.01,0.82
1994/08/17,11.54,465.17,0.03
1994/08/18,12.07,463.17,-0.43
1994/08/19,12.83,463.68,0.11
1994/08/22,12.62,462.32,-0.29
1994/08/23,11.75,464.51,0.47
1994/08/24,11.57,469.03,0.97
1994/08/25,12.02,468.08,-0.2
1994/08/26,12.19,473.8,1.22
1994/08/29,11.82,474.59,0.17
1994/08/30,11.23,476.07,0.31
1994/08/31,11.97,475.49,-0.12
1994/09/01,11.86,473.17,-0.49
1994/09/02,11.4,470.99,-0.46
1994/09/06,11.69,471.86,0.18
1994/09/07,11.81,470.99,-0.18
1994/09/08,11.86,473.14,0.46
1994/09/09,13.12,468.18,-1.05
1994/09/12,14.01,466.21,-0.42
1994/09/13,13.77,467.51,0.28
1994/09/14,13.09,468.8,0.28
1994/09/15,11.88,474.81,1.28
1994/09/16,12.8,471.19,-0.76
1994/09/19,13.06,470.85,-0.07
1994/09/20,14.45,463.36,-1.59
1994/09/21,14.49,461.46,-0.41
1994/09/22,13.89,461.27,-0.04
1994/09/23,14.53,459.67,-0.35
1994/09/26,14.56,460.82,0.25
1994/09/27,14.13,462.05,0.27
1994/09/28,13.25,464.84,0.6
1994/09/29,13.97,462.24,-0.56
1994/09/30,14.28,462.71,0.1
1994/10/01,14.56,,
1994/10/03,15.44,461.74,-0.21
1994/10/04,16.66,454.59,-1.55
1994/10/05,15.92,453.52,-0.24
1994/10/06,16.24,452.36,-0.26
1994/10/07,14.92,455.1,0.61
1994/10/10,14.72,459.04,0.87
1994/10/11,13.55,465.79,1.47
1994/10/12,14.51,465.47,-0.07
1994/10/13,14.9,467.79,0.5
1994/10/14,13.32,469.1,0.28
1994/10/17,14.76,468.96,-0.03
1994/10/18,14.59,467.66,-0.28
1994/10/19,15.13,470.28,0.56
1994/10/20,15.99,466.85,-0.73
1994/10/21,15.91,464.89,-0.42
1994/10/24,16.97,460.83,-0.87
1994/10/25,16.13,461.53,0.15
1994/10/26,15.7,462.62,0.24
1994/10/27,15.67,465.85,0.7
1994/10/28,14.56,473.77,1.7
1994/10/31,14.56,472.35,-0.3
1994/11/01,14.84,468.42,-0.83
1994/11/02,15.34,466.51,-0.41
1994/11/03,15.58,467.91,0.3
1994/11/04,16.75,462.28,-1.2
1994/11/07,17.37,463.07,0.17
1994/11/08,16.3,465.65,0.56
1994/11/09,16.42,465.4,-0.05
1994/11/10,16,464.37,-0.22
1994/11/11,16.5,462.35,-0.43
1994/11/14,16.68,466.04,0.8
1994/11/15,16.66,465.03,-0.22
1994/11/16,15.56,465.62,0.13
1994/11/17,15.91,463.57,-0.44
1994/11/18,16,461.47,-0.45
1994/11/21,16.13,458.3,-0.69
1994/11/22,17.24,450.09,-1.79
1994/11/23,18.41,449.93,-0.04
1994/11/25,17.44,452.29,0.52
1994/11/28,16.83,454.16,0.41
1994/11/29,16.15,455.17,0.22
1994/11/30,15.95,453.69,-0.33
1994/12/01,16.69,448.92,-1.05
1994/12/02,16.55,453.3,0.98
1994/12/05,16.1,453.32,0
1994/12/06,16.05,453.11,-0.05
1994/12/07,16.28,451.23,-0.41
1994/12/08,18.15,445.45,-1.28
1994/12/09,16.04,446.96,0.34
1994/12/12,15.46,449.47,0.56
1994/12/13,14.48,450.15,0.15
1994/12/14,13.03,454.97,1.07
1994/12/15,12.87,455.34,0.08
1994/12/16,12.79,458.8,0.76
1994/12/19,13.02,457.91,-0.19
1994/12/20,12.98,457.1,-0.18
1994/12/21,12.05,459.61,0.55
1994/12/22,12.42,459.68,0.02
1994/12/23,11.82,459.83,0.03
1994/12/27,12.07,462.47,0.57
1994/12/28,12.81,460.86,-0.35
1994/12/29,12.86,461.17,0.07
1994/12/30,13.2,459.27,-0.41
1995/01/01,11.96,,
1995/01/03,14.25,459.11,-0.03
1995/01/04,13.53,460.71,0.35
1995/01/05,13.5,460.34,-0.08
1995/01/06,13.13,460.68,0.07
1995/01/09,13.33,460.83,0.03
1995/01/10,12.52,461.68,0.18
1995/01/11,12.15,461.66,0
1995/01/12,12.83,461.64,0
1995/01/13,11.1,465.97,0.94
1995/01/16,11.14,469.38,0.73
1995/01/17,11.79,470.05,0.14
1995/01/18,11.57,469.71,-0.07
1995/01/19,11.86,466.95,-0.59
1995/01/20,12.15,464.78,-0.46
1995/01/23,12.79,465.82,0.22
1995/01/24,11.94,465.86,0.01
1995/01/25,11.46,467.44,0.34
1995/01/26,11.25,468.32,0.19
1995/01/27,11.25,470.39,0.44
1995/01/30,12.26,468.51,-0.4
1995/01/31,11.96,470.42,0.41
1995/02/01,11.73,470.4,0
1995/02/02,11.13,472.79,0.51
1995/02/03,10.98,478.65,1.24
1995/02/06,11.22,481.14,0.52
1995/02/07,11.17,480.81,-0.07
1995/02/08,11.42,481.19,0.08
1995/02/09,11.63,480.19,-0.21
1995/02/10,11.28,481.46,0.26
1995/02/13,11.41,481.65,0.04
1995/02/14,11.43,482.55,0.19
1995/02/15,11.52,484.54,0.41
1995/02/16,11.61,485.22,0.14
1995/02/17,11.71,481.97,-0.67
1995/02/21,12.05,482.72,0.16
1995/02/22,11.39,485.07,0.49
1995/02/23,11.15,486.91,0.38
1995/02/24,10.84,488.11,0.25
1995/02/27,12.51,483.81,-0.88
1995/02/28,11.75,487.39,0.74
1995/03/01,11.65,485.65,-0.36
1995/03/02,12.02,485.13,-0.11
1995/03/03,11.45,485.42,0.06
1995/03/06,12.17,485.63,0.04
1995/03/07,14.22,482.12,-0.72
1995/03/08,13.72,483.14,0.21
1995/03/09,13.36,483.16,0
1995/03/10,12.38,489.57,1.33
1995/03/13,12.15,490.05,0.1
1995/03/14,12.1,492.89,0.58
1995/03/15,12.42,491.88,-0.2
1995/03/16,11.95,495.41,0.72
1995/03/17,11.8,495.52,0.02
1995/03/20,11.34,496.14,0.13
1995/03/21,11.53,495.07,-0.22
1995/03/22,11.29,495.67,0.12
1995/03/23,11.43,495.95,0.06
1995/03/24,11.19,500.97,1.01
1995/03/27,11.83,503.2,0.45
1995/03/28,11.33,503.9,0.14
1995/03/29,12.51,503.12,-0.15
1995/03/30,12.62,502.22,-0.18
1995/03/31,13.37,500.71,-0.3
1995/04/01,11.75,,
1995/04/03,13.5,501.85,0.23
1995/04/04,12.62,505.24,0.68
1995/04/05,12.96,505.57,0.07
1995/04/06,12.81,506.08,0.1
1995/04/07,12.85,506.42,0.07
1995/04/10,12.79,507.01,0.12
1995/04/11,12.73,505.53,-0.29
1995/04/12,12.04,507.17,0.32
1995/04/13,11.48,509.23,0.41
1995/04/17,12.33,506.13,-0.61
1995/04/18,12.96,505.37,-0.15
1995/04/19,13.09,504.92,-0.09
1995/04/20,12.1,505.29,0.07
1995/04/21,11.86,508.49,0.63
1995/04/24,11.92,512.89,0.87
1995/04/25,12.41,512.1,-0.15
1995/04/26,12.28,512.66,0.11
1995/04/27,11.93,513.55,0.17
1995/04/28,11.75,514.71,0.23
1995/05/01,12.14,514.26,-0.09
1995/05/02,11.88,514.86,0.12
1995/05/03,11.69,520.48,1.09
1995/05/04,12.64,520.54,0.01
1995/05/05,12.06,520.12,-0.08
1995/05/08,12.22,523.96,0.74
1995/05/09,12.75,523.56,-0.08
1995/05/10,13.08,524.36,0.15
1995/05/11,12.98,524.37,0
1995/05/12,11.84,525.55,0.23
1995/05/15,12.38,527.74,0.42
1995/05/16,12.2,528.19,0.09
1995/05/17,12.36,527.07,-0.21
1995/05/18,13.13,519.58,-1.42
1995/05/19,12.81,519.19,-0.08
1995/05/22,11.68,523.65,0.86
1995/05/23,11.55,528.59,0.94
1995/05/24,11.26,528.61,0
1995/05/25,11.63,528.59,0
1995/05/26,12.2,523.65,-0.93
1995/05/30,12.52,523.58,-0.01
1995/05/31,12.85,533.4,1.88
1995/06/01,12.21,533.49,0.02
1995/06/02,12.98,532.51,-0.18
1995/06/05,13.45,535.6,0.58
1995/06/06,13,535.55,-0.01
1995/06/07,12.84,533.13,-0.45
1995/06/08,12.89,532.35,-0.15
1995/06/09,12.76,527.94,-0.83
1995/06/12,11.91,530.88,0.56
1995/06/13,11.29,536.05,0.97
1995/06/14,11.29,536.47,0.08
1995/06/15,11.23,537.12,0.12
1995/06/16,10.75,539.83,0.5
1995/06/19,11.21,545.22,1
1995/06/20,11.16,544.98,-0.04
1995/06/21,11.32,543.98,-0.18
1995/06/22,11.44,551.07,1.3
1995/06/23,11.12,549.71,-0.25
1995/06/26,11.8,544.13,-1.02
1995/06/27,12.37,542.43,-0.31
1995/06/28,11.74,544.73,0.42
1995/06/29,11.59,543.87,-0.16
1995/06/30,11.38,544.75,0.16
1995/07/01,13.49,,
1995/07/03,11.57,547.09,0.43
1995/07/05,12.1,547.26,0.03
1995/07/06,11.52,553.99,1.23
1995/07/07,11.77,556.37,0.43
1995/07/10,12.19,557.19,0.15
1995/07/11,12.25,554.78,-0.43
1995/07/12,12.31,560.89,1.1
1995/07/13,12.56,561,0.02
1995/07/14,12.08,559.89,-0.2
1995/07/17,12.26,562.72,0.51
1995/07/18,12.68,558.46,-0.76
1995/07/19,13.49,550.98,-1.34
1995/07/20,12.78,553.54,0.46
1995/07/21,12.37,553.62,0.01
1995/07/24,12.55,556.63,0.54
1995/07/25,12.77,561.1,0.8
1995/07/26,13.18,561.61,0.09
1995/07/27,13.18,565.22,0.64
1995/07/28,13.18,562.93,-0.41
1995/07/31,13.49,562.06,-0.15
1995/08/01,13.56,559.64,-0.43
1995/08/02,13.66,558.8,-0.15
1995/08/03,13.78,558.75,-0.01
1995/08/04,13.21,558.94,0.03
1995/08/07,13.1,560.03,0.2
1995/08/08,13.06,560.39,0.06
1995/08/09,12.75,559.71,-0.12
1995/08/10,13,557.45,-0.4
1995/08/11,12.9,555.11,-0.42
1995/08/14,13.24,559.74,0.83
1995/08/15,12.35,558.57,-0.21
1995/08/16,12.45,559.97,0.25
1995/08/17,12.13,559.04,-0.17
1995/08/18,12.03,559.21,0.03
1995/08/21,13.42,558.11,-0.2
1995/08/22,12.6,559.52,0.25
1995/08/23,13.17,557.14,-0.43
1995/08/24,12.94,557.46,0.06
1995/08/25,12.33,560.1,0.47
1995/08/28,12.48,559.05,-0.19
1995/08/29,12.65,560,0.17
1995/08/30,12.03,560.92,0.16
1995/08/31,11.52,561.88,0.17
1995/09/01,11.29,563.84,0.35
1995/09/05,11.65,569.17,0.95
1995/09/06,11.65,570.17,0.18
1995/09/07,11.85,570.29,0.02
1995/09/08,11.16,572.68,0.42
1995/09/11,11.51,573.91,0.21
1995/09/12,11.46,576.51,0.45
1995/09/13,11.35,578.77,0.39
1995/09/14,11.1,583.61,0.84
1995/09/15,11.58,583.35,-0.04
1995/09/18,12.34,582.77,-0.1
1995/09/19,12.67,584.2,0.25
1995/09/20,12.35,586.77,0.44
1995/09/21,12.5,583,-0.64
1995/09/22,12.46,581.73,-0.22
1995/09/25,13.22,581.81,0.01
1995/09/26,12.9,581.41,-0.07
1995/09/27,12.9,581.04,-0.06
1995/09/28,12.46,585.87,0.83
1995/09/29,12.74,584.41,-0.25
1995/10/01,13.83,,
1995/10/02,13.95,581.72,-0.46
1995/10/03,14.5,582.34,0.11
1995/10/04,14.86,581.47,-0.15
1995/10/05,15.74,582.63,0.2
1995/10/06,13.98,582.49,-0.02
1995/10/09,14.85,578.37,-0.71
1995/10/10,14.97,577.52,-0.15
1995/10/11,14.57,579.46,0.34
1995/10/12,14.24,583.1,0.63
1995/10/13,13.67,584.5,0.24
1995/10/16,14.62,583.03,-0.25
1995/10/17,14.03,586.78,0.64
1995/10/18,14.05,587.44,0.11
1995/10/19,13.55,590.65,0.55
1995/10/20,13.46,587.46,-0.54
1995/10/23,14.17,585.06,-0.41
1995/10/24,13.85,586.54,0.25
1995/10/25,14.49,582.47,-0.69
1995/10/26,15.59,576.72,-0.99
1995/10/27,14.63,579.7,0.52
1995/10/30,14.26,583.25,0.61
1995/10/31,13.83,581.5,-0.3
1995/11/01,13.41,584.22,0.47
1995/11/02,13.19,589.72,0.94
1995/11/03,12.26,590.57,0.14
1995/11/06,12.74,588.46,-0.36
1995/11/07,13.05,586.32,-0.36
1995/11/08,12.16,591.71,0.92
1995/11/09,12.46,593.26,0.26
1995/11/10,12.97,592.72,-0.09
1995/11/13,13.2,592.3,-0.07
1995/11/14,13.38,589.29,-0.51
1995/11/15,12.95,593.96,0.79
1995/11/16,12.57,597.34,0.57
1995/11/17,12.49,600.07,0.46
1995/11/20,12.37,596.85,-0.54
1995/11/21,11.74,600.24,0.57
1995/11/22,11.81,598.4,-0.31
1995/11/24,11.87,599.97,0.26
1995/11/27,12.43,601.32,0.23
1995/11/28,11.57,606.45,0.85
1995/11/29,11.65,607.64,0.2
1995/11/30,11.58,605.37,-0.37
1995/12/01,11.11,606.98,0.27
1995/12/04,10.66,613.68,1.1
1995/12/05,11.65,617.68,0.65
1995/12/06,12.7,620.18,0.4
1995/12/07,12.74,616.17,-0.65
1995/12/08,11.12,617.48,0.21
1995/12/11,11.06,619.52,0.33
1995/12/12,10.63,618.78,-0.12
1995/12/13,10.36,621.69,0.47
1995/12/14,11.07,616.92,-0.77
1995/12/15,11.44,616.34,-0.09
1995/12/18,14.55,606.81,-1.55
1995/12/19,13.16,611.93,0.84
1995/12/20,12.2,605.94,-0.98
1995/12/21,10.77,610.49,0.75
1995/12/22,11.51,611.95,0.24
1995/12/26,11.49,614.3,0.38
1995/12/27,11.98,614.53,0.04
1995/12/28,12.25,614.12,-0.07
1995/12/29,12.52,615.93,0.29
1996/01/01,12.53,,
1996/01/02,12.19,620.73,0.78
1996/01/03,12.1,621.32,0.1
1996/01/04,13.78,617.7,-0.58
1996/01/05,13.58,616.71,-0.16
1996/01/08,13.11,618.46,0.28
1996/01/09,15.21,609.45,-1.46
1996/01/10,16.4,598.48,-1.8
1996/01/11,14.69,602.69,0.7
1996/01/12,14.23,601.81,-0.15
1996/01/15,14.99,599.82,-0.33
1996/01/16,14.09,608.44,1.44
1996/01/17,14.25,606.37,-0.34
1996/01/18,13.58,608.24,0.31
1996/01/19,12.7,611.83,0.59
1996/01/22,13.34,613.4,0.26
1996/01/23,13.56,612.79,-0.1
1996/01/24,12.54,619.96,1.17
1996/01/25,12.94,617.03,-0.47
1996/01/26,12,621.62,0.74
1996/01/29,12.19,624.22,0.42
1996/01/30,12.42,630.15,0.95
1996/01/31,12.53,636.02,0.93
1996/02/01,12.65,638.46,0.38
1996/02/02,13.23,635.84,-0.41
1996/02/05,13.46,641.43,0.88
1996/02/06,14.59,646.33,0.76
1996/02/07,14.11,649.93,0.56
1996/02/08,13.89,656.07,0.94
1996/02/09,14.63,656.37,0.05
1996/02/12,14.69,661.45,0.77
1996/02/13,14.94,660.51,-0.14
1996/02/14,15.59,655.58,-0.75
1996/02/15,16.13,651.32,-0.65
1996/02/16,15.37,647.98,-0.51
1996/02/20,16.8,640.65,-1.13
1996/02/21,14.47,648.1,1.16
1996/02/22,14.56,658.86,1.66
1996/02/23,14.78,659.08,0.03
1996/02/26,16.38,650.46,-1.31
1996/02/27,16.63,647.24,-0.5
1996/02/28,16.72,644.75,-0.38
1996/02/29,17.04,640.43,-0.67
1996/03/01,16.72,644.37,0.62
1996/03/04,16.67,650.81,1
1996/03/05,16.1,655.79,0.77
1996/03/06,16.56,652,-0.58
1996/03/07,16.49,653.65,0.25
1996/03/08,20.7,633.5,-3.08
1996/03/11,19.4,640.02,1.03
1996/03/12,19.09,637.09,-0.46
1996/03/13,18.13,638.55,0.23
1996/03/14,16.93,640.87,0.36
1996/03/15,16.54,641.43,0.09
1996/03/18,17.31,652.65,1.75
1996/03/19,18.35,651.69,-0.15
1996/03/20,18.66,649.98,-0.26
1996/03/21,17.74,649.19,-0.12
1996/03/22,17.05,650.62,0.22
1996/03/25,17.84,650.04,-0.09
1996/03/26,17.8,652.97,0.45
1996/03/27,17.89,648.91,-0.62
1996/03/28,18.16,648.94,0
1996/03/29,18.88,645.5,-0.53
1996/04/01,17.9,653.73,1.27
1996/04/02,16.45,655.26,0.23
1996/04/03,16.33,655.88,0.09
1996/04/04,16.18,655.86,0
1996/04/08,18.72,644.24,-1.77
1996/04/09,17.32,642.19,-0.32
1996/04/10,20.22,633.5,-1.35
1996/04/11,19.65,631.18,-0.37
1996/04/12,17.38,636.71,0.88
1996/04/15,16.83,642.49,0.91
1996/04/16,16.45,645,0.39
1996/04/17,17.07,641.61,-0.53
1996/04/18,16.41,643.61,0.31
1996/04/19,15.12,645.07,0.23
1996/04/22,15.38,647.89,0.44
1996/04/23,15.01,651.58,0.57
1996/04/24,14.91,650.17,-0.22
1996/04/25,14.72,652.87,0.42
1996/04/26,14.75,653.46,0.09
1996/04/29,15.45,654.16,0.11
1996/04/30,15.83,654.17,0
1996/05/01,16.07,654.58,0.06
1996/05/02,18.62,643.38,-1.71
1996/05/03,16.7,641.63,-0.27
1996/05/06,16.92,640.81,-0.13
1996/05/07,16.87,638.26,-0.4
1996/05/08,15.78,644.77,1.02
1996/05/09,16.99,645.44,0.1
1996/05/10,15.61,652.09,1.03
1996/05/13,15.16,661.51,1.44
1996/05/14,14.9,665.6,0.62
1996/05/15,15.59,665.42,-0.03
1996/05/16,15.71,664.85,-0.09
1996/05/17,15.13,668.91,0.61
1996/05/20,15.8,673.15,0.63
1996/05/21,16,672.76,-0.06
1996/05/22,15.5,678.42,0.84
1996/05/23,16.17,676,-0.36
1996/05/24,15.54,678.51,0.37
1996/05/28,16.92,672.23,-0.93
1996/05/29,17.15,667.93,-0.64
1996/05/30,16.02,671.7,0.56
1996/05/31,16.07,669.12,-0.38
1996/06/01,13.68,651.99,-2.56
1996/06/03,16.86,667.68,-0.22
1996/06/04,16.18,672.56,0.73
1996/06/05,16.04,678.44,0.87
1996/06/06,16.84,673.03,-0.8
1996/06/07,16.1,673.31,0.04
1996/06/10,16.78,672.16,-0.17
1996/06/11,16.68,670.97,-0.18
1996/06/12,17,669.04,-0.29
1996/06/13,17.12,667.92,-0.17
1996/06/14,18.64,665.85,-0.31
1996/06/17,17.46,665.16,-0.1
1996/06/18,17.45,662.06,-0.47
1996/06/19,17.54,661.96,-0.02
1996/06/20,16.97,662.1,0.02
1996/06/21,15.8,666.84,0.72
1996/06/24,15.91,668.85,0.3
1996/06/25,15.43,668.48,-0.06
1996/06/26,15.23,664.39,-0.61
1996/06/27,14.19,668.55,0.63
1996/06/28,13.68,670.63,0.31
1996/07/01,13.78,675.88,0.78
1996/07/02,14.19,673.61,-0.34
1996/07/03,14.21,672.4,-0.18
1996/07/05,16.09,657.44,-2.22
1996/07/08,16.42,652.54,-0.75
1996/07/09,15.49,654.75,0.34
1996/07/10,15.51,656.06,0.2
1996/07/11,17.81,645.67,-1.58
1996/07/12,17.09,646.19,0.08
1996/07/15,20.11,629.8,-2.54
1996/07/16,20.1,628.37,-0.23
1996/07/17,19.22,634.07,0.91
1996/07/18,17.93,643.56,1.5
1996/07/19,17.26,638.73,-0.75
1996/07/22,20.41,633.77,-0.78
1996/07/23,21.55,626.87,-1.09
1996/07/24,21.44,626.65,-0.04
1996/07/25,19.39,631.17,0.72
1996/07/26,17.45,635.9,0.75
1996/07/29,20.09,630.91,-0.78
1996/07/30,20.53,635.26,0.69
1996/07/31,19.46,639.95,0.74
1996/08/01,18.76,650.02,1.57
1996/08/02,16.19,662.49,1.92
1996/08/05,17.36,660.23,-0.34
1996/08/06,16.93,662.38,0.33
1996/08/07,16.24,664.16,0.27
1996/08/08,16.04,662.59,-0.24
1996/08/09,15.77,662.1,-0.07
1996/08/12,15.57,665.77,0.55
1996/08/13,16.41,660.2,-0.84
1996/08/14,15.96,662.05,0.28
1996/08/15,15.46,662.28,0.03
1996/08/16,14.81,665.21,0.44
1996/08/19,15.27,666.58,0.21
1996/08/20,14.73,665.69,-0.13
1996/08/21,14.52,665.07,-0.09
1996/08/22,13.71,670.68,0.84
1996/08/23,14.18,667.03,-0.54
1996/08/26,15.38,663.88,-0.47
1996/08/27,15.11,666.4,0.38
1996/08/28,15.1,664.81,-0.24
1996/08/29,16.22,657.4,-1.11
1996/08/30,17.01,651.99,-0.82
1996/09/01,16.95,757.02,16.11
1996/09/03,18.47,654.72,0.42
1996/09/04,18.64,655.61,0.14
1996/09/05,20.51,649.44,-0.94
1996/09/06,17.1,655.68,0.96
1996/09/09,16.36,663.76,1.23
1996/09/10,16.25,663.81,0.01
1996/09/11,16.06,667.28,0.52
1996/09/12,15.97,671.15,0.58
1996/09/13,15.2,680.54,1.4
1996/09/16,15.43,683.98,0.51
1996/09/17,15.74,682.94,-0.15
1996/09/18,15.86,681.47,-0.22
1996/09/19,16.03,683,0.22
1996/09/20,15.65,687.03,0.59
1996/09/23,16.46,686.48,-0.08
1996/09/24,16.45,685.61,-0.13
1996/09/25,16.22,685.83,0.03
1996/09/26,16.11,685.86,0
1996/09/27,16.1,686.19,0.05
1996/09/30,16.95,687.33,0.17
1996/10/01,17.05,689.08,0.25
1996/10/02,16.78,694.01,0.72
1996/10/03,16.77,692.78,-0.18
1996/10/04,14.8,701.46,1.25
1996/10/07,15.11,703.34,0.27
1996/10/08,15.58,700.64,-0.38
1996/10/09,16.09,696.74,-0.56
1996/10/10,16.26,694.61,-0.31
1996/10/11,15.07,700.66,0.87
1996/10/14,15.13,703.54,0.41
1996/10/15,15.83,702.57,-0.14
1996/10/16,15.6,704.41,0.26
1996/10/17,15.41,706.99,0.37
1996/10/18,15.08,710.82,0.54
1996/10/21,15.98,709.85,-0.14
1996/10/22,16.4,706.57,-0.46
1996/10/23,16.45,707.27,0.1
1996/10/24,16.89,702.29,-0.7
1996/10/25,17.29,700.92,-0.2
1996/10/28,18.34,697.26,-0.52
1996/10/29,18.28,701.5,0.61
1996/10/30,18.48,700.9,-0.09
1996/10/31,18.11,705.27,0.62
1996/11/01,17.89,703.77,-0.21
1996/11/04,18.04,706.73,0.42
1996/11/05,17.65,714.14,1.05
1996/11/06,16.97,724.59,1.46
1996/11/07,17.21,727.65,0.42
1996/11/08,15.78,730.82,0.44
1996/11/11,14.04,731.87,0.14
1996/11/12,15.36,729.56,-0.32
1996/11/13,14.89,731.13,0.22
1996/11/14,13.79,735.88,0.65
1996/11/15,14.36,737.62,0.24
1996/11/18,15.12,737.02,-0.08
1996/11/19,15.23,742.16,0.7
1996/11/20,15.94,743.95,0.24
1996/11/21,15.77,742.75,-0.16
1996/11/22,14.92,748.73,0.81
1996/11/25,15.91,757.03,1.11
1996/11/26,16.97,755.96,-0.14
1996/11/27,16.96,755,-0.13
1996/11/29,17.14,757.02,0.27
1996/12/01,20.92,790.82,4.46
1996/12/02,17.93,756.56,-0.06
1996/12/03,18.68,748.28,-1.09
1996/12/04,17.93,745.1,-0.42
1996/12/05,18.14,744.38,-0.1
1996/12/06,18.82,739.6,-0.64
1996/12/09,17.75,749.76,1.37
1996/12/10,17.88,747.54,-0.3
1996/12/11,19.68,740.73,-0.91
1996/12/12,20.45,729.3,-1.54
1996/12/13,21.09,728.64,-0.09
1996/12/16,21.99,720.98,-1.05
1996/12/17,20.77,726.04,0.7
1996/12/18,19.42,731.54,0.76
1996/12/19,18.77,745.76,1.94
1996/12/20,18.85,748.87,0.42
1996/12/23,19.5,746.92,-0.26
1996/12/24,18.68,751.03,0.55
1996/12/26,18.59,755.82,0.64
1996/12/27,19.13,756.79,0.13
1996/12/30,19.51,753.85,-0.39
1996/12/31,20.92,740.74,-1.74
1997/01/01,19.47,,
1997/01/02,21.14,737.01,-0.5
1997/01/03,19.13,748.03,1.5
1997/01/06,19.89,747.65,-0.05
1997/01/07,19.35,753.23,0.75
1997/01/08,20.24,748.41,-0.64
1997/01/09,20.91,754.85,0.86
1997/01/10,19.63,759.5,0.62
1997/01/13,19.84,759.51,0
1997/01/14,19.27,768.86,1.23
1997/01/15,19.4,767.2,-0.22
1997/01/16,19.61,769.75,0.33
1997/01/17,18.63,776.17,0.83
1997/01/20,18.6,776.7,0.07
1997/01/21,17.81,782.72,0.78
1997/01/22,17.09,786.23,0.45
1997/01/23,18.47,777.56,-1.1
1997/01/24,19.33,770.52,-0.91
1997/01/27,20.16,765.02,-0.71
1997/01/28,20.74,765.02,0
1997/01/29,20.23,772.5,0.98
1997/01/30,19.47,784.17,1.51
1997/01/31,19.47,786.16,0.25
1997/02/01,21.1,,
1997/02/03,19.58,786.73,0.07
1997/02/04,19.43,789.26,0.32
1997/02/05,21.06,778.28,-1.39
1997/02/06,20.16,780.15,0.24
1997/02/07,18.9,789.56,1.21
1997/02/10,20.65,785.43,-0.52
1997/02/11,19.97,789.59,0.53
1997/02/12,19.48,802.77,1.67
1997/02/13,19.23,811.82,1.13
1997/02/14,19.18,808.48,-0.41
1997/02/18,19.7,816.29,0.97
1997/02/19,20.61,812.49,-0.47
1997/02/20,21.41,802.8,-1.19
1997/02/21,20.55,801.77,-0.13
1997/02/24,19.84,810.28,1.06
1997/02/25,19.98,812.03,0.22
1997/02/26,20.74,805.68,-0.78
1997/02/27,21.08,795.07,-1.32
1997/02/28,21.1,790.82,-0.53
1997/03/01,22.14,848.28,7.27
1997/03/03,20.89,795.31,0.57
1997/03/04,20.62,790.95,-0.55
1997/03/05,19.49,801.99,1.4
1997/03/06,20.48,798.56,-0.43
1997/03/07,19.32,804.97,0.8
1997/03/10,19,813.65,1.08
1997/03/11,19.25,811.34,-0.28
1997/03/12,19.61,804.26,-0.87
1997/03/13,19.79,789.56,-1.83
1997/03/14,19.81,793.17,0.46
1997/03/17,20.95,795.71,0.32
1997/03/18,21.26,789.66,-0.76
1997/03/19,21.74,785.77,-0.49
1997/03/20,21.22,782.65,-0.4
1997/03/21,19.69,784.1,0.19
1997/03/24,20.06,790.89,0.87
1997/03/25,19.26,789.07,-0.23
1997/03/26,18.32,790.5,0.18
1997/03/27,20.5,773.88,-2.1
1997/03/31,22.14,757.12,-2.17
1997/04/01,20.84,759.64,0.33
1997/04/02,21.3,750.11,-1.25
1997/04/03,21.19,750.32,0.03
1997/04/04,19.23,757.9,1.01
1997/04/07,18.51,762.13,0.56
1997/04/08,18.44,766.12,0.52
1997/04/09,18.56,760.6,-0.72
1997/04/10,19.01,758.34,-0.3
1997/04/11,19.76,737.65,-2.73
1997/04/14,19.09,743.73,0.82
1997/04/15,18.25,754.72,1.48
1997/04/16,17.64,763.53,1.17
1997/04/17,18.71,761.77,-0.23
1997/04/18,18.75,766.34,0.6
1997/04/21,20.1,760.37,-0.78
1997/04/22,19.52,774.61,1.87
1997/04/23,20.48,773.64,-0.13
1997/04/24,20.83,771.18,-0.32
1997/04/25,21.15,765.37,-0.75
1997/04/28,21.34,772.96,0.99
1997/04/29,19.81,794.05,2.73
1997/04/30,20.06,801.34,0.92
1997/05/01,19.87,798.53,-0.35
1997/05/02,17.51,812.97,1.81
1997/05/05,20.13,830.29,2.13
1997/05/06,20.85,827.76,-0.3
1997/05/07,21.34,815.62,-1.47
1997/05/08,21.26,820.26,0.57
1997/05/09,20.11,824.78,0.55
1997/05/12,20.25,837.66,1.56
1997/05/13,20.81,833.13,-0.54
1997/05/14,21.09,836.04,0.35
1997/05/15,19.91,841.88,0.7
1997/05/16,21.57,829.75,-1.44
1997/05/19,21.48,833.27,0.42
1997/05/20,19.26,841.66,1.01
1997/05/21,19.28,839.35,-0.27
1997/05/22,18.77,835.66,-0.44
1997/05/23,18.08,847.03,1.36
1997/05/27,19.36,849.71,0.32
1997/05/28,19.28,847.21,-0.29
1997/05/29,19.02,844.08,-0.37
1997/05/30,19.19,848.28,0.5
1997/06/01,21.53,899.47,6.03
1997/06/02,20.85,846.36,-0.23
1997/06/03,20.01,845.48,-0.1
1997/06/04,20.1,840.11,-0.64
1997/06/05,20.36,843.43,0.4
1997/06/06,18.94,858.01,1.73
1997/06/09,19.46,862.91,0.57
1997/06/10,19.04,865.27,0.27
1997/06/11,18.85,869.57,0.5
1997/06/12,18.51,883.46,1.6
1997/06/13,19.27,893.27,1.11
1997/06/16,19.77,893.9,0.07
1997/06/17,20.17,894.42,0.06
1997/06/18,20.45,889.06,-0.6
1997/06/19,20.1,897.99,1
1997/06/20,20.2,898.7,0.08
1997/06/23,21.19,878.62,-2.23
1997/06/24,20.74,896.34,2.02
1997/06/25,21.5,888.99,-0.82
1997/06/26,21.82,883.68,-0.6
1997/06/27,21.22,887.3,0.41
1997/06/30,21.53,885.14,-0.24
1997/07/01,21,891.03,0.67
1997/07/02,19.7,904.03,1.46
1997/07/03,17.82,916.92,1.43
1997/07/07,19.13,912.2,-0.51
1997/07/08,18.76,918.75,0.72
1997/07/09,20.4,907.54,-1.22
1997/07/10,19.92,913.78,0.69
1997/07/11,19.06,916.68,0.32
1997/07/14,19.58,918.38,0.19
1997/07/15,19,925.76,0.8
1997/07/16,19.36,936.59,1.17
1997/07/17,20.54,931.61,-0.53
1997/07/18,22.28,915.3,-1.75
1997/07/21,23.51,912.94,-0.26
1997/07/22,21.77,933.98,2.3
1997/07/23,21.3,936.56,0.28
1997/07/24,20.96,940.3,0.4
1997/07/25,20.82,938.79,-0.16
1997/07/28,21.84,936.45,-0.25
1997/07/29,22.02,942.29,0.62
1997/07/30,21.39,952.29,1.06
1997/07/31,21.48,954.31,0.21
1997/08/01,22.29,947.14,-0.75
1997/08/04,21.94,950.3,0.33
1997/08/05,20.64,952.37,0.22
1997/08/06,20.05,960.32,0.83
1997/08/07,19.77,951.19,-0.95
1997/08/08,22.46,933.54,-1.86
1997/08/11,22.77,937,0.37
1997/08/12,23.75,926.53,-1.12
1997/08/13,24.52,922.02,-0.49
1997/08/14,23.11,924.77,0.3
1997/08/15,24.45,900.81,-2.59
1997/08/18,24.37,912.49,1.3
1997/08/19,22.64,926.01,1.48
1997/08/20,21.09,939.35,1.44
1997/08/21,23.83,925.05,-1.52
1997/08/22,24.74,923.54,-0.16
1997/08/25,24.1,920.16,-0.37
1997/08/26,24.73,913.02,-0.78
1997/08/27,24.26,913.7,0.07
1997/08/28,24.51,903.67,-1.1
1997/08/29,24.76,899.47,-0.46
1997/09/01,22.91,955.4,6.22
1997/09/02,24.53,927.58,3.13
1997/09/03,24.95,927.86,0.03
1997/09/04,25.27,930.87,0.32
1997/09/05,24.31,929.05,-0.2
1997/09/08,24.4,931.2,0.23
1997/09/09,23.89,933.62,0.26
1997/09/10,24.64,919.03,-1.56
1997/09/11,25.99,912.59,-0.7
1997/09/12,25.17,923.91,1.24
1997/09/15,25.74,919.77,-0.45
1997/09/16,23.77,945.64,2.81
1997/09/17,24.1,943,-0.28
1997/09/18,23.48,947.29,0.45
1997/09/19,22.74,950.51,0.34
1997/09/22,22.08,955.43,0.52
1997/09/23,22,951.93,-0.37
1997/09/24,22.64,944.48,-0.78
1997/09/25,22.96,937.91,-0.7
1997/09/26,22.26,945.22,0.78
1997/09/29,22.23,953.34,0.86
1997/09/30,22.91,947.28,-0.64
1997/10/01,22.32,955.41,0.86
1997/10/02,22.27,960.46,0.53
1997/10/03,21.54,965.03,0.48
1997/10/06,21.61,972.69,0.79
1997/10/07,20.29,983.12,1.07
1997/10/08,20.77,973.84,-0.94
1997/10/09,22.31,970.62,-0.33
1997/10/10,19.75,966.98,-0.38
1997/10/13,20.26,968.1,0.12
1997/10/14,19.99,970.28,0.23
1997/10/15,20.05,965.72,-0.47
1997/10/16,20.53,955.25,-1.08
1997/10/17,21.69,944.16,-1.16
1997/10/20,20.72,955.61,1.21
1997/10/21,19.53,972.28,1.74
1997/10/22,19.86,968.49,-0.39
1997/10/23,22.99,950.69,-1.84
1997/10/24,23.17,941.64,-0.95
1997/10/27,31.12,876.99,-6.87
1997/10/28,31.22,921.85,5.12
1997/10/29,33.75,919.16,-0.29
1997/10/30,38.2,903.68,-1.68
1997/10/31,35.09,914.62,1.21
1997/11/01,27.43,,
1997/11/03,32.09,938.99,2.66
1997/11/04,32.24,940.76,0.19
1997/11/05,32.18,942.76,0.21
1997/11/06,32.57,938.03,-0.5
1997/11/07,36.27,927.51,-1.12
1997/11/10,36.63,921.13,-0.69
1997/11/11,36.38,923.78,0.29
1997/11/12,37.84,905.96,-1.93
1997/11/13,36.64,916.66,1.18
1997/11/14,33.66,928.35,1.28
1997/11/17,31.58,946.2,1.92
1997/11/18,31.55,938.23,-0.84
1997/11/19,29.93,944.59,0.68
1997/11/20,27.32,958.98,1.52
1997/11/21,26.65,963.09,0.43
1997/11/24,29.8,946.67,-1.7
1997/11/25,28.95,950.82,0.44
1997/11/26,28.95,951.64,0.09
1997/11/28,27.43,955.4,0.4
1997/12/01,26.01,974.77,2.03
1997/12/02,25.66,971.68,-0.32
1997/12/03,23.92,976.77,0.52
1997/12/04,23.84,973.1,-0.38
1997/12/05,22.65,983.79,1.1
1997/12/08,23.22,982.37,-0.14
1997/12/09,23.36,975.78,-0.67
1997/12/10,24.55,969.79,-0.61
1997/12/11,27.63,954.94,-1.53
1997/12/12,27.92,953.39,-0.16
1997/12/15,27.37,963.39,1.05
1997/12/16,26.11,968.04,0.48
1997/12/17,26.33,965.54,-0.26
1997/12/18,27.19,955.3,-1.06
1997/12/19,29.18,946.78,-0.89
1997/12/22,28.56,953.7,0.73
1997/12/23,29.86,939.13,-1.53
1997/12/24,30.27,932.7,-0.68
1997/12/26,29.27,936.46,0.4
1997/12/29,26.79,953.35,1.8
1997/12/30,24.38,970.84,1.83
1997/12/31,24.01,970.43,-0.04
1998/01/01,21.47,,
1998/01/02,23.42,975.04,0.48
1998/01/05,24.36,977.07,0.21
1998/01/06,25.66,966.58,-1.07
1998/01/07,25.07,964,-0.27
1998/01/08,26.01,956.05,-0.82
1998/01/09,28.69,927.69,-2.97
1998/01/12,28.02,939.21,1.24
1998/01/13,25.17,952.12,1.37
1998/01/14,23.75,957.94,0.61
1998/01/15,23.45,950.73,-0.75
1998/01/16,21.65,961.51,1.13
1998/01/20,21.65,978.6,1.78
1998/01/21,22.53,970.81,-0.8
1998/01/22,23.16,963.04,-0.8
1998/01/23,23.32,957.59,-0.57
1998/01/26,23.97,956.95,-0.07
1998/01/27,22.27,969.02,1.26
1998/01/28,22.06,977.46,0.87
1998/01/29,21.65,985.49,0.82
1998/01/30,21.47,980.28,-0.53
1998/02/01,18.55,,
1998/02/02,21.36,1001.27,2.14
1998/02/03,20.67,1006,0.47
1998/02/04,20.55,1006.9,0.09
1998/02/05,21.29,1003.54,-0.33
1998/02/06,20.51,1012.46,0.89
1998/02/09,21.55,1010.74,-0.17
1998/02/10,20.66,1019.01,0.82
1998/02/11,20.38,1020.01,0.1
1998/02/12,19.73,1024.14,0.4
1998/02/13,19.84,1020.09,-0.4
1998/02/17,20.76,1022.76,0.26
1998/02/18,19.66,1032.08,0.91
1998/02/19,19.88,1028.28,-0.37
1998/02/20,19,1034.21,0.58
1998/02/23,18.99,1038.14,0.38
1998/02/24,19.35,1030.56,-0.73
1998/02/25,18.62,1042.9,1.2
1998/02/26,18.63,1048.67,0.55
1998/02/27,18.55,1049.34,0.06
1998/03/01,24.22,1090.82,3.95
1998/03/02,19.19,1047.7,-0.16
1998/03/03,19.04,1052.02,0.41
1998/03/04,19.58,1047.33,-0.45
1998/03/05,20.93,1035.05,-1.17
1998/03/06,19.14,1055.69,1.99
1998/03/09,20.23,1052.31,-0.32
1998/03/10,19.43,1064.25,1.13
1998/03/11,18.89,1068.47,0.4
1998/03/12,18.25,1069.92,0.14
1998/03/13,18.71,1068.61,-0.12
1998/03/16,18.51,1079.27,1
1998/03/17,18.66,1080.45,0.11
1998/03/18,18.29,1085.52,0.47
1998/03/19,17.76,1089.74,0.39
1998/03/20,18.69,1099.16,0.86
1998/03/23,19.98,1095.55,-0.33
1998/03/24,20.51,1105.65,0.92
1998/03/25,22.54,1101.93,-0.34
1998/03/26,22.81,1100.8,-0.1
1998/03/27,23.47,1095.44,-0.49
1998/03/30,24.66,1093.6,-0.17
1998/03/31,24.22,1101.75,0.75
1998/04/01,23.37,1108.15,0.58
1998/04/02,21.98,1120.01,1.07
1998/04/03,21.82,1122.7,0.24
1998/04/06,22.47,1121.38,-0.12
1998/04/07,23.66,1109.55,-1.05
1998/04/08,23.17,1101.65,-0.71
1998/04/09,21.51,1110.67,0.82
1998/04/13,22.77,1109.69,-0.09
1998/04/14,21.61,1115.75,0.55
1998/04/15,20.89,1119.32,0.32
1998/04/16,22.06,1108.17,-1
1998/04/17,20.76,1122.72,1.31
1998/04/20,20.39,1123.65,0.08
1998/04/21,19.91,1126.67,0.27
1998/04/22,19.44,1130.54,0.34
1998/04/23,20.6,1119.58,-0.97
1998/04/24,21.97,1107.9,-1.04
1998/04/27,26.09,1086.54,-1.93
1998/04/28,24.17,1085.11,-0.13
1998/04/29,22.78,1094.62,0.88
1998/04/30,21.18,1111.75,1.56
1998/05/01,19.34,1121,0.83
1998/05/04,20.32,1122.07,0.1
1998/05/05,21.46,1115.5,-0.59
1998/05/06,22.79,1104.92,-0.95
1998/05/07,23.39,1095.14,-0.89
1998/05/08,20.57,1108.14,1.19
1998/05/11,21.05,1106.64,-0.14
1998/05/12,20.98,1115.79,0.83
1998/05/13,20.44,1118.86,0.28
1998/05/14,19.64,1117.37,-0.13
1998/05/15,20.44,1108.73,-0.77
1998/05/18,21.69,1105.82,-0.26
1998/05/19,20.39,1109.52,0.33
1998/05/20,19.89,1119.06,0.86
1998/05/21,19.38,1114.64,-0.39
1998/05/22,18.99,1110.47,-0.37
1998/05/26,22.07,1094.02,-1.48
1998/05/27,22.59,1092.23,-0.16
1998/05/28,20.74,1097.6,0.49
1998/05/29,21.32,1090.82,-0.62
1998/06/01,22.83,1090.98,0.01
1998/06/02,22,1093.22,0.21
1998/06/03,22.85,1082.73,-0.96
1998/06/04,21.22,1094.83,1.12
1998/06/05,19.78,1113.86,1.74
1998/06/08,20.58,1115.72,0.17
1998/06/09,20.52,1118.41,0.24
1998/06/10,21.48,1112.28,-0.55
1998/06/11,23.57,1094.58,-1.59
1998/06/12,22.78,1098.84,0.39
1998/06/15,25.94,1077.01,-1.99
1998/06/16,24.8,1087.59,0.98
1998/06/17,22.89,1107.11,1.79
1998/06/18,22.4,1106.37,-0.07
1998/06/19,21.92,1100.65,-0.52
1998/06/22,21.94,1103.21,0.23
1998/06/23,20.17,1119.49,1.48
1998/06/24,20.02,1132.88,1.2
1998/06/25,20.25,1129.28,-0.32
1998/06/26,19.36,1133.2,0.35
1998/06/29,19.57,1138.49,0.47
1998/06/30,19.71,1133.84,-0.41
1998/07/01,18,1148.56,1.3
1998/07/02,17.67,1146.42,-0.19
1998/07/06,18.63,1157.33,0.95
1998/07/07,18.62,1154.66,-0.23
1998/07/08,17.82,1166.38,1.02
1998/07/09,18.16,1158.56,-0.67
1998/07/10,17.92,1164.33,0.5
1998/07/13,18.26,1165.19,0.07
1998/07/14,17.88,1177.58,1.06
1998/07/15,17.89,1174.81,-0.24
1998/07/16,16.97,1183.99,0.78
1998/07/17,16.23,1186.75,0.23
1998/07/20,17.34,1184.1,-0.22
1998/07/21,20.1,1165.07,-1.61
1998/07/22,20.32,1164.08,-0.08
1998/07/23,23.01,1139.75,-2.09
1998/07/24,23.01,1140.8,0.09
1998/07/27,23.13,1147.27,0.57
1998/07/28,25.25,1130.24,-1.48
1998/07/29,24.79,1125.21,-0.45
1998/07/30,22.66,1142.95,1.58
1998/07/31,24.8,1120.67,-1.95
1998/08/01,44.28,,
1998/08/03,25.98,1112.44,-0.73
1998/08/04,31.06,1072.12,-3.62
1998/08/05,29.83,1081.43,0.87
1998/08/06,28.2,1089.63,0.76
1998/08/07,27.02,1089.45,-0.02
1998/08/10,28.75,1083.14,-0.58
1998/08/11,31.91,1068.98,-1.31
1998/08/12,28.55,1084.22,1.43
1998/08/13,29.92,1074.91,-0.86
1998/08/14,34.34,1062.75,-1.13
1998/08/17,31.86,1083.67,1.97
1998/08/18,28.4,1101.2,1.62
1998/08/19,28.69,1098.06,-0.29
1998/08/20,30,1091.6,-0.59
1998/08/21,33.14,1081.24,-0.95
1998/08/24,31.8,1088.14,0.64
1998/08/25,30.33,1092.85,0.43
1998/08/26,31.14,1084.19,-0.79
1998/08/27,38.55,1042.59,-3.84
1998/08/28,39.6,1027.14,-1.48
1998/08/31,44.28,957.28,-6.8
1998/09/01,36.48,994.26,3.86
1998/09/02,36.76,990.48,-0.38
1998/09/03,41.43,982.26,-0.83
1998/09/04,43.31,973.89,-0.85
1998/09/08,37.9,1023.46,5.09
1998/09/09,39.66,1006.2,-1.69
1998/09/10,45.29,980.19,-2.58
1998/09/11,43.74,1009.06,2.95
1998/09/14,38.57,1029.72,2.05
1998/09/15,36.58,1037.68,0.77
1998/09/16,35.94,1045.48,0.75
1998/09/17,39.23,1018.87,-2.55
1998/09/18,38.63,1020.09,0.12
1998/09/21,38.58,1023.89,0.37
1998/09/22,36.62,1029.63,0.56
1998/09/23,32.47,1066.09,3.54
1998/09/24,34.66,1042.72,-2.19
1998/09/25,34.55,1044.75,0.19
1998/09/28,34.87,1048.69,0.38
1998/09/29,36.08,1049.02,0.03
1998/09/30,40.95,1017.01,-3.05
1998/10/01,43.48,986.39,-3.01
1998/10/02,40.47,1002.6,1.64
1998/10/05,42.81,988.56,-1.4
1998/10/06,41.2,984.59,-0.4
1998/10/07,43.51,970.68,-1.41
1998/10/08,45.74,959.44,-1.16
1998/10/09,42.2,984.39,2.6
1998/10/12,40.07,997.71,1.35
1998/10/13,40.23,994.8,-0.29
1998/10/14,38.96,1005.53,1.08
1998/10/15,33.34,1047.49,4.17
1998/10/16,34.82,1056.42,0.85
1998/10/19,33.13,1062.39,0.57
1998/10/20,33.11,1063.93,0.14
1998/10/21,33.21,1069.92,0.56
1998/10/22,31.53,1078.48,0.8
1998/10/23,32.27,1070.67,-0.72
1998/10/26,32.38,1072.32,0.15
1998/10/27,32.95,1065.34,-0.65
1998/10/28,32.42,1068.09,0.26
1998/10/29,29.5,1085.93,1.67
1998/10/30,28.05,1098.67,1.17
1998/11/01,26.01,,
1998/11/02,27.26,1111.6,1.18
1998/11/03,27.76,1110.84,-0.07
1998/11/04,27.37,1118.67,0.7
1998/11/05,26.01,1133.85,1.36
1998/11/06,25.7,1141.01,0.63
1998/11/09,28.09,1130.2,-0.95
1998/11/10,28.17,1128.26,-0.17
1998/11/11,28.47,1120.97,-0.65
1998/11/12,29.28,1117.69,-0.29
1998/11/13,29.03,1125.72,0.72
1998/11/16,28.9,1135.87,0.9
1998/11/17,27.95,1139.32,0.3
1998/11/18,27.13,1144.48,0.45
1998/11/19,25.5,1152.61,0.71
1998/11/20,22.47,1163.55,0.95
1998/11/23,21.84,1188.21,2.12
1998/11/24,23.28,1182.99,-0.44
1998/11/25,22.15,1186.87,0.33
1998/11/27,22.09,1192.33,0.46
1998/11/30,26.01,1163.63,-2.41
1998/12/01,24.97,1175.28,1
1998/12/02,25.43,1171.25,-0.34
1998/12/03,28.7,1150.14,-1.8
1998/12/04,25.31,1176.74,2.31
1998/12/07,24.9,1187.7,0.93
1998/12/08,25.58,1181.38,-0.53
1998/12/09,25.66,1183.49,0.18
1998/12/10,26.81,1165.02,-1.56
1998/12/11,27.72,1166.46,0.12
1998/12/14,31.31,1141.2,-2.17
1998/12/15,29.42,1162.83,1.9
1998/12/16,29.96,1161.94,-0.08
1998/12/17,27.96,1179.98,1.55
1998/12/18,25.04,1188.03,0.68
1998/12/21,23.86,1202.84,1.25
1998/12/22,22.78,1203.57,0.06
1998/12/23,20.21,1228.54,2.07
1998/12/24,21.48,1226.27,-0.18
1998/12/28,23.5,1225.49,-0.06
1998/12/29,22.18,1241.81,1.33
1998/12/30,23.34,1231.93,-0.8
1998/12/31,24.42,1229.23,-0.22
1999/01/01,26.25,,
1999/01/04,26.17,1228.1,-0.09
1999/01/05,24.46,1244.78,1.36
1999/01/06,23.34,1272.34,2.21
1999/01/07,24.37,1269.73,-0.21
1999/01/08,23.28,1275.09,0.42
1999/01/11,25.46,1263.88,-0.88
1999/01/12,28.1,1239.51,-1.93
1999/01/13,30.11,1234.4,-0.41
1999/01/14,32.98,1212.19,-1.8
1999/01/15,29.24,1243.26,2.56
1999/01/19,29.24,1252,0.7
1999/01/20,28.6,1256.62,0.37
1999/01/21,30.92,1235.16,-1.71
1999/01/22,31.95,1225.19,-0.81
1999/01/25,31.13,1233.98,0.72
1999/01/26,29.23,1252.31,1.49
1999/01/27,29.73,1243.17,-0.73
1999/01/28,28.11,1265.37,1.79
1999/01/29,26.25,1279.64,1.13
1999/02/01,27.67,1273,-0.52
1999/02/02,28.16,1261.99,-0.86
1999/02/03,27.88,1272.07,0.8
1999/02/04,29.48,1248.49,-1.85
1999/02/05,29.67,1239.4,-0.73
1999/02/08,30.27,1243.77,0.35
1999/02/09,31.36,1216.14,-2.22
1999/02/10,30.45,1223.55,0.61
1999/02/11,27.42,1254.04,2.49
1999/02/12,29.76,1230.13,-1.91
1999/02/16,29.65,1241.87,0.95
1999/02/17,30.65,1224.03,-1.44
1999/02/18,30.45,1237.28,1.08
1999/02/19,29.3,1239.22,0.16
1999/02/22,25.87,1272.14,2.66
1999/02/23,26.49,1271.18,-0.08
1999/02/24,27.21,1253.41,-1.4
1999/02/25,28.01,1245.02,-0.67
1999/02/26,27.88,1238.33,-0.54
1999/03/01,28.37,1236.16,-0.18
1999/03/02,29.22,1225.5,-0.86
1999/03/03,29.04,1227.7,0.18
1999/03/04,26.67,1246.64,1.54
1999/03/05,24.08,1275.47,2.31
1999/03/08,24.54,1282.73,0.57
1999/03/09,25.02,1279.84,-0.23
1999/03/10,24.79,1286.84,0.55
1999/03/11,24.37,1297.68,0.84
1999/03/12,24.84,1294.59,-0.24
1999/03/15,25.24,1307.26,0.98
1999/03/16,25.15,1306.38,-0.07
1999/03/17,25.57,1297.82,-0.66
1999/03/18,24.13,1316.55,1.44
1999/03/19,24.32,1299.29,-1.31
1999/03/22,25,1297.01,-0.18
1999/03/23,27.27,1262.14,-2.69
1999/03/24,26.6,1268.59,0.51
1999/03/25,24.33,1289.99,1.69
1999/03/26,24.04,1282.8,-0.56
1999/03/29,23.54,1310.17,2.13
1999/03/30,22.73,1300.75,-0.72
1999/03/31,23.26,1286.37,-1.11
1999/04/01,22.06,1293.72,0.57
1999/04/05,22.19,1321.12,2.12
1999/04/06,22.65,1317.89,-0.24
1999/04/07,22.81,1326.89,0.68
1999/04/08,22.59,1343.98,1.29
1999/04/09,21.77,1348.35,0.33
1999/04/12,21.93,1358.63,0.76
1999/04/13,22.73,1349.82,-0.65
1999/04/14,24.94,1328.44,-1.58
1999/04/15,23.93,1322.85,-0.42
1999/04/16,23.9,1319,-0.29
1999/04/19,26.42,1289.48,-2.24
1999/04/20,25.02,1306.17,1.29
1999/04/21,23.31,1336.12,2.29
1999/04/22,22.62,1358.82,1.7
1999/04/23,22.76,1356.85,-0.14
1999/04/26,23.53,1360.04,0.24
1999/04/27,23.36,1362.8,0.2
1999/04/28,24.4,1350.91,-0.87
1999/04/29,25.06,1342.83,-0.6
1999/04/30,25.07,1335.18,-0.57
1999/05/01,25.39,,
1999/05/03,24.15,1354.63,1.46
1999/05/04,25.62,1332,-1.67
1999/05/05,25.19,1347.31,1.15
1999/05/06,27.44,1332.05,-1.13
1999/05/07,25.36,1345,0.97
1999/05/10,26.62,1340.3,-0.35
1999/05/11,25.62,1355.61,1.14
1999/05/12,26.13,1364,0.62
1999/05/13,25.02,1367.56,0.26
1999/05/14,26.86,1337.8,-2.18
1999/05/17,27.28,1339.49,0.13
1999/05/18,27.26,1333.32,-0.46
1999/05/19,25.08,1344.23,0.82
1999/05/20,24.46,1338.83,-0.4
1999/05/21,24.4,1330.29,-0.64
1999/05/24,27.62,1306.65,-1.78
1999/05/25,28.9,1284.4,-1.7
1999/05/26,27.57,1304.76,1.59
1999/05/27,28.12,1281.41,-1.79
1999/05/28,25.39,1301.84,1.59
1999/06/01,26.62,1294.26,-0.58
1999/06/02,26.21,1294.81,0.04
1999/06/03,26.2,1299.54,0.37
1999/06/04,23.43,1327.75,2.17
1999/06/07,23.78,1334.52,0.51
1999/06/08,24.02,1317.33,-1.29
1999/06/09,23.9,1318.64,0.1
1999/06/10,25.32,1302.82,-1.2
1999/06/11,25.9,1293.64,-0.7
1999/06/14,26.51,1294,0.03
1999/06/15,25.91,1301.16,0.55
1999/06/16,22.4,1330.41,2.25
1999/06/17,21.95,1339.9,0.71
1999/06/18,21.75,1342.84,0.22
1999/06/21,21.81,1349,0.46
1999/06/22,21.7,1335.88,-0.97
1999/06/23,21.32,1333.06,-0.21
1999/06/24,23.06,1315.78,-1.3
1999/06/25,21.76,1315.31,-0.04
1999/06/28,22.63,1331.35,1.22
1999/06/29,22.51,1351.45,1.51
1999/06/30,21.09,1372.71,1.57
1999/07/01,19.69,1380.96,0.6
1999/07/02,18.66,1391.22,0.74
1999/07/06,20.73,1388.12,-0.22
1999/07/07,20.35,1395.86,0.56
1999/07/08,20.24,1394.42,-0.1
1999/07/09,17.96,1403.28,0.64
1999/07/12,19.73,1399.1,-0.3
1999/07/13,19.95,1393.56,-0.4
1999/07/14,19.71,1398.17,0.33
1999/07/15,18.68,1409.62,0.82
1999/07/16,17.42,1418.78,0.65
1999/07/19,19.07,1407.65,-0.78
1999/07/20,21.79,1377.1,-2.17
1999/07/21,21.46,1379.29,0.16
1999/07/22,23.05,1360.97,-1.33
1999/07/23,23.32,1356.94,-0.3
1999/07/26,24.98,1347.76,-0.68
1999/07/27,23.23,1362.84,1.12
1999/07/28,22.85,1365.4,0.19
1999/07/29,24.52,1341.03,-1.78
1999/07/30,24.64,1328.72,-0.92
1999/08/01,24.45,,
1999/08/02,25.59,1328.05,-0.05
1999/08/03,26.27,1322.18,-0.44
1999/08/04,27.4,1305.33,-1.27
1999/08/05,27.01,1313.71,0.64
1999/08/06,26.6,1300.29,-1.02
1999/08/09,27.66,1297.8,-0.19
1999/08/10,28.45,1281.43,-1.26
1999/08/11,25.39,1301.93,1.6
1999/08/12,25.03,1298.16,-0.29
1999/08/13,22.31,1327.68,2.27
1999/08/16,23.07,1330.77,0.23
1999/08/17,21.67,1344.16,1.01
1999/08/18,23.3,1332.84,-0.84
1999/08/19,24.39,1323.59,-0.69
1999/08/20,22.95,1336.61,0.98
1999/08/23,22.55,1360.22,1.77
1999/08/24,22.4,1363.5,0.24
1999/08/25,20.96,1381.79,1.34
1999/08/26,21.21,1362.01,-1.43
1999/08/27,21.83,1348.27,-1.01
1999/08/30,24.63,1324.02,-1.8
1999/08/31,24.45,1320.41,-0.27
1999/09/01,22.93,1331.07,0.81
1999/09/02,24.53,1319.11,-0.9
1999/09/03,20.98,1357.24,2.89
1999/09/07,23.44,1350.45,-0.5
1999/09/08,23.82,1344.15,-0.47
1999/09/09,23.01,1347.66,0.26
1999/09/10,22.03,1351.66,0.3
1999/09/13,22.89,1344.13,-0.56
1999/09/14,23.77,1336.29,-0.58
1999/09/15,24.56,1317.97,-1.37
1999/09/16,25.25,1318.48,0.04
1999/09/17,23.3,1335.42,1.28
1999/09/20,24.03,1335.53,0.01
1999/09/21,25.65,1307.58,-2.09
1999/09/22,25.19,1310.51,0.22
1999/09/23,27.84,1280.41,-2.3
1999/09/24,27.79,1277.36,-0.24
1999/09/27,26.4,1283.31,0.47
1999/09/28,26.06,1282.2,-0.09
1999/09/29,26.49,1268.37,-1.08
1999/09/30,25.41,1282.71,1.13
1999/10/01,24.93,1282.81,0.01
1999/10/04,24.46,1304.6,1.7
1999/10/05,24.79,1301.35,-0.25
1999/10/06,22.06,1325.4,1.85
1999/10/07,23.58,1317.64,-0.59
1999/10/08,20.49,1336.02,1.39
1999/10/11,20.63,1335.21,-0.06
1999/10/12,22.84,1313.04,-1.66
1999/10/13,25.96,1285.55,-2.09
1999/10/14,26.05,1283.42,-0.17
1999/10/15,28.75,1247.41,-2.81
1999/10/18,28.19,1254.13,0.54
1999/10/19,26.56,1261.32,0.57
1999/10/20,23.9,1289.43,2.23
1999/10/21,24.02,1283.61,-0.45
1999/10/22,21.64,1301.65,1.41
1999/10/25,23.6,1293.63,-0.62
1999/10/26,24.26,1281.91,-0.91
1999/10/27,24.2,1296.71,1.15
1999/10/28,21.34,1342.44,3.53
1999/10/29,22.2,1362.93,1.53
1999/11/01,22.09,1354.12,-0.65
1999/11/02,23.1,1347.74,-0.47
1999/11/03,23.16,1354.93,0.53
1999/11/04,23,1362.64,0.57
1999/11/05,21.66,1370.23,0.56
1999/11/08,21.87,1377.01,0.49
1999/11/09,22.7,1365.28,-0.85
1999/11/10,22.26,1373.46,0.6
1999/11/11,22.07,1381.46,0.58
1999/11/12,21.65,1396.06,1.06
1999/11/15,22.74,1394.39,-0.12
1999/11/16,20.73,1420.07,1.84
1999/11/17,20.96,1410.71,-0.66
1999/11/18,19.76,1424.94,1.01
1999/11/19,19.11,1422,-0.21
1999/11/22,19.98,1420.94,-0.07
1999/11/23,21,1404.64,-1.15
1999/11/24,20.26,1417.08,0.89
1999/11/26,22.33,1416.62,-0.03
1999/11/29,23.57,1407.83,-0.62
1999/11/30,24.18,1388.91,-1.34
1999/12/01,22.23,1397.72,0.63
1999/12/02,21.77,1409.04,0.81
1999/12/03,19.32,1433.3,1.72
1999/12/06,20.58,1423.33,-0.7
1999/12/07,21.09,1409.17,-0.99
1999/12/08,21.25,1403.88,-0.38
1999/12/09,21.19,1408.11,0.3
1999/12/10,21.48,1417.04,0.63
1999/12/13,21.72,1415.22,-0.13
1999/12/14,23.06,1403.17,-0.85
1999/12/15,22.03,1413.33,0.72
1999/12/16,21.91,1418.78,0.39
1999/12/17,21.35,1421.03,0.16
1999/12/20,23.78,1418.09,-0.21
1999/12/21,22.66,1433.43,1.08
1999/12/22,22.43,1436.13,0.19
1999/12/23,21.12,1458.34,1.55
1999/12/27,23.07,1457.1,-0.09
1999/12/28,22.97,1457.66,0.04
1999/12/29,23.09,1463.46,0.4
1999/12/30,24.76,1464.47,0.07
1999/12/31,24.64,1469.25,0.33
2000/01/01,24.95,,
2000/01/03,24.21,1455.22,-0.95
2000/01/04,27.01,1399.42,-3.83
2000/01/05,26.41,1402.11,0.19
2000/01/06,25.73,1403.45,0.1
2000/01/07,21.72,1441.47,2.71
2000/01/10,21.71,1457.6,1.12
2000/01/11,22.5,1438.56,-1.31
2000/01/12,22.84,1432.25,-0.44
2000/01/13,21.71,1449.68,1.22
2000/01/14,19.66,1465.15,1.07
2000/01/18,21.5,1455.14,-0.68
2000/01/19,21.72,1455.9,0.05
2000/01/20,21.75,1445.57,-0.71
2000/01/21,20.82,1441.36,-0.29
2000/01/24,24.07,1401.53,-2.76
2000/01/25,23.02,1410.03,0.61
2000/01/26,23.03,1404.09,-0.42
2000/01/27,23.54,1398.56,-0.39
2000/01/28,26.14,1360.16,-2.75
2000/01/31,24.95,1394.46,2.52
2000/02/01,23.45,1409.28,1.06
2000/02/02,23.12,1409.12,-0.01
2000/02/03,22.01,1424.97,1.12
2000/02/04,21.54,1424.37,-0.04
2000/02/07,22.79,1424.24,-0.01
2000/02/08,21.25,1441.72,1.23
2000/02/09,22.9,1411.71,-2.08
2000/02/10,23.07,1416.83,0.36
2000/02/11,24.42,1387.12,-2.1
2000/02/14,24.38,1389.94,0.2
2000/02/15,22.92,1402.05,0.87
2000/02/16,23.51,1387.67,-1.03
2000/02/17,23.17,1388.26,0.04
2000/02/18,26,1346.09,-3.04
2000/02/22,25.86,1352.17,0.45
2000/02/23,23.89,1360.69,0.63
2000/02/24,24.38,1353.43,-0.53
2000/02/25,25.2,1333.36,-1.48
2000/02/28,24.68,1348.05,1.1
2000/02/29,23.37,1366.42,1.36
2000/03/01,21.64,1379.19,0.93
2000/03/02,21.06,1381.76,0.19
2000/03/03,19.21,1409.17,1.98
2000/03/06,21.5,1391.28,-1.27
2000/03/07,24.31,1355.62,-2.56
2000/03/08,23.82,1366.7,0.82
2000/03/09,22.21,1401.69,2.56
2000/03/10,21.24,1395.07,-0.47
2000/03/13,22.85,1383.62,-0.82
2000/03/14,24.41,1359.15,-1.77
2000/03/15,22.34,1392.14,2.43
2000/03/16,20.77,1458.47,4.76
2000/03/17,22.37,1464.47,0.41
2000/03/20,22.96,1456.63,-0.54
2000/03/21,21.7,1493.87,2.56
2000/03/22,21.49,1500.64,0.45
2000/03/23,22.26,1527.35,1.78
2000/03/24,23.31,1527.46,0.01
2000/03/27,24.53,1523.86,-0.24
2000/03/28,24.86,1507.73,-1.06
2000/03/29,24.1,1508.52,0.05
2000/03/30,25.47,1487.92,-1.37
2000/03/31,24.11,1498.58,0.72
2000/04/01,26.2,,
2000/04/03,24.03,1505.97,0.49
2000/04/04,27.12,1494.73,-0.75
2000/04/05,28.41,1487.37,-0.49
2000/04/06,27.15,1501.34,0.94
2000/04/07,24.39,1516.35,1
2000/04/10,25.99,1504.46,-0.78
2000/04/11,27.25,1500.59,-0.26
2000/04/12,28.98,1467.17,-2.23
2000/04/13,29.4,1440.51,-1.82
2000/04/14,33.49,1356.56,-5.83
2000/04/17,28.95,1401.44,3.31
2000/04/18,26.12,1441.61,2.87
2000/04/19,27.02,1427.47,-0.98
2000/04/20,25.85,1434.54,0.5
2000/04/24,27.37,1429.86,-0.33
2000/04/25,25.24,1477.44,3.33
2000/04/26,26.97,1460.99,-1.11
2000/04/27,26.19,1464.92,0.27
2000/04/28,26.2,1452.43,-0.85
2000/05/01,25.88,1468.25,1.09
2000/05/02,28.5,1446.29,-1.5
2000/05/03,31.63,1415.1,-2.16
2000/05/04,30.77,1409.57,-0.39
2000/05/05,27.53,1432.63,1.64
2000/05/08,28.2,1424.17,-0.59
2000/05/09,28.93,1412.14,-0.84
2000/05/10,29.87,1383.05,-2.06
2000/05/11,27.76,1407.81,1.79
2000/05/12,26.05,1420.96,0.93
2000/05/15,24.86,1452.36,2.21
2000/05/16,24.34,1466.04,0.94
2000/05/17,23.98,1447.8,-1.24
2000/05/18,23.96,1437.21,-0.73
2000/05/19,25.44,1406.95,-2.11
2000/05/22,26,1400.72,-0.44
2000/05/23,25.87,1373.86,-1.92
2000/05/24,24.32,1399.05,1.83
2000/05/25,24.58,1381.52,-1.25
2000/05/26,24.47,1378.02,-0.25
2000/05/30,23.62,1422.45,3.22
2000/05/31,23.65,1420.6,-0.13
2000/06/01,22.36,1448.81,1.99
2000/06/02,21.48,1477.26,1.96
2000/06/05,22.71,1467.63,-0.65
2000/06/06,23.05,1457.84,-0.67
2000/06/07,22.48,1471.36,0.93
2000/06/08,22.77,1461.67,-0.66
2000/06/09,22.14,1456.95,-0.32
2000/06/12,22.32,1446,-0.75
2000/06/13,21.67,1469.44,1.62
2000/06/14,21.48,1470.54,0.07
2000/06/15,20.68,1478.73,0.56
2000/06/16,20.5,1464.46,-0.97
2000/06/19,20.63,1486,1.47
2000/06/20,20.88,1475.95,-0.68
2000/06/21,20.61,1479.13,0.22
2000/06/22,22,1452.18,-1.82
2000/06/23,22.34,1441.48,-0.74
2000/06/26,22.45,1455.31,0.96
2000/06/27,21.8,1450.55,-0.33
2000/06/28,20.29,1454.82,0.29
2000/06/29,19.7,1442.39,-0.85
2000/06/30,19.54,1454.6,0.85
2000/07/01,20.74,,
2000/07/03,19.83,1469.54,1.03
2000/07/05,21.16,1446.23,-1.59
2000/07/06,20.94,1456.67,0.72
2000/07/07,19.22,1478.9,1.53
2000/07/10,20.33,1475.62,-0.22
2000/07/11,20.11,1480.88,0.36
2000/07/12,20.03,1492.92,0.81
2000/07/13,20.03,1495.84,0.2
2000/07/14,19.32,1509.98,0.95
2000/07/17,19.45,1510.49,0.03
2000/07/18,19.75,1493.74,-1.11
2000/07/19,19.65,1481.96,-0.79
2000/07/20,18.94,1495.57,0.92
2000/07/21,18.94,1480.19,-1.03
2000/07/24,19.92,1464.29,-1.07
2000/07/25,19.39,1474.47,0.7
2000/07/26,19.67,1452.42,-1.5
2000/07/27,19.6,1449.62,-0.19
2000/07/28,20.84,1419.89,-2.05
2000/07/31,20.74,1430.83,0.77
2000/08/01,20.55,1438.1,0.51
2000/08/02,20,1438.7,0.04
2000/08/03,19.99,1452.56,0.96
2000/08/04,18.62,1462.93,0.71
2000/08/07,19.03,1479.32,1.12
2000/08/08,18.79,1482.8,0.24
2000/08/09,19.18,1472.87,-0.67
2000/08/10,19.19,1460.25,-0.86
2000/08/11,18.55,1471.84,0.79
2000/08/14,17.88,1491.56,1.34
2000/08/15,17.98,1484.43,-0.48
2000/08/16,18.02,1479.85,-0.31
2000/08/17,17.48,1496.07,1.1
2000/08/18,17.05,1491.72,-0.29
2000/08/21,17.35,1499.48,0.52
2000/08/22,17.47,1498.13,-0.09
2000/08/23,17.38,1505.97,0.52
2000/08/24,17.04,1508.31,0.16
2000/08/25,16.53,1506.45,-0.12
2000/08/28,16.54,1514.09,0.51
2000/08/29,16.89,1509.84,-0.28
2000/08/30,17.69,1502.59,-0.48
2000/08/31,16.84,1517.68,1
2000/09/01,17.53,1520.77,0.2
2000/09/05,19.82,1507.08,-0.9
2000/09/06,20.79,1492.25,-0.98
2000/09/07,19.42,1502.51,0.69
2000/09/08,18.46,1494.5,-0.53
2000/09/11,18.4,1489.26,-0.35
2000/09/12,18.59,1481.99,-0.49
2000/09/13,18.32,1484.91,0.2
2000/09/14,18.26,1480.87,-0.27
2000/09/15,18.52,1465.81,-1.02
2000/09/18,20.25,1444.51,-1.45
2000/09/19,19.54,1459.9,1.07
2000/09/20,19.93,1451.34,-0.59
2000/09/21,20.18,1449.05,-0.16
2000/09/22,20.74,1448.72,-0.02
2000/09/25,21.41,1439.03,-0.67
2000/09/26,21.88,1427.21,-0.82
2000/09/27,21.67,1426.57,-0.04
2000/09/28,19.47,1458.29,2.22
2000/09/29,20.57,1436.51,-1.49
2000/10/01,23.63,,
2000/10/02,21.23,1436.23,-0.02
2000/10/03,21.85,1426.46,-0.68
2000/10/04,21.54,1434.32,0.55
2000/10/05,21.03,1436.28,0.14
2000/10/06,22.71,1408.99,-1.9
2000/10/09,24.02,1402.03,-0.49
2000/10/10,24.86,1387.02,-1.07
2000/10/11,26.57,1364.59,-1.62
2000/10/12,30.51,1329.78,-2.55
2000/10/13,27.6,1374.17,3.34
2000/10/16,26.79,1374.62,0.03
2000/10/17,27.84,1349.97,-1.79
2000/10/18,28.72,1342.13,-0.58
2000/10/19,25.09,1388.76,3.47
2000/10/20,24.24,1396.93,0.59
2000/10/23,24.69,1395.78,-0.08
2000/10/24,24.28,1398.13,0.17
2000/10/25,26.65,1364.9,-2.38
2000/10/26,28.62,1364.44,-0.03
2000/10/27,26.47,1379.58,1.11
2000/10/30,25.46,1398.66,1.38
2000/10/31,23.63,1429.4,2.2
2000/11/01,24.28,1421.22,-0.57
2000/11/02,23.92,1428.32,0.5
2000/11/03,23.67,1426.69,-0.11
2000/11/06,24.52,1432.19,0.39
2000/11/07,24.91,1431.87,-0.02
2000/11/08,25.66,1409.28,-1.58
2000/11/09,27.2,1400.14,-0.65
2000/11/10,28.53,1365.98,-2.44
2000/11/13,29.06,1351.26,-1.08
2000/11/14,26.81,1382.95,2.35
2000/11/15,26.15,1389.81,0.5
2000/11/16,25.05,1372.32,-1.26
2000/11/17,24.81,1367.72,-0.34
2000/11/20,27.43,1342.62,-1.84
2000/11/21,26.62,1347.35,0.35
2000/11/22,27.71,1322.36,-1.85
2000/11/24,26,1341.77,1.47
2000/11/27,26.93,1348.97,0.54
2000/11/28,27.64,1336.09,-0.95
2000/11/29,27.49,1341.93,0.44
2000/11/30,29.65,1314.95,-2.01
2000/12/01,27.48,1315.23,0.02
2000/12/04,27.78,1324.97,0.74
2000/12/05,24.99,1376.54,3.89
2000/12/06,25.07,1351.46,-1.82
2000/12/07,25.34,1343.55,-0.59
2000/12/08,22.41,1369.89,1.96
2000/12/11,23.51,1380.2,0.75
2000/12/12,24.88,1371.18,-0.65
2000/12/13,23.63,1359.99,-0.82
2000/12/14,24.86,1340.93,-1.4
2000/12/15,26.55,1312.15,-2.15
2000/12/18,27.7,1322.74,0.81
2000/12/19,27.17,1305.6,-1.3
2000/12/20,31.74,1264.74,-3.13
2000/12/21,29.66,1274.86,0.8
2000/12/22,27.55,1305.95,2.44
2000/12/26,28.73,1315.19,0.71
2000/12/27,28.14,1328.92,1.04
2000/12/28,26.57,1334.22,0.4
2000/12/29,26.85,1320.28,-1.04
2001/01/01,22.02,,
2001/01/02,29.99,1283.27,-2.8
2001/01/03,26.6,1347.56,5.01
2001/01/04,26.97,1333.34,-1.06
2001/01/05,28.67,1298.35,-2.62
2001/01/08,29.84,1295.86,-0.19
2001/01/09,27.99,1300.8,0.38
2001/01/10,26.8,1313.27,0.96
2001/01/11,25.79,1326.82,1.03
2001/01/12,24.56,1318.55,-0.62
2001/01/16,25.28,1326.65,0.61
2001/01/17,24.93,1329.47,0.21
2001/01/18,23.37,1347.97,1.39
2001/01/19,23.24,1342.54,-0.4
2001/01/22,23.25,1342.9,0.03
2001/01/23,21.57,1360.4,1.3
2001/01/24,22.03,1364.3,0.29
2001/01/25,22.64,1357.51,-0.5
2001/01/26,22.57,1354.95,-0.19
2001/01/29,22.61,1364.17,0.68
2001/01/30,22.57,1373.73,0.7
2001/01/31,22.02,1366.01,-0.56
2001/02/01,21.66,1373.47,0.55
2001/02/02,21.95,1349.47,-1.75
2001/02/05,22.19,1354.31,0.36
2001/02/06,21.98,1352.26,-0.15
2001/02/07,21.67,1340.89,-0.84
2001/02/08,21.46,1332.53,-0.62
2001/02/09,22.03,1314.76,-1.33
2001/02/12,21.92,1330.31,1.18
2001/02/13,21.37,1318.8,-0.87
2001/02/14,21.52,1315.92,-0.22
2001/02/15,20.27,1326.61,0.81
2001/02/16,22.12,1301.53,-1.89
2001/02/20,24.69,1278.94,-1.74
2001/02/21,25.75,1255.27,-1.85
2001/02/22,26.76,1252.82,-0.2
2001/02/23,27.21,1245.86,-0.56
2001/02/26,25.43,1267.65,1.75
2001/02/27,26.49,1257.94,-0.77
2001/02/28,28.35,1239.94,-1.43
2001/03/01,28.08,1241.23,0.1
2001/03/02,27.43,1234.18,-0.57
2001/03/05,27.12,1241.41,0.59
2001/03/06,25.89,1253.8,1
2001/03/07,24.12,1261.89,0.65
2001/03/08,24.29,1264.74,0.23
2001/03/09,25.62,1233.42,-2.48
2001/03/12,30.32,1180.16,-4.32
2001/03/13,27.55,1197.66,1.48
2001/03/14,29.61,1166.71,-2.58
2001/03/15,28.56,1173.56,0.59
2001/03/16,29.91,1150.53,-1.96
2001/03/19,29.78,1170.81,1.76
2001/03/20,30.96,1142.62,-2.41
2001/03/21,31.93,1122.14,-1.79
2001/03/22,32.84,1117.58,-0.41
2001/03/23,30.45,1139.83,1.99
2001/03/26,29.04,1152.69,1.13
2001/03/27,27.04,1182.17,2.56
2001/03/28,28.58,1153.29,-2.44
2001/03/29,29.17,1147.95,-0.46
2001/03/30,28.64,1160.33,1.08
2001/04/01,25.48,,
2001/04/02,31.21,1145.87,-1.25
2001/04/03,34.72,1106.46,-3.44
2001/04/04,34.07,1103.25,-0.29
2001/04/05,29.94,1151.44,4.37
2001/04/06,31.69,1128.43,-2
2001/04/09,31.91,1137.59,0.81
2001/04/10,29.44,1168.38,2.71
2001/04/11,28.46,1165.89,-0.21
2001/04/12,26.12,1183.5,1.51
2001/04/16,26.33,1179.68,-0.32
2001/04/17,25.61,1191.81,1.03
2001/04/18,24.13,1238.16,3.89
2001/04/19,24.16,1253.69,1.25
2001/04/20,25.38,1242.98,-0.85
2001/04/23,28.16,1224.36,-1.5
2001/04/24,28.49,1209.47,-1.22
2001/04/25,27.4,1228.75,1.59
2001/04/26,25.96,1234.52,0.47
2001/04/27,24.02,1253.05,1.5
2001/04/30,25.48,1249.46,-0.29
2001/05/01,24.2,1266.44,1.36
2001/05/02,24.23,1267.43,0.08
2001/05/03,25.78,1248.58,-1.49
2001/05/04,23.91,1266.61,1.44
2001/05/07,24.86,1263.51,-0.24
2001/05/08,24.44,1261.2,-0.18
2001/05/09,24.35,1255.54,-0.45
2001/05/10,24,1255.18,-0.03
2001/05/11,23.54,1245.67,-0.76
2001/05/14,24.26,1248.92,0.26
2001/05/15,23.71,1249.44,0.04
2001/05/16,21.89,1284.99,2.85
2001/05/17,21.47,1288.49,0.27
2001/05/18,21.23,1291.96,0.27
2001/05/21,20.76,1312.83,1.62
2001/05/22,21.35,1309.38,-0.26
2001/05/23,22.08,1289.05,-1.55
2001/05/24,20.57,1293.17,0.32
2001/05/25,20.6,1277.89,-1.18
2001/05/29,22.14,1267.93,-0.78
2001/05/30,22.76,1248.08,-1.57
2001/05/31,22.64,1255.82,0.62
2001/06/01,21.59,1260.67,0.39
2001/06/04,21.38,1267.11,0.51
2001/06/05,19.58,1283.57,1.3
2001/06/06,20.39,1270.03,-1.05
2001/06/07,19.67,1276.96,0.55
2001/06/08,19.92,1264.96,-0.94
2001/06/11,20.7,1254.39,-0.84
2001/06/12,20.7,1255.85,0.12
2001/06/13,21.45,1241.6,-1.13
2001/06/14,23.12,1219.87,-1.75
2001/06/15,22.81,1214.36,-0.45
2001/06/18,23.17,1208.43,-0.49
2001/06/19,22.34,1212.58,0.34
2001/06/20,21.71,1223.14,0.87
2001/06/21,19.38,1237.04,1.14
2001/06/22,20.02,1225.35,-0.95
2001/06/25,20.67,1218.6,-0.55
2001/06/26,21.2,1216.76,-0.15
2001/06/27,20.88,1211.07,-0.47
2001/06/28,20.01,1226.2,1.25
2001/06/29,19.06,1224.38,-0.15
2001/07/01,21.62,,
2001/07/02,18.76,1236.72,1.01
2001/07/03,18.92,1234.45,-0.18
2001/07/05,20.09,1219.24,-1.23
2001/07/06,21.63,1190.59,-2.35
2001/07/09,22.48,1198.78,0.69
2001/07/10,23.25,1181.52,-1.44
2001/07/11,24.01,1180.18,-0.11
2001/07/12,22.09,1208.14,2.37
2001/07/13,21.14,1215.68,0.62
2001/07/16,22.91,1202.45,-1.09
2001/07/17,22.61,1214.44,1
2001/07/18,23.6,1207.71,-0.55
2001/07/19,22.51,1215.02,0.61
2001/07/20,22.34,1210.85,-0.34
2001/07/23,23.74,1191.03,-1.64
2001/07/24,25.24,1171.65,-1.63
2001/07/25,24,1190.49,1.61
2001/07/26,23.01,1202.93,1.04
2001/07/27,22,1205.82,0.24
2001/07/30,22.69,1204.52,-0.11
2001/07/31,21.62,1211.23,0.56
2001/08/01,20.56,1215.93,0.39
2001/08/02,20.09,1220.75,0.4
2001/08/03,19.89,1214.35,-0.52
2001/08/06,21.89,1200.48,-1.14
2001/08/07,21.01,1204.4,0.33
2001/08/08,22.32,1183.53,-1.73
2001/08/09,21.75,1183.43,-0.01
2001/08/10,20.55,1190.16,0.57
2001/08/13,20.42,1191.29,0.09
2001/08/14,20.48,1186.73,-0.38
2001/08/15,20.91,1178.02,-0.73
2001/08/16,21.54,1181.66,0.31
2001/08/17,23.84,1161.97,-1.67
2001/08/20,22.87,1171.41,0.81
2001/08/21,24.4,1157.26,-1.21
2001/08/22,22.44,1165.31,0.7
2001/08/23,22.23,1162.09,-0.28
2001/08/24,19.71,1184.93,1.97
2001/08/27,20.56,1179.21,-0.48
2001/08/28,22,1161.51,-1.5
2001/08/29,23.03,1148.56,-1.11
2001/08/30,25.41,1129.03,-1.7
2001/08/31,24.92,1133.58,0.4
2001/09/01,31.93,1139.45,0.52
2001/09/04,25.85,1132.94,-0.06
2001/09/05,26.35,1131.74,-0.11
2001/09/06,28.61,1106.4,-2.24
2001/09/07,30.99,1085.78,-1.86
2001/09/10,31.84,1092.54,0.62
2001/09/17,41.76,1038.77,-4.92
2001/09/18,38.87,1032.74,-0.58
2001/09/19,40.56,1016.1,-1.61
2001/09/20,43.74,984.54,-3.11
2001/09/21,42.66,965.8,-1.9
2001/09/24,37.75,1003.45,3.9
2001/09/25,35.81,1012.27,0.88
2001/09/26,35.26,1007.04,-0.52
2001/09/27,34,1018.61,1.15
2001/09/28,31.93,1040.94,2.19
2001/10/01,32.32,1038.55,-0.23
2001/10/02,31.18,1051.33,1.23
2001/10/03,31.34,1072.28,1.99
2001/10/04,31.97,1069.63,-0.25
2001/10/05,33.39,1071.38,0.16
2001/10/08,35.12,1062.44,-0.83
2001/10/09,34.83,1056.75,-0.54
2001/10/10,31.6,1080.99,2.29
2001/10/11,31.5,1097.43,1.52
2001/10/12,35.27,1091.65,-0.53
2001/10/15,35.31,1089.98,-0.15
2001/10/16,32.88,1097.54,0.69
2001/10/17,35.08,1077.09,-1.86
2001/10/18,34.95,1068.61,-0.79
2001/10/19,34.11,1073.48,0.46
2001/10/22,32.25,1089.9,1.53
2001/10/23,32,1084.78,-0.47
2001/10/24,30.95,1085.2,0.04
2001/10/25,29.46,1100.09,1.37
2001/10/26,28.42,1104.61,0.41
2001/10/29,31.64,1078.3,-2.38
2001/10/30,33.46,1059.79,-1.72
2001/10/31,33.56,1059.78,0
2001/11/01,32.31,1084.1,2.29
2001/11/02,30.71,1087.2,0.29
2001/11/05,30.5,1102.84,1.44
2001/11/06,28.8,1118.86,1.45
2001/11/07,29.13,1115.8,-0.27
2001/11/08,28.62,1118.54,0.25
2001/11/09,27.44,1120.31,0.16
2001/11/12,29.35,1118.33,-0.18
2001/11/13,26.47,1139.09,1.86
2001/11/14,26.56,1141.21,0.19
2001/11/15,25.56,1142.24,0.09
2001/11/16,25.07,1138.65,-0.31
2001/11/19,24.46,1151.06,1.09
2001/11/20,24.12,1142.66,-0.73
2001/11/21,24.19,1137.03,-0.49
2001/11/23,23.25,1150.34,1.17
2001/11/26,23.79,1157.42,0.62
2001/11/27,24,1149.5,-0.68
2001/11/28,25.9,1128.52,-1.83
2001/11/29,25.18,1140.2,1.03
2001/11/30,23.84,1139.45,-0.07
2001/12/01,23.8,1106.73,-2.87
2001/12/03,25.77,1129.9,-0.84
2001/12/04,24.08,1144.8,1.32
2001/12/05,23.02,1170.35,2.23
2001/12/06,23.71,1167.1,-0.28
2001/12/07,23.49,1158.31,-0.75
2001/12/10,25.62,1139.93,-1.59
2001/12/11,25.3,1136.76,-0.28
2001/12/12,24.87,1137.07,0.03
2001/12/13,25.91,1119.38,-1.56
2001/12/14,24.63,1123.09,0.33
2001/12/17,24.26,1134.36,1
2001/12/18,23.29,1142.92,0.75
2001/12/19,22.58,1149.56,0.58
2001/12/20,23.67,1139.93,-0.84
2001/12/21,22.5,1144.89,0.44
2001/12/24,22.62,1144.65,-0.02
2001/12/26,22.29,1149.37,0.41
2001/12/27,21.59,1157.13,0.68
2001/12/28,21.4,1161.02,0.34
2001/12/31,23.8,1148.08,-1.11
2002/01/01,21.09,,
2002/01/02,22.71,1154.67,0.57
2002/01/03,21.34,1165.27,0.92
2002/01/04,20.45,1172.51,0.62
2002/01/07,21.94,1164.89,-0.65
2002/01/08,21.83,1160.71,-0.36
2002/01/09,22.13,1155.14,-0.48
2002/01/10,22.36,1156.55,0.12
2002/01/11,22.6,1145.6,-0.95
2002/01/14,23.58,1138.41,-0.63
2002/01/15,22.7,1146.19,0.68
2002/01/16,23.45,1127.57,-1.62
2002/01/17,22.25,1138.88,1
2002/01/18,22.52,1127.58,-0.99
2002/01/22,23.61,1119.31,-0.73
2002/01/23,21.88,1128.18,0.79
2002/01/24,21.15,1132.15,0.35
2002/01/25,21.01,1133.28,0.1
2002/01/28,21.14,1133.06,-0.02
2002/01/29,24.35,1100.64,-2.86
2002/01/30,23.22,1113.57,1.17
2002/01/31,21.09,1130.2,1.49
2002/02/01,21.12,1122.2,-0.71
2002/02/04,24.87,1094.44,-2.47
2002/02/05,25.45,1090.02,-0.4
2002/02/06,26.09,1083.51,-0.6
2002/02/07,25.11,1080.17,-0.31
2002/02/08,23.26,1096.22,1.49
2002/02/11,21.78,1111.94,1.43
2002/02/12,21.62,1107.5,-0.4
2002/02/13,20.85,1118.51,0.99
2002/02/14,21.77,1116.48,-0.18
2002/02/15,22.37,1104.18,-1.1
2002/02/19,24.43,1083.34,-1.89
2002/02/20,22.66,1097.98,1.35
2002/02/21,23.8,1080.95,-1.55
2002/02/22,22.86,1089.84,0.82
2002/02/25,21.84,1109.43,1.8
2002/02/26,21.68,1109.38,0
2002/02/27,21.49,1109.89,0.05
2002/02/28,21.59,1106.73,-0.28
2002/03/01,19.96,1131.78,2.26
2002/03/04,20.5,1153.84,1.95
2002/03/05,20.3,1146.14,-0.67
2002/03/06,19.94,1162.77,1.45
2002/03/07,20.04,1157.54,-0.45
2002/03/08,19.27,1164.31,0.58
2002/03/11,19.84,1168.26,0.34
2002/03/12,19.59,1165.58,-0.23
2002/03/13,19.46,1154.09,-0.99
2002/03/14,19.2,1153.04,-0.09
2002/03/15,18.42,1166.16,1.14
2002/03/18,18.93,1165.55,-0.05
2002/03/19,18.16,1170.29,0.41
2002/03/20,18.46,1151.85,-1.58
2002/03/21,18.15,1153.59,0.15
2002/03/22,17.77,1148.7,-0.42
2002/03/25,18.48,1131.87,-1.47
2002/03/26,18.13,1138.49,0.58
2002/03/27,17.7,1144.58,0.53
2002/03/28,17.4,1147.39,0.25
2002/04/01,18.73,1146.54,-0.07
2002/04/02,19.16,1136.76,-0.85
2002/04/03,20.2,1125.4,-1
2002/04/04,19.78,1126.34,0.08
2002/04/05,19.13,1122.73,-0.32
2002/04/08,19.61,1125.29,0.23
2002/04/09,19.47,1117.8,-0.67
2002/04/10,18.19,1130.47,1.13
2002/04/11,20.3,1103.69,-2.37
2002/04/12,19.42,1111.01,0.66
2002/04/15,19.82,1102.55,-0.76
2002/04/16,18.11,1128.37,2.34
2002/04/17,18.43,1126.07,-0.2
2002/04/18,19.29,1124.47,-0.14
2002/04/19,18.3,1125.17,0.06
2002/04/22,19.77,1107.83,-1.54
2002/04/23,20.28,1100.96,-0.62
2002/04/24,20.77,1093.14,-0.71
2002/04/25,20.95,1091.48,-0.15
2002/04/26,22.14,1076.32,-1.39
2002/04/29,24.05,1065.45,-1.01
2002/04/30,21.91,1076.92,1.08
2002/05/01,20.06,1086.46,0.89
2002/05/02,20.07,1084.56,-0.17
2002/05/03,20.19,1073.43,-1.03
2002/05/06,22.56,1052.67,-1.93
2002/05/07,21.94,1049.49,-0.3
2002/05/08,20.39,1088.85,3.75
2002/05/09,21.56,1073.01,-1.45
2002/05/10,22.41,1054.99,-1.68
2002/05/13,20.72,1074.56,1.86
2002/05/14,19.35,1097.28,2.11
2002/05/15,19.19,1091.07,-0.57
2002/05/16,18.5,1098.23,0.66
2002/05/17,17.7,1106.59,0.76
2002/05/20,19.24,1091.88,-1.33
2002/05/21,20.05,1079.88,-1.1
2002/05/22,19.58,1086.02,0.57
2002/05/23,18.23,1097.08,1.02
2002/05/24,18.9,1083.82,-1.21
2002/05/28,20.31,1074.55,-0.86
2002/05/29,20.39,1067.66,-0.64
2002/05/30,20.61,1064.66,-0.28
2002/05/31,19.98,1067.14,0.23
2002/06/01,25.4,916.07,-14.16
2002/06/03,23.37,1040.68,-2.48
2002/06/04,23.89,1040.69,0
2002/06/05,22.61,1049.9,0.88
2002/06/06,24.16,1029.15,-1.98
2002/06/07,23.51,1027.53,-0.16
2002/06/10,23.72,1030.74,0.31
2002/06/11,24.45,1013.6,-1.66
2002/06/12,24.15,1020.26,0.66
2002/06/13,25.02,1009.56,-1.05
2002/06/14,25.96,1007.27,-0.23
2002/06/17,24.64,1036.17,2.87
2002/06/18,24.24,1037.14,0.09
2002/06/19,26.06,1019.99,-1.65
2002/06/20,27.48,1006.29,-1.34
2002/06/21,27.23,989.14,-1.7
2002/06/24,26.98,992.72,0.36
2002/06/25,27.84,976.14,-1.67
2002/06/26,28.42,973.53,-0.27
2002/06/27,26.29,990.64,1.76
2002/06/28,25.4,989.82,-0.08
2002/07/01,27.11,968.65,-2.14
2002/07/02,28.96,948.09,-2.12
2002/07/03,29.42,953.99,0.62
2002/07/05,27.11,989.03,3.67
2002/07/08,28.25,976.98,-1.22
2002/07/09,30.22,952.83,-2.47
2002/07/10,34.1,920.47,-3.4
2002/07/11,33.85,927.37,0.75
2002/07/12,32.94,921.39,-0.64
2002/07/15,35.03,917.93,-0.38
2002/07/16,36.65,900.94,-1.85
2002/07/17,35.45,906.04,0.57
2002/07/18,35.12,881.56,-2.7
2002/07/19,38.17,847.75,-3.84
2002/07/22,41.87,819.85,-3.29
2002/07/23,44.92,797.7,-2.7
2002/07/24,39.86,843.43,5.73
2002/07/25,39.27,838.68,-0.56
2002/07/26,35.51,852.84,1.69
2002/07/29,31.33,898.96,5.41
2002/07/30,31.92,902.78,0.42
2002/07/31,32.03,911.62,0.98
2002/08/01,36.95,884.66,-2.96
2002/08/02,41.29,864.24,-2.31
2002/08/05,45.08,834.6,-3.43
2002/08/06,42.03,859.57,2.99
2002/08/07,38.73,876.77,2
2002/08/08,36.33,905.46,3.27
2002/08/09,35.33,908.64,0.35
2002/08/12,37.05,903.8,-0.53
2002/08/13,35.82,884.21,-2.17
2002/08/14,32.36,919.62,4
2002/08/15,29.43,930.25,1.16
2002/08/16,28.81,928.77,-0.16
2002/08/19,28.61,950.7,2.36
2002/08/20,29.59,937.43,-1.4
2002/08/21,28.23,949.36,1.27
2002/08/22,27.75,962.7,1.41
2002/08/23,29.32,940.86,-2.27
2002/08/26,29.89,947.95,0.75
2002/08/27,30.11,934.82,-1.39
2002/08/28,33.32,917.87,-1.81
2002/08/29,33.67,917.8,-0.01
2002/08/30,32.64,916.07,-0.19
2002/09/01,39.69,936.31,2.21
2002/09/03,39.97,878.02,-4.15
2002/09/04,37.44,893.4,1.75
2002/09/05,38.86,879.15,-1.6
2002/09/06,36.33,893.92,1.68
2002/09/09,36.45,902.96,1.01
2002/09/10,35.08,909.58,0.73
2002/09/11,34.81,909.45,-0.01
2002/09/12,37.5,886.91,-2.48
2002/09/13,35.82,889.81,0.33
2002/09/16,36.74,891.1,0.14
2002/09/17,38.01,873.52,-1.97
2002/09/18,37.52,869.46,-0.46
2002/09/19,40.65,843.32,-3.01
2002/09/20,38.98,845.39,0.25
2002/09/23,39.68,833.7,-1.38
2002/09/24,40.52,819.29,-1.73
2002/09/25,37.33,839.66,2.49
2002/09/26,34.6,854.95,1.82
2002/09/27,36.97,827.37,-3.23
2002/09/30,39.69,815.28,-1.46
2002/10/01,34.12,847.91,4
2002/10/02,36.83,827.91,-2.36
2002/10/03,37.31,818.95,-1.08
2002/10/04,39.46,800.58,-2.24
2002/10/07,42.64,785.28,-1.91
2002/10/08,41.02,798.55,1.69
2002/10/09,42.13,776.76,-2.73
2002/10/10,37.55,803.92,3.5
2002/10/11,35.7,835.32,3.91
2002/10/14,36.04,841.44,0.73
2002/10/15,34.02,881.27,4.73
2002/10/16,36,860.02,-2.41
2002/10/17,34.1,879.2,2.23
2002/10/18,33.53,884.39,0.59
2002/10/21,33.11,899.72,1.73
2002/10/22,34.09,890.16,-1.06
2002/10/23,33.2,896.14,0.67
2002/10/24,34.03,882.5,-1.52
2002/10/25,30,897.65,1.72
2002/10/28,31.07,890.23,-0.83
2002/10/29,32.27,882.15,-0.91
2002/10/30,31.23,890.71,0.97
2002/10/31,31.14,885.76,-0.56
2002/11/01,29.3,900.96,1.72
2002/11/04,30.82,908.35,0.82
2002/11/05,31.23,915.39,0.78
2002/11/06,30.73,923.76,0.91
2002/11/07,31.42,902.65,-2.29
2002/11/08,29.41,894.74,-0.88
2002/11/11,31.3,876.19,-2.07
2002/11/12,30.58,882.95,0.77
2002/11/13,31.24,882.53,-0.05
2002/11/14,28.67,904.27,2.46
2002/11/15,26.65,909.83,0.61
2002/11/18,27.66,900.36,-1.04
2002/11/19,27.41,896.74,-0.4
2002/11/20,25.32,914.15,1.94
2002/11/21,23.81,933.76,2.15
2002/11/22,23.16,930.55,-0.34
2002/11/25,24.07,932.87,0.25
2002/11/26,25.97,913.31,-2.1
2002/11/27,27.25,938.87,2.8
2002/11/29,27.5,936.31,-0.27
2002/12/01,28.62,841.15,-10.16
2002/12/02,27.46,934.53,-0.19
2002/12/03,28.33,920.75,-1.47
2002/12/04,28.92,917.58,-0.34
2002/12/05,30.1,906.55,-1.2
2002/12/06,28.88,912.23,0.63
2002/12/09,30.78,892,-2.22
2002/12/10,28.76,904.45,1.4
2002/12/11,27.76,904.96,0.06
2002/12/12,27.29,901.58,-0.37
2002/12/13,28.18,889.48,-1.34
2002/12/16,26.24,910.4,2.35
2002/12/17,26.66,902.99,-0.81
2002/12/18,28.29,891.12,-1.31
2002/12/19,30.21,884.25,-0.77
2002/12/20,26.71,895.76,1.3
2002/12/23,26.2,897.38,0.18
2002/12/24,26.49,892.47,-0.55
2002/12/26,27.37,889.66,-0.31
2002/12/27,29.55,875.4,-1.6
2002/12/30,29.62,879.39,0.46
2002/12/31,28.62,879.82,0.05
2003/01/01,31.17,,
2003/01/02,25.39,909.03,3.32
2003/01/03,24.68,908.59,-0.05
2003/01/06,24.91,929.01,2.25
2003/01/07,25.13,922.93,-0.65
2003/01/08,25.53,909.93,-1.41
2003/01/09,24.25,927.57,1.94
2003/01/10,24.32,927.57,0
2003/01/13,24.9,926.26,-0.14
2003/01/14,24.57,931.66,0.58
2003/01/15,25.51,918.22,-1.44
2003/01/16,25.01,914.6,-0.39
2003/01/17,25.7,901.78,-1.4
2003/01/21,27.59,887.62,-1.57
2003/01/22,29.01,878.36,-1.04
2003/01/23,27.53,887.34,1.02
2003/01/24,31.51,861.4,-2.92
2003/01/27,34.69,847.48,-1.62
2003/01/28,31.93,858.54,1.31
2003/01/29,31.26,864.36,0.68
2003/01/30,31.32,844.61,-2.28
2003/01/31,31.17,855.7,1.31
2003/02/01,29.63,,
2003/02/03,31.02,860.32,0.54
2003/02/04,32.76,848.2,-1.41
2003/02/05,33.04,843.59,-0.54
2003/02/06,33.35,838.15,-0.64
2003/02/07,34.01,829.69,-1.01
2003/02/10,33.99,835.97,0.76
2003/02/11,33.68,829.2,-0.81
2003/02/12,34.33,818.68,-1.27
2003/02/13,33.7,817.37,-0.16
2003/02/14,32.62,834.89,2.14
2003/02/18,31.11,851.17,1.95
2003/02/19,31.31,845.13,-0.71
2003/02/20,31.16,837.1,-0.95
2003/02/21,30.25,848.17,1.32
2003/02/24,31.98,832.58,-1.84
2003/02/25,31.74,838.57,0.72
2003/02/26,31.94,827.55,-1.31
2003/02/27,30.53,837.28,1.18
2003/02/28,29.63,841.15,0.46
2003/03/01,29.15,963.59,14.56
2003/03/03,30.43,834.81,-0.75
2003/03/04,31.83,821.99,-1.54
2003/03/05,30.38,829.85,0.96
2003/03/06,31.37,822.1,-0.93
2003/03/07,31.08,828.89,0.83
2003/03/10,33.31,807.48,-2.58
2003/03/11,33.61,800.73,-0.84
2003/03/12,33.51,804.19,0.43
2003/03/13,31.76,831.9,3.45
2003/03/14,30.98,833.27,0.16
2003/03/17,31.75,862.79,3.54
2003/03/18,30.43,866.45,0.42
2003/03/19,31.54,874.02,0.87
2003/03/20,30.44,875.67,0.19
2003/03/21,28.67,895.79,2.3
2003/03/24,30.39,864.23,-3.52
2003/03/25,28.75,874.74,1.22
2003/03/26,28.23,869.95,-0.55
2003/03/27,27.96,868.52,-0.16
2003/03/28,27.75,863.5,-0.58
2003/03/31,29.15,848.18,-1.77
2003/04/01,28.36,858.48,1.21
2003/04/02,28.02,880.9,2.61
2003/04/03,28.21,876.45,-0.51
2003/04/04,29.13,878.85,0.27
2003/04/07,28.45,879.93,0.12
2003/04/08,27.13,878.29,-0.19
2003/04/09,27.11,865.99,-1.4
2003/04/10,25.6,871.58,0.65
2003/04/11,24.44,868.3,-0.38
2003/04/14,23.41,885.23,1.95
2003/04/15,22.56,890.81,0.63
2003/04/16,22.52,879.91,-1.22
2003/04/17,21.5,893.58,1.55
2003/04/21,21.95,892.01,-0.18
2003/04/22,20.7,911.37,2.17
2003/04/23,20.8,919.02,0.84
2003/04/24,20.33,911.43,-0.83
2003/04/25,20.8,898.81,-1.38
2003/04/28,20.84,914.84,1.78
2003/04/29,20.76,917.84,0.33
2003/04/30,21.21,916.92,-0.1
2003/05/01,21.59,916.3,-0.07
2003/05/02,20.63,930.08,1.5
2003/05/05,21.13,926.55,-0.38
2003/05/06,20.8,934.39,0.85
2003/05/07,21,929.62,-0.51
2003/05/08,21.24,920.27,-1.01
2003/05/09,19.69,933.41,1.43
2003/05/12,19.52,945.11,1.25
2003/05/13,19.91,942.3,-0.3
2003/05/14,20,939.28,-0.32
2003/05/15,19.24,946.67,0.79
2003/05/16,18.4,944.3,-0.25
2003/05/19,20.51,920.77,-2.49
2003/05/20,21.29,919.73,-0.11
2003/05/21,21.21,923.42,0.4
2003/05/22,19.78,931.87,0.92
2003/05/23,19.17,933.22,0.14
2003/05/27,19.99,951.48,1.96
2003/05/28,20.03,953.22,0.18
2003/05/29,20.43,949.64,-0.38
2003/05/30,19.47,963.59,1.47
2003/06/01,19.52,1008.01,4.61
2003/06/02,20.85,967,0.35
2003/06/03,20.84,971.56,0.47
2003/06/04,20.62,986.24,1.51
2003/06/05,20.83,990.14,0.4
2003/06/06,21.25,987.76,-0.24
2003/06/09,22.15,975.93,-1.2
2003/06/10,20.64,984.84,0.91
2003/06/11,20.21,997.48,1.28
2003/06/12,20.41,998.51,0.1
2003/06/13,20.66,988.61,-0.99
2003/06/16,20.22,1010.74,2.24
2003/06/17,20.01,1011.66,0.09
2003/06/18,19.76,1010.09,-0.16
2003/06/19,19.8,994.7,-1.52
2003/06/20,19.14,995.69,0.1
2003/06/23,20.58,981.64,-1.41
2003/06/24,20.75,983.45,0.18
2003/06/25,20.81,975.32,-0.83
2003/06/26,19.4,985.82,1.08
2003/06/27,19.16,976.22,-0.97
2003/06/30,19.52,974.5,-0.18
2003/07/01,19.46,982.32,0.8
2003/07/02,19.03,993.75,1.16
2003/07/03,19.39,985.7,-0.81
2003/07/07,20.06,1004.42,1.9
2003/07/08,19.48,1007.84,0.34
2003/07/09,18.93,1002.21,-0.56
2003/07/10,19.19,988.7,-1.35
2003/07/11,18.47,998.14,0.95
2003/07/14,19.59,1003.86,0.57
2003/07/15,19.55,1000.42,-0.34
2003/07/16,19.76,994.09,-0.63
2003/07/17,20.22,981.73,-1.24
2003/07/18,19.11,993.32,1.18
2003/07/21,19.78,978.8,-1.46
2003/07/22,19.17,988.11,0.95
2003/07/23,18.64,988.61,0.05
2003/07/24,18.6,981.6,-0.71
2003/07/25,17.75,998.68,1.74
2003/07/28,18.36,996.52,-0.22
2003/07/29,18.67,989.28,-0.73
2003/07/30,18.85,987.49,-0.18
2003/07/31,19.49,990.31,0.29
2003/08/01,20.75,980.15,-1.03
2003/08/04,21.27,982.82,0.27
2003/08/05,22.68,965.46,-1.77
2003/08/06,21.5,967.08,0.17
2003/08/07,20.26,974.12,0.73
2003/08/08,19.59,977.59,0.36
2003/08/11,19.75,980.59,0.31
2003/08/12,17.94,990.35,1
2003/08/13,18.77,984.03,-0.64
2003/08/14,18.47,990.51,0.66
2003/08/15,18.27,990.67,0.02
2003/08/18,18.18,999.74,0.92
2003/08/19,17.86,1002.35,0.26
2003/08/20,17.82,1000.3,-0.2
2003/08/21,17.84,1003.27,0.3
2003/08/22,18.55,993.06,-1.02
2003/08/25,19.53,993.71,0.07
2003/08/26,19.49,996.73,0.3
2003/08/27,19.13,996.79,0.01
2003/08/28,18.48,1002.84,0.61
2003/08/29,18.63,1008.01,0.52
2003/09/01,22.72,1058.2,4.98
2003/09/02,19.02,1021.99,1.39
2003/09/03,19.44,1026.27,0.42
2003/09/04,18.71,1027.97,0.17
2003/09/05,18.17,1021.39,-0.64
2003/09/08,18.26,1031.64,1
2003/09/09,18.85,1023.17,-0.82
2003/09/10,20.01,1010.92,-1.2
2003/09/11,19.25,1016.42,0.54
2003/09/12,18.68,1018.63,0.22
2003/09/15,19.28,1014.81,-0.38
2003/09/16,18.03,1029.32,1.43
2003/09/17,18.15,1025.97,-0.33
2003/09/18,17.57,1039.58,1.33
2003/09/19,17.54,1036.3,-0.32
2003/09/22,19.65,1022.82,-1.3
2003/09/23,19.47,1029.03,0.61
2003/09/24,21.22,1009.38,-1.91
2003/09/25,22.26,1003.27,-0.61
2003/09/26,22.23,996.85,-0.64
2003/09/29,21.67,1006.58,0.98
2003/09/30,22.72,995.97,-1.05
2003/10/01,21.07,1018.22,2.23
2003/10/02,20.8,1020.24,0.2
2003/10/03,19.5,1029.85,0.94
2003/10/06,19.51,1034.35,0.44
2003/10/07,19.41,1039.25,0.47
2003/10/08,19.18,1033.78,-0.53
2003/10/09,18.82,1038.73,0.48
2003/10/10,18.45,1038.06,-0.06
2003/10/13,17.55,1045.35,0.7
2003/10/14,17.37,1049.48,0.4
2003/10/15,17.69,1046.76,-0.26
2003/10/16,17.19,1050.07,0.32
2003/10/17,17.62,1039.32,-1.02
2003/10/20,17.04,1044.68,0.52
2003/10/21,16.55,1046.03,0.13
2003/10/22,17.67,1030.36,-1.5
2003/10/23,17.68,1033.77,0.33
2003/10/24,17.71,1028.91,-0.47
2003/10/27,18.05,1031.13,0.22
2003/10/28,16.82,1046.79,1.52
2003/10/29,16.43,1048.11,0.13
2003/10/30,16.33,1046.94,-0.11
2003/10/31,16.1,1050.71,0.36
2003/11/01,16.32,,
2003/11/03,16.55,1059.02,0.79
2003/11/04,16.55,1053.25,-0.54
2003/11/05,16.86,1051.81,-0.14
2003/11/06,16.74,1058.05,0.59
2003/11/07,16.93,1053.21,-0.46
2003/11/10,17.62,1047.11,-0.58
2003/11/11,17.54,1046.57,-0.05
2003/11/12,16.75,1058.53,1.14
2003/11/13,16.47,1058.41,-0.01
2003/11/14,16.94,1050.35,-0.76
2003/11/17,18.6,1043.63,-0.64
2003/11/18,19.11,1034.15,-0.91
2003/11/19,18.8,1042.44,0.8
2003/11/20,19.48,1033.65,-0.84
2003/11/21,18.98,1035.28,0.16
2003/11/24,17.44,1052.08,1.62
2003/11/25,16.71,1053.89,0.17
2003/11/26,16.23,1058.45,0.43
2003/11/28,16.32,1058.2,-0.02
2003/12/01,16.77,1070.12,1.13
2003/12/02,16.27,1066.62,-0.33
2003/12/03,16.63,1064.73,-0.18
2003/12/04,16.3,1069.72,0.47
2003/12/05,17.09,1061.5,-0.77
2003/12/08,16.54,1069.3,0.73
2003/12/09,17.63,1060.18,-0.85
2003/12/10,17.87,1059.05,-0.11
2003/12/11,16.73,1071.21,1.15
2003/12/12,16.41,1074.14,0.27
2003/12/15,17.23,1068.04,-0.57
2003/12/16,15.93,1075.13,0.66
2003/12/17,15.58,1076.48,0.13
2003/12/18,16.16,1089.18,1.18
2003/12/19,16.42,1088.66,-0.05
2003/12/22,16.94,1092.94,0.39
2003/12/23,16.49,1096.02,0.28
2003/12/24,16.66,1094.04,-0.18
2003/12/26,17.45,1095.89,0.17
2003/12/29,17.09,1109.48,1.24
2003/12/30,17.68,1109.64,0.01
2003/12/31,18.31,1111.92,0.21
2004/01/01,16.63,,
2004/01/02,18.22,1108.48,-0.31
2004/01/05,17.49,1122.22,1.24
2004/01/06,16.73,1123.67,0.13
2004/01/07,15.5,1126.33,0.24
2004/01/08,15.61,1131.92,0.5
2004/01/09,16.75,1121.86,-0.89
2004/01/12,16.82,1127.23,0.48
2004/01/13,18.04,1121.22,-0.53
2004/01/14,16.75,1130.52,0.83
2004/01/15,15.56,1132.05,0.14
2004/01/16,15,1139.83,0.69
2004/01/20,15.21,1138.77,-0.09
2004/01/21,14.34,1147.62,0.78
2004/01/22,14.71,1143.94,-0.32
2004/01/23,14.84,1141.55,-0.21
2004/01/26,14.55,1155.37,1.21
2004/01/27,15.35,1144.05,-0.98
2004/01/28,16.78,1128.48,-1.36
2004/01/29,17.14,1134.11,0.5
2004/01/30,16.63,1131.13,-0.26
2004/02/01,14.55,,
2004/02/02,17.11,1135.26,0.37
2004/02/03,17.34,1136.03,0.07
2004/02/04,17.87,1126.52,-0.84
2004/02/05,17.71,1128.59,0.18
2004/02/06,16,1142.76,1.26
2004/02/09,16.39,1139.81,-0.26
2004/02/10,15.94,1145.54,0.5
2004/02/11,15.39,1157.76,1.07
2004/02/12,15.31,1152.11,-0.49
2004/02/13,15.58,1145.81,-0.55
2004/02/17,15.4,1156.99,0.98
2004/02/18,15.59,1151.82,-0.45
2004/02/19,15.8,1147.06,-0.41
2004/02/20,16.04,1144.11,-0.26
2004/02/23,16.29,1140.99,-0.27
2004/02/24,15.9,1139.09,-0.17
2004/02/25,14.93,1143.67,0.4
2004/02/26,14.83,1144.91,0.11
2004/02/27,14.55,1144.94,0
2004/03/01,14.44,1155.97,0.96
2004/03/02,14.86,1149.1,-0.59
2004/03/03,14.55,1151.03,0.17
2004/03/04,14.4,1154.87,0.33
2004/03/05,14.48,1156.86,0.17
2004/03/08,15.79,1147.2,-0.84
2004/03/09,16.6,1140.58,-0.58
2004/03/10,18.67,1123.89,-1.46
2004/03/11,20.67,1106.78,-1.52
2004/03/12,18.3,1120.57,1.25
2004/03/15,21.13,1104.49,-1.43
2004/03/16,20.34,1110.7,0.56
2004/03/17,18.11,1123.75,1.17
2004/03/18,18.53,1122.32,-0.13
2004/03/19,19.15,1109.78,-1.12
2004/03/22,21.58,1095.4,-1.3
2004/03/23,20.67,1093.95,-0.13
2004/03/24,19.81,1091.33,-0.24
2004/03/25,17.88,1109.19,1.64
2004/03/26,17.33,1108.06,-0.1
2004/03/29,16.5,1122.47,1.3
2004/03/30,16.28,1127,0.4
2004/03/31,16.74,1126.21,-0.07
2004/04/01,16.65,1132.17,0.53
2004/04/02,15.64,1141.81,0.85
2004/04/05,14.97,1150.57,0.77
2004/04/06,15.32,1148.16,-0.21
2004/04/07,15.76,1140.53,-0.66
2004/04/08,16.26,1139.32,-0.11
2004/04/12,15.28,1145.2,0.52
2004/04/13,17.26,1129.44,-1.38
2004/04/14,15.62,1128.17,-0.11
2004/04/15,15.74,1128.84,0.06
2004/04/16,14.94,1134.61,0.51
2004/04/19,15.42,1135.82,0.11
2004/04/20,16.67,1118.15,-1.56
2004/04/21,15.6,1124.09,0.53
2004/04/22,14.61,1139.93,1.41
2004/04/23,14.01,1140.6,0.06
2004/04/26,14.77,1135.53,-0.44
2004/04/27,15.07,1138.11,0.23
2004/04/28,16.29,1122.41,-1.38
2004/04/29,16.6,1113.89,-0.76
2004/04/30,17.19,1107.3,-0.59
2004/05/01,15.5,,
2004/05/03,16.62,1117.49,0.92
2004/05/04,16.55,1119.55,0.18
2004/05/05,15.77,1121.53,0.18
2004/05/06,17.05,1113.99,-0.67
2004/05/07,18.13,1098.7,-1.37
2004/05/10,19.77,1087.12,-1.05
2004/05/11,18.57,1095.45,0.77
2004/05/12,18.14,1097.28,0.17
2004/05/13,18.86,1096.44,-0.08
2004/05/14,18.47,1095.7,-0.07
2004/05/17,19.96,1084.1,-1.06
2004/05/18,19.33,1091.49,0.68
2004/05/19,18.93,1088.68,-0.26
2004/05/20,18.67,1089.19,0.05
2004/05/21,18.49,1093.56,0.4
2004/05/24,18.08,1095.41,0.17
2004/05/25,15.96,1113.05,1.61
2004/05/26,15.97,1114.94,0.17
2004/05/27,15.28,1121.28,0.57
2004/05/28,15.5,1120.68,-0.05
2004/06/01,16.3,1121.2,0.05
2004/06/02,16.08,1124.99,0.34
2004/06/03,17.03,1116.64,-0.74
2004/06/04,16.78,1122.5,0.52
2004/06/07,15.39,1140.42,1.6
2004/06/08,15.01,1142.18,0.15
2004/06/09,15.39,1131.33,-0.95
2004/06/10,15.04,1136.47,0.45
2004/06/14,16.07,1125.29,-0.98
2004/06/15,15.05,1132.01,0.6
2004/06/16,14.79,1133.56,0.14
2004/06/17,15.15,1132.05,-0.13
2004/06/18,14.99,1135.02,0.26
2004/06/21,15.26,1130.3,-0.42
2004/06/22,14.31,1134.41,0.36
2004/06/23,13.98,1144.06,0.85
2004/06/24,14.81,1140.65,-0.3
2004/06/25,15.19,1134.43,-0.55
2004/06/28,16.07,1133.35,-0.1
2004/06/29,15.47,1136.2,0.25
2004/06/30,14.34,1140.84,0.41
2004/07/01,15.2,1128.94,-1.04
2004/07/02,15.08,1125.38,-0.32
2004/07/06,16.25,1116.21,-0.81
2004/07/07,15.81,1118.33,0.19
2004/07/08,16.2,1109.11,-0.82
2004/07/09,15.78,1112.81,0.33
2004/07/12,14.96,1114.35,0.14
2004/07/13,14.46,1115.14,0.07
2004/07/14,13.76,1111.47,-0.33
2004/07/15,14.71,1106.69,-0.43
2004/07/16,14.34,1101.39,-0.48
2004/07/19,15.17,1100.9,-0.04
2004/07/20,14.17,1108.67,0.71
2004/07/21,16.41,1093.88,-1.33
2004/07/22,15.75,1096.84,0.27
2004/07/23,16.5,1086.2,-0.97
2004/07/26,17.3,1084.07,-0.2
2004/07/27,16.55,1094.83,0.99
2004/07/28,16.15,1095.42,0.05
2004/07/29,15.68,1100.43,0.46
2004/07/30,15.32,1101.72,0.12
2004/08/01,15.29,,
2004/08/02,15.37,1106.62,0.44
2004/08/03,16.03,1099.69,-0.63
2004/08/04,16.21,1098.63,-0.1
2004/08/05,18.32,1080.7,-1.63
2004/08/06,19.34,1063.97,-1.55
2004/08/09,18.89,1065.22,0.12
2004/08/10,17.47,1079.04,1.3
2004/08/11,18.04,1075.79,-0.3
2004/08/12,19.08,1063.23,-1.17
2004/08/13,17.98,1064.8,0.15
2004/08/16,17.57,1079.34,1.37
2004/08/17,17.02,1081.71,0.22
2004/08/18,16.23,1095.17,1.24
2004/08/19,16.96,1091.23,-0.36
2004/08/20,16,1098.35,0.65
2004/08/23,15.88,1095.68,-0.24
2004/08/24,15.33,1096.19,0.05
2004/08/25,14.98,1104.96,0.8
2004/08/26,14.91,1105.09,0.01
2004/08/27,14.71,1107.77,0.24
2004/08/30,15.44,1099.15,-0.78
2004/08/31,15.29,1104.24,0.46
2004/09/01,14.91,1105.91,0.15
2004/09/02,14.28,1118.31,1.12
2004/09/03,13.91,1113.63,-0.42
2004/09/07,14.07,1121.3,0.69
2004/09/08,14.06,1116.27,-0.45
2004/09/09,14.01,1118.38,0.19
2004/09/10,13.76,1123.92,0.5
2004/09/13,13.17,1125.82,0.17
2004/09/14,13.56,1128.33,0.22
2004/09/15,14.64,1120.37,-0.71
2004/09/16,14.39,1123.5,0.28
2004/09/17,14.03,1128.55,0.45
2004/09/20,14.43,1122.2,-0.56
2004/09/21,13.66,1129.3,0.63
2004/09/22,14.74,1113.56,-1.39
2004/09/23,14.8,1108.36,-0.47
2004/09/24,14.28,1110.11,0.16
2004/09/27,14.62,1103.52,-0.59
2004/09/28,13.83,1110.06,0.59
2004/09/29,13.21,1114.8,0.43
2004/09/30,13.34,1114.58,-0.02
2004/10/01,12.75,1131.5,1.52
2004/10/04,13.41,1135.17,0.32
2004/10/05,13.95,1134.48,-0.06
2004/10/06,13.28,1142.05,0.67
2004/10/07,14.5,1130.65,-1
2004/10/08,15.05,1122.14,-0.75
2004/10/11,14.71,1124.39,0.2
2004/10/12,15.05,1121.84,-0.23
2004/10/13,15.42,1113.65,-0.73
2004/10/14,16.43,1103.29,-0.93
2004/10/15,15.04,1108.2,0.45
2004/10/18,14.71,1114.02,0.53
2004/10/19,15.13,1103.23,-0.97
2004/10/20,14.85,1103.66,0.04
2004/10/21,14.54,1106.49,0.26
2004/10/22,15.28,1095.74,-0.97
2004/10/25,16.58,1094.8,-0.09
2004/10/26,16.39,1111.09,1.49
2004/10/27,15.72,1125.4,1.29
2004/10/28,15.39,1127.44,0.18
2004/10/29,16.27,1130.2,0.24
2004/11/01,16.27,1130.51,0.03
2004/11/02,16.18,1130.56,0
2004/11/03,14.04,1143.2,1.12
2004/11/04,13.97,1161.67,1.62
2004/11/05,13.84,1166.17,0.39
2004/11/08,13.8,1164.89,-0.11
2004/11/09,13.61,1164.08,-0.07
2004/11/10,13.08,1162.91,-0.1
2004/11/11,13.04,1173.48,0.91
2004/11/12,13.33,1184.17,0.91
2004/11/15,13.38,1183.81,-0.03
2004/11/16,13.21,1175.43,-0.71
2004/11/17,13.21,1181.94,0.55
2004/11/18,12.98,1183.55,0.14
2004/11/19,13.5,1170.34,-1.12
2004/11/22,12.97,1177.24,0.59
2004/11/23,12.67,1176.94,-0.03
2004/11/24,12.72,1181.76,0.41
2004/11/26,12.78,1182.65,0.08
2004/11/29,13.3,1178.57,-0.34
2004/11/30,13.24,1173.82,-0.4
2004/12/01,12.97,1191.37,1.5
2004/12/02,12.98,1190.33,-0.09
2004/12/03,12.96,1191.17,0.07
2004/12/06,13.19,1190.25,-0.08
2004/12/07,13.67,1177.07,-1.11
2004/12/08,13.19,1182.81,0.49
2004/12/09,12.88,1189.24,0.54
2004/12/10,12.76,1188,-0.1
2004/12/13,12.54,1198.68,0.9
2004/12/14,12.73,1203.38,0.39
2004/12/15,12.35,1205.72,0.19
2004/12/16,12.27,1203.21,-0.21
2004/12/17,11.95,1194.2,-0.75
2004/12/20,11.83,1194.65,0.04
2004/12/21,11.55,1205.45,0.9
2004/12/22,11.45,1209.57,0.34
2004/12/23,11.23,1210.13,0.05
2004/12/27,12.14,1204.92,-0.43
2004/12/28,12,1213.54,0.72
2004/12/29,11.62,1213.45,-0.01
2004/12/30,12.56,1213.55,0.01
2004/12/31,13.29,1211.92,-0.13
2005/01/01,12.82,,
2005/01/03,14.08,1202.08,-0.81
2005/01/04,13.98,1188.05,-1.17
2005/01/05,14.09,1183.74,-0.36
2005/01/06,13.58,1187.89,0.35
2005/01/07,13.49,1186.19,-0.14
2005/01/10,13.23,1190.25,0.34
2005/01/11,13.19,1182.99,-0.61
2005/01/12,12.56,1187.7,0.4
2005/01/13,12.84,1177.45,-0.86
2005/01/14,12.43,1184.52,0.6
2005/01/18,12.47,1195.98,0.97
2005/01/19,13.18,1184.63,-0.95
2005/01/20,13.83,1175.41,-0.78
2005/01/21,14.36,1167.87,-0.64
2005/01/24,14.65,1163.75,-0.35
2005/01/25,14.06,1168.41,0.4
2005/01/26,13.44,1174.07,0.48
2005/01/27,13.24,1174.55,0.04
2005/01/28,13.24,1171.36,-0.27
2005/01/31,12.82,1181.27,0.85
2005/02/01,12.03,1189.41,0.69
2005/02/02,11.66,1193.19,0.32
2005/02/03,11.79,1189.89,-0.28
2005/02/04,11.21,1203.03,1.1
2005/02/07,11.73,1201.72,-0.11
2005/02/08,11.6,1202.3,0.05
2005/02/09,12,1191.99,-0.86
2005/02/10,11.51,1197.01,0.42
2005/02/11,11.43,1205.3,0.69
2005/02/14,11.52,1206.14,0.07
2005/02/15,11.27,1210.12,0.33
2005/02/16,11.1,1210.34,0.02
2005/02/17,11.77,1200.75,-0.79
2005/02/18,11.18,1201.59,0.07
2005/02/22,13.14,1184.16,-1.45
2005/02/23,12.39,1190.8,0.56
2005/02/24,11.57,1200.2,0.79
2005/02/25,11.49,1211.37,0.93
2005/02/28,12.08,1203.6,-0.64
2005/03/01,12.04,1210.41,0.57
2005/03/02,12.5,1210.08,-0.03
2005/03/03,12.93,1210.47,0.03
2005/03/04,11.94,1222.12,0.96
2005/03/07,12.26,1225.31,0.26
2005/03/08,12.4,1219.43,-0.48
2005/03/09,12.7,1207.01,-1.02
2005/03/10,12.49,1209.25,0.19
2005/03/11,12.8,1200.08,-0.76
2005/03/14,12.39,1206.83,0.56
2005/03/15,13.15,1197.75,-0.75
2005/03/16,13.49,1188.07,-0.81
2005/03/17,13.29,1190.21,0.18
2005/03/18,13.14,1189.65,-0.05
2005/03/21,13.61,1183.78,-0.49
2005/03/22,14.27,1171.71,-1.02
2005/03/23,14.06,1172.53,0.07
2005/03/24,13.42,1171.42,-0.09
2005/03/28,13.75,1174.28,0.24
2005/03/29,14.49,1165.36,-0.76
2005/03/30,13.64,1181.41,1.38
2005/03/31,14.02,1180.59,-0.07
2005/04/01,14.09,1172.92,-0.65
2005/04/04,14.11,1176.12,0.27
2005/04/05,13.68,1181.39,0.45
2005/04/06,13.15,1184.07,0.23
2005/04/07,12.33,1191.14,0.6
2005/04/08,12.62,1181.2,-0.83
2005/04/11,11.98,1181.21,0
2005/04/12,11.3,1187.76,0.55
2005/04/13,13.31,1173.79,-1.18
2005/04/14,14.53,1162.05,-1
2005/04/15,17.74,1142.62,-1.67
2005/04/18,16.56,1145.98,0.29
2005/04/19,14.96,1152.78,0.59
2005/04/20,16.92,1137.5,-1.33
2005/04/21,14.41,1159.95,1.97
2005/04/22,15.38,1152.12,-0.68
2005/04/25,14.62,1162.1,0.87
2005/04/26,14.91,1151.83,-0.88
2005/04/27,14.87,1156.38,0.4
2005/04/28,16.86,1143.22,-1.14
2005/04/29,15.31,1156.85,1.19
2005/05/01,13.29,,
2005/05/02,15.12,1162.16,0.46
2005/05/03,14.53,1161.17,-0.09
2005/05/04,13.85,1175.65,1.25
2005/05/05,13.98,1172.63,-0.26
2005/05/06,14.05,1171.35,-0.11
2005/05/09,13.75,1178.84,0.64
2005/05/10,14.91,1166.22,-1.07
2005/05/11,14.45,1171.11,0.42
2005/05/12,16.12,1159.36,-1
2005/05/13,16.32,1154.05,-0.46
2005/05/16,15.68,1165.69,1.01
2005/05/17,14.57,1173.8,0.7
2005/05/18,13.63,1185.56,1
2005/05/19,13.32,1191.08,0.47
2005/05/20,13.14,1189.28,-0.15
2005/05/23,12.95,1193.86,0.39
2005/05/24,12.69,1194.07,0.02
2005/05/25,12.58,1190.01,-0.34
2005/05/26,12.24,1197.62,0.64
2005/05/27,12.15,1198.78,0.1
2005/05/31,13.29,1191.5,-0.61
2005/06/01,12.36,1202.22,0.9
2005/06/02,11.84,1204.29,0.17
2005/06/03,12.15,1196.02,-0.69
2005/06/06,12.28,1197.51,0.12
2005/06/07,12.39,1197.26,-0.02
2005/06/08,12.7,1194.67,-0.22
2005/06/09,12.08,1200.93,0.52
2005/06/10,11.96,1198.11,-0.23
2005/06/13,11.65,1200.82,0.23
2005/06/14,11.79,1203.91,0.26
2005/06/15,11.46,1206.58,0.22
2005/06/16,11.15,1210.96,0.36
2005/06/17,11.48,1216.96,0.5
2005/06/20,11.47,1216.1,-0.07
2005/06/21,11.08,1213.61,-0.2
2005/06/22,11.05,1213.88,0.02
2005/06/23,12.13,1200.73,-1.08
2005/06/24,12.18,1191.57,-0.76
2005/06/27,12.52,1190.69,-0.07
2005/06/28,11.58,1201.57,0.91
2005/06/29,11.77,1199.85,-0.14
2005/06/30,12.04,1191.33,-0.71
2005/07/01,11.4,1194.44,0.26
2005/07/05,11.68,1204.99,0.88
2005/07/06,12.27,1194.94,-0.83
2005/07/07,12.49,1197.87,0.25
2005/07/08,11.45,1211.86,1.17
2005/07/11,11.28,1219.44,0.63
2005/07/12,10.95,1222.21,0.23
2005/07/13,10.84,1223.29,0.09
2005/07/14,10.81,1226.5,0.26
2005/07/15,10.33,1227.92,0.12
2005/07/18,10.77,1221.13,-0.55
2005/07/19,10.45,1229.35,0.67
2005/07/20,10.23,1235.2,0.48
2005/07/21,10.97,1227.04,-0.66
2005/07/22,10.52,1233.68,0.54
2005/07/25,11.1,1229.03,-0.38
2005/07/26,10.99,1231.16,0.17
2005/07/27,10.36,1236.79,0.46
2005/07/28,10.52,1243.72,0.56
2005/07/29,11.57,1234.18,-0.77
2005/08/01,12.08,1235.35,0.09
2005/08/02,11.75,1244.12,0.71
2005/08/03,11.83,1245.04,0.07
2005/08/04,12.52,1235.86,-0.74
2005/08/05,12.48,1226.42,-0.76
2005/08/08,13.21,1223.13,-0.27
2005/08/09,12.4,1231.38,0.67
2005/08/10,12.38,1229.13,-0.18
2005/08/11,12.42,1237.81,0.71
2005/08/12,12.74,1230.39,-0.6
2005/08/15,12.26,1233.87,0.28
2005/08/16,13.52,1219.34,-1.18
2005/08/17,13.3,1220.24,0.07
2005/08/18,13.42,1219.02,-0.1
2005/08/19,13.42,1219.71,0.06
2005/08/22,13.42,1221.73,0.17
2005/08/23,13.34,1217.59,-0.34
2005/08/24,14.17,1209.59,-0.66
2005/08/25,13.73,1212.37,0.23
2005/08/26,13.72,1205.1,-0.6
2005/08/29,13.52,1212.28,0.6
2005/08/30,13.65,1208.41,-0.32
2005/08/31,12.6,1220.33,0.99
2005/09/01,13.15,1221.59,0.1
2005/09/02,13.57,1218.02,-0.29
2005/09/06,12.93,1233.39,1.26
2005/09/07,12.52,1236.36,0.24
2005/09/08,12.93,1231.67,-0.38
2005/09/09,11.98,1241.48,0.8
2005/09/12,11.65,1240.56,-0.07
2005/09/13,12.39,1231.2,-0.75
2005/09/14,12.91,1227.16,-0.33
2005/09/15,12.49,1227.73,0.05
2005/09/16,11.22,1237.91,0.83
2005/09/19,12.14,1231.02,-0.56
2005/09/20,12.64,1221.34,-0.79
2005/09/21,13.79,1210.2,-0.91
2005/09/22,13.33,1214.62,0.37
2005/09/23,12.96,1215.29,0.06
2005/09/26,13.04,1215.63,0.03
2005/09/27,12.76,1215.66,0
2005/09/28,12.63,1216.89,0.1
2005/09/29,12.24,1227.68,0.89
2005/09/30,11.92,1228.81,0.09
2005/10/01,15.32,,
2005/10/03,12.46,1226.7,-0.17
2005/10/04,13.2,1214.47,-1
2005/10/05,14.55,1196.39,-1.49
2005/10/06,14.96,1191.49,-0.41
2005/10/07,14.59,1195.9,0.37
2005/10/10,15.55,1187.33,-0.72
2005/10/11,15.63,1184.87,-0.21
2005/10/12,16.22,1177.68,-0.61
2005/10/13,16.47,1176.84,-0.07
2005/10/14,14.87,1186.57,0.83
2005/10/17,14.67,1190.1,0.3
2005/10/18,15.33,1178.14,-1
2005/10/19,13.5,1195.76,1.5
2005/10/20,16.11,1177.8,-1.5
2005/10/21,16.13,1179.59,0.15
2005/10/24,14.74,1199.38,1.68
2005/10/25,14.53,1196.54,-0.24
2005/10/26,14.59,1191.38,-0.43
2005/10/27,16.02,1178.9,-1.05
2005/10/28,14.25,1198.41,1.65
2005/10/31,15.32,1207.01,0.72
2005/11/01,14.85,1202.76,-0.35
2005/11/02,13.48,1214.76,1
2005/11/03,13,1219.94,0.43
2005/11/04,13.17,1220.14,0.02
2005/11/07,13.1,1222.81,0.22
2005/11/08,13.08,1218.59,-0.35
2005/11/09,12.8,1220.65,0.17
2005/11/10,11.9,1230.96,0.84
2005/11/11,11.63,1234.72,0.31
2005/11/14,12.18,1233.76,-0.08
2005/11/15,12.23,1229.01,-0.39
2005/11/16,12.26,1231.21,0.18
2005/11/17,11.25,1242.8,0.94
2005/11/18,11.12,1248.27,0.44
2005/11/21,10.82,1254.85,0.53
2005/11/22,10.6,1261.23,0.51
2005/11/23,10.96,1265.61,0.35
2005/11/25,10.88,1268.25,0.21
2005/11/28,11.84,1257.46,-0.85
2005/11/29,11.89,1257.48,0
2005/11/30,12.06,1249.48,-0.64
2005/12/01,11.24,1264.67,1.22
2005/12/02,11.01,1265.08,0.03
2005/12/05,11.6,1262.09,-0.24
2005/12/06,11.52,1263.7,0.13
2005/12/07,12.18,1257.37,-0.5
2005/12/08,12.21,1255.84,-0.12
2005/12/09,11.69,1259.37,0.28
2005/12/12,11.47,1260.43,0.08
2005/12/13,11.11,1267.43,0.56
2005/12/14,10.48,1272.74,0.42
2005/12/15,10.73,1270.94,-0.14
2005/12/16,10.68,1267.32,-0.28
2005/12/19,11.38,1259.92,-0.58
2005/12/20,11.19,1259.62,-0.02
2005/12/21,10.81,1262.79,0.25
2005/12/22,10.29,1268.12,0.42
2005/12/23,10.27,1268.66,0.04
2005/12/27,11.57,1256.54,-0.96
2005/12/28,11.35,1258.17,0.13
2005/12/29,11.61,1254.42,-0.3
2005/12/30,12.07,1248.29,-0.49
2006/01/01,12.95,,
2006/01/03,11.14,1268.8,1.64
2006/01/04,11.37,1273.46,0.37
2006/01/05,11.31,1273.48,0
2006/01/06,11,1285.45,0.94
2006/01/09,11.13,1290.15,0.37
2006/01/10,10.86,1289.69,-0.04
2006/01/11,10.94,1294.18,0.35
2006/01/12,11.2,1286.06,-0.63
2006/01/13,11.23,1287.61,0.12
2006/01/17,11.91,1282.93,-0.36
2006/01/18,12.25,1277.93,-0.39
2006/01/19,11.98,1285.04,0.56
2006/01/20,14.56,1261.49,-1.83
2006/01/23,13.93,1263.82,0.18
2006/01/24,13.31,1266.86,0.24
2006/01/25,12.87,1264.68,-0.17
2006/01/26,12.42,1273.83,0.72
2006/01/27,11.97,1283.72,0.78
2006/01/30,12.39,1285.19,0.11
2006/01/31,12.95,1280.08,-0.4
2006/02/01,12.36,1282.46,0.19
2006/02/02,13.23,1270.84,-0.91
2006/02/03,12.96,1264.03,-0.54
2006/02/06,13.04,1265.02,0.08
2006/02/07,13.59,1254.78,-0.81
2006/02/08,12.83,1265.65,0.87
2006/02/09,13.12,1263.78,-0.15
2006/02/10,12.87,1266.99,0.25
2006/02/13,13.35,1262.86,-0.33
2006/02/14,12.25,1275.53,1
2006/02/15,12.31,1280,0.35
2006/02/16,11.48,1289.38,0.73
2006/02/17,12.01,1287.24,-0.17
2006/02/21,12.41,1283.03,-0.33
2006/02/22,11.88,1292.67,0.75
2006/02/23,11.87,1287.79,-0.38
2006/02/24,11.46,1289.43,0.13
2006/02/27,11.59,1294.12,0.36
2006/02/28,12.34,1280.66,-1.04
2006/03/01,11.54,1291.24,0.83
2006/03/02,11.72,1289.14,-0.16
2006/03/03,11.96,1287.23,-0.15
2006/03/06,12.74,1278.26,-0.7
2006/03/07,12.66,1275.88,-0.19
2006/03/08,12.32,1278.47,0.2
2006/03/09,12.68,1272.23,-0.49
2006/03/10,11.85,1281.42,0.72
2006/03/13,11.37,1284.13,0.21
2006/03/14,10.74,1297.48,1.04
2006/03/15,11.35,1303.02,0.43
2006/03/16,11.98,1305.33,0.18
2006/03/17,12.12,1307.25,0.15
2006/03/20,11.79,1305.08,-0.17
2006/03/21,11.62,1297.23,-0.6
2006/03/22,11.21,1305.04,0.6
2006/03/23,11.17,1301.67,-0.26
2006/03/24,11.19,1302.95,0.1
2006/03/27,11.46,1301.61,-0.1
2006/03/28,11.58,1293.23,-0.64
2006/03/29,10.95,1302.89,0.75
2006/03/30,11.57,1300.25,-0.2
2006/03/31,11.39,1294.87,-0.41
2006/04/01,11.59,,
2006/04/03,11.57,1297.81,0.23
2006/04/04,11.14,1305.93,0.63
2006/04/05,11.13,1311.56,0.43
2006/04/06,11.45,1309.04,-0.19
2006/04/07,12.26,1295.5,-1.03
2006/04/10,12.19,1296.62,0.09
2006/04/11,13,1286.57,-0.78
2006/04/12,12.76,1288.12,0.12
2006/04/13,12.38,1289.12,0.08
2006/04/17,12.58,1285.33,-0.29
2006/04/18,11.4,1307.28,1.71
2006/04/19,11.32,1309.93,0.2
2006/04/20,11.64,1311.46,0.12
2006/04/21,11.59,1311.28,-0.01
2006/04/24,11.75,1308.11,-0.24
2006/04/25,11.75,1301.74,-0.49
2006/04/26,11.76,1305.41,0.28
2006/04/27,11.84,1309.72,0.33
2006/04/28,11.59,1310.61,0.07
2006/05/01,12.54,1305.19,-0.41
2006/05/02,11.99,1313.21,0.61
2006/05/03,11.99,1308.12,-0.39
2006/05/04,11.86,1312.25,0.32
2006/05/05,11.62,1325.76,1.03
2006/05/08,12,1324.66,-0.08
2006/05/09,11.99,1325.14,0.04
2006/05/10,11.78,1322.85,-0.17
2006/05/11,12.49,1305.92,-1.28
2006/05/12,14.19,1291.24,-1.12
2006/05/15,13.57,1294.5,0.25
2006/05/16,13.35,1292.08,-0.19
2006/05/17,16.26,1270.32,-1.68
2006/05/18,16.99,1261.81,-0.67
2006/05/19,17.18,1267.03,0.41
2006/05/22,17.72,1262.07,-0.39
2006/05/23,18.26,1256.58,-0.43
2006/05/24,17.36,1258.57,0.16
2006/05/25,15.5,1272.88,1.14
2006/05/26,14.26,1280.16,0.57
2006/05/30,18.66,1259.87,-1.58
2006/05/31,16.44,1270.09,0.81
2006/06/01,14.52,1285.71,1.23
2006/06/02,14.32,1288.22,0.2
2006/06/05,16.65,1265.29,-1.78
2006/06/06,17.34,1263.85,-0.11
2006/06/07,17.8,1256.15,-0.61
2006/06/08,18.35,1257.93,0.14
2006/06/09,18.12,1252.3,-0.45
2006/06/12,20.96,1237.44,-1.19
2006/06/13,23.81,1223.69,-1.11
2006/06/14,21.46,1230.04,0.52
2006/06/15,15.9,1256.16,2.12
2006/06/16,17.25,1251.54,-0.37
2006/06/19,17.83,1240.13,-0.91
2006/06/20,16.69,1240.12,0
2006/06/21,15.52,1252.2,0.97
2006/06/22,15.88,1245.6,-0.53
2006/06/23,15.89,1244.5,-0.09
2006/06/26,15.62,1250.56,0.49
2006/06/27,16.4,1239.2,-0.91
2006/06/28,15.79,1246,0.55
2006/06/29,13.03,1272.87,2.16
2006/06/30,13.08,1270.2,-0.21
2006/07/01,14.95,,
2006/07/03,13.05,1280.19,0.79
2006/07/05,14.15,1270.91,-0.72
2006/07/06,13.65,1274.08,0.25
2006/07/07,13.97,1265.48,-0.67
2006/07/10,14.02,1267.34,0.15
2006/07/11,13.14,1272.43,0.4
2006/07/12,14.49,1258.6,-1.09
2006/07/13,17.79,1242.28,-1.3
2006/07/14,18.05,1236.2,-0.49
2006/07/17,18.64,1234.49,-0.14
2006/07/18,17.74,1236.86,0.19
2006/07/19,15.55,1259.81,1.86
2006/07/20,16.21,1249.13,-0.85
2006/07/21,17.4,1240.29,-0.71
2006/07/24,14.98,1260.91,1.66
2006/07/25,14.85,1268.88,0.63
2006/07/26,14.62,1268.4,-0.04
2006/07/27,14.94,1263.2,-0.41
2006/07/28,14.33,1278.55,1.22
2006/07/31,14.95,1276.66,-0.15
2006/08/01,15.05,1270.92,-0.45
2006/08/02,14.34,1277.41,0.51
2006/08/03,14.46,1280.27,0.22
2006/08/04,14.34,1279.36,-0.07
2006/08/07,15.23,1275.77,-0.28
2006/08/08,15.23,1271.48,-0.34
2006/08/09,15.2,1265.95,-0.43
2006/08/10,14.46,1271.81,0.46
2006/08/11,14.3,1266.74,-0.4
2006/08/14,14.26,1268.21,0.12
2006/08/15,13.42,1285.58,1.37
2006/08/16,12.41,1295.43,0.77
2006/08/17,12.24,1297.48,0.16
2006/08/18,11.64,1302.3,0.37
2006/08/21,12.22,1297.52,-0.37
2006/08/22,12.19,1298.82,0.1
2006/08/23,12.4,1292.99,-0.45
2006/08/24,12.4,1296.06,0.24
2006/08/25,12.31,1295.09,-0.07
2006/08/28,12.18,1301.78,0.52
2006/08/29,12.28,1304.28,0.19
2006/08/30,12.22,1305.37,0.08
2006/08/31,12.31,1303.82,-0.12
2006/09/01,11.96,1311.01,0.55
2006/09/05,12.63,1313.25,0.17
2006/09/06,13.74,1300.26,-0.99
2006/09/07,13.88,1294.02,-0.48
2006/09/08,13.16,1298.92,0.38
2006/09/11,12.99,1299.54,0.05
2006/09/12,11.92,1313,1.04
2006/09/13,11.18,1318.07,0.39
2006/09/14,11.55,1316.28,-0.14
2006/09/15,11.76,1319.66,0.26
2006/09/18,11.78,1321.18,0.12
2006/09/19,11.98,1317.64,-0.27
2006/09/20,11.39,1325.18,0.57
2006/09/21,12.25,1318.03,-0.54
2006/09/22,12.59,1314.78,-0.25
2006/09/25,12.12,1326.37,0.88
2006/09/26,11.53,1336.35,0.75
2006/09/27,11.58,1336.59,0.02
2006/09/28,11.72,1338.88,0.17
2006/09/29,11.98,1335.85,-0.23
2006/10/01,11.1,,
2006/10/02,12.57,1331.32,-0.34
2006/10/03,12.24,1334.11,0.21
2006/10/04,11.86,1350.2,1.21
2006/10/05,11.98,1353.22,0.22
2006/10/06,11.56,1349.59,-0.27
2006/10/09,11.68,1350.66,0.08
2006/10/10,11.52,1353.42,0.2
2006/10/11,11.62,1349.95,-0.26
2006/10/12,11.09,1362.83,0.95
2006/10/13,10.75,1365.62,0.2
2006/10/16,11.09,1369.06,0.25
2006/10/17,11.73,1364.05,-0.37
2006/10/18,11.34,1365.8,0.13
2006/10/19,10.9,1366.96,0.08
2006/10/20,10.63,1368.6,0.12
2006/10/23,11.08,1377.02,0.62
2006/10/24,10.78,1377.38,0.03
2006/10/25,10.66,1382.22,0.35
2006/10/26,10.56,1389.08,0.5
2006/10/27,10.8,1377.34,-0.85
2006/10/30,11.2,1377.93,0.04
2006/10/31,11.1,1377.94,0
2006/11/01,11.51,1367.81,-0.74
2006/11/02,11.42,1367.34,-0.03
2006/11/03,11.16,1364.3,-0.22
2006/11/06,11.16,1379.78,1.13
2006/11/07,11.09,1382.84,0.22
2006/11/08,10.75,1385.72,0.21
2006/11/09,11.01,1378.33,-0.53
2006/11/10,10.79,1380.9,0.19
2006/11/13,10.86,1384.42,0.25
2006/11/14,10.5,1393.22,0.64
2006/11/15,10.31,1396.57,0.24
2006/11/16,10.16,1399.76,0.23
2006/11/17,10.05,1401.2,0.1
2006/11/20,9.97,1400.5,-0.05
2006/11/21,9.9,1402.81,0.16
2006/11/22,10.14,1406.09,0.23
2006/11/24,10.73,1400.95,-0.37
2006/11/27,12.3,1381.96,-1.36
2006/11/28,11.62,1386.72,0.34
2006/11/29,10.83,1399.48,0.92
2006/11/30,10.91,1400.63,0.08
2006/12/01,11.66,1396.71,-0.28
2006/12/04,11.23,1409.12,0.89
2006/12/05,11.27,1414.76,0.4
2006/12/06,11.33,1412.9,-0.13
2006/12/07,12.67,1407.29,-0.4
2006/12/08,12.07,1409.84,0.18
2006/12/11,10.71,1413.04,0.23
2006/12/12,10.65,1411.56,-0.1
2006/12/13,10.18,1413.21,0.12
2006/12/14,9.97,1425.49,0.87
2006/12/15,10.05,1427.09,0.11
2006/12/18,10.6,1422.48,-0.32
2006/12/19,10.3,1425.55,0.22
2006/12/20,10.26,1423.53,-0.14
2006/12/21,10.53,1418.3,-0.37
2006/12/22,11.36,1410.76,-0.53
2006/12/26,11.26,1416.9,0.44
2006/12/27,10.64,1426.84,0.7
2006/12/28,10.99,1424.73,-0.15
2006/12/29,11.56,1418.3,-0.45
2007/01/01,10.42,,
2007/01/03,12.04,1416.6,-0.12
2007/01/04,11.51,1418.34,0.12
2007/01/05,12.14,1409.71,-0.61
2007/01/08,12,1412.84,0.22
2007/01/09,11.91,1412.11,-0.05
2007/01/10,11.47,1414.85,0.19
2007/01/11,10.87,1423.82,0.63
2007/01/12,10.15,1430.73,0.49
2007/01/16,10.74,1431.9,0.08
2007/01/17,10.59,1430.62,-0.09
2007/01/18,10.85,1426.37,-0.3
2007/01/19,10.4,1430.5,0.29
2007/01/22,10.77,1422.95,-0.53
2007/01/23,10.34,1427.99,0.35
2007/01/24,9.89,1440.13,0.85
2007/01/25,11.22,1423.9,-1.13
2007/01/26,11.13,1422.18,-0.12
2007/01/29,11.45,1420.62,-0.11
2007/01/30,10.96,1428.82,0.58
2007/01/31,10.42,1438.24,0.66
2007/02/01,10.31,1445.94,0.54
2007/02/02,10.08,1448.39,0.17
2007/02/05,10.55,1446.99,-0.1
2007/02/06,10.65,1448,0.07
2007/02/07,10.32,1450.02,0.14
2007/02/08,10.44,1448.31,-0.12
2007/02/09,11.1,1438.06,-0.71
2007/02/12,11.61,1433.37,-0.33
2007/02/13,10.34,1444.26,0.76
2007/02/14,10.23,1455.3,0.76
2007/02/15,10.22,1456.81,0.1
2007/02/16,10.02,1455.54,-0.09
2007/02/20,10.24,1459.68,0.28
2007/02/21,10.2,1457.63,-0.14
2007/02/22,10.18,1456.38,-0.09
2007/02/23,10.58,1451.19,-0.36
2007/02/26,11.15,1449.37,-0.13
2007/02/27,18.31,1399.04,-3.47
2007/02/28,15.42,1406.82,0.56
2007/03/01,15.82,1403.17,-0.26
2007/03/02,18.61,1387.17,-1.14
2007/03/05,19.63,1374.12,-0.94
2007/03/06,15.96,1395.41,1.55
2007/03/07,15.24,1391.97,-0.25
2007/03/08,14.29,1401.89,0.71
2007/03/09,14.09,1402.84,0.07
2007/03/12,13.99,1406.6,0.27
2007/03/13,18.13,1377.95,-2.04
2007/03/14,17.27,1387.17,0.67
2007/03/15,16.43,1392.28,0.37
2007/03/16,16.79,1386.95,-0.38
2007/03/19,14.59,1402.06,1.09
2007/03/20,13.27,1410.94,0.63
2007/03/21,12.19,1435.04,1.71
2007/03/22,12.93,1434.54,-0.03
2007/03/23,12.95,1436.11,0.11
2007/03/26,13.16,1437.5,0.1
2007/03/27,13.48,1428.61,-0.62
2007/03/28,14.98,1417.23,-0.8
2007/03/29,15.14,1422.53,0.37
2007/03/30,14.64,1420.86,-0.12
2007/04/01,14.22,,
2007/04/02,14.53,1424.55,0.26
2007/04/03,13.46,1437.77,0.93
2007/04/04,13.24,1439.37,0.11
2007/04/05,13.23,1443.76,0.3
2007/04/09,13.14,1444.61,0.06
2007/04/10,12.68,1448.39,0.26
2007/04/11,13.49,1438.87,-0.66
2007/04/12,12.71,1447.8,0.62
2007/04/13,12.2,1452.85,0.35
2007/04/16,11.98,1468.33,1.07
2007/04/17,12.14,1471.48,0.21
2007/04/18,12.42,1472.5,0.07
2007/04/19,12.54,1470.73,-0.12
2007/04/20,12.07,1484.35,0.93
2007/04/23,13.04,1480.93,-0.23
2007/04/24,13.12,1480.41,-0.04
2007/04/25,13.21,1495.42,1.01
2007/04/26,12.79,1494.25,-0.08
2007/04/27,12.45,1494.07,-0.01
2007/04/30,14.22,1482.37,-0.78
2007/05/01,13.51,1486.3,0.27
2007/05/02,13.08,1495.92,0.65
2007/05/03,13.09,1502.39,0.43
2007/05/04,12.91,1505.62,0.21
2007/05/07,13.15,1509.48,0.26
2007/05/08,13.21,1507.72,-0.12
2007/05/09,12.88,1512.58,0.32
2007/05/10,13.6,1491.47,-1.4
2007/05/11,12.95,1505.85,0.96
2007/05/14,13.96,1503.15,-0.18
2007/05/15,14.01,1501.19,-0.13
2007/05/16,13.5,1514.14,0.86
2007/05/17,13.51,1512.75,-0.09
2007/05/18,12.76,1522.75,0.66
2007/05/21,13.3,1525.1,0.15
2007/05/22,13.06,1524.12,-0.06
2007/05/23,13.24,1522.28,-0.12
2007/05/24,14.08,1507.51,-0.97
2007/05/25,13.34,1515.73,0.55
2007/05/29,13.53,1518.11,0.16
2007/05/30,12.83,1530.23,0.8
2007/05/31,13.05,1530.62,0.03
2007/06/01,12.78,1536.34,0.37
2007/06/04,13.29,1539.18,0.18
2007/06/05,13.63,1530.95,-0.53
2007/06/06,14.87,1517.38,-0.89
2007/06/07,17.06,1490.72,-1.76
2007/06/08,14.84,1507.67,1.14
2007/06/11,14.71,1509.12,0.1
2007/06/12,16.67,1493,-1.07
2007/06/13,14.73,1515.67,1.52
2007/06/14,13.64,1522.97,0.48
2007/06/15,13.94,1532.91,0.65
2007/06/18,13.42,1531.05,-0.12
2007/06/19,12.85,1533.7,0.17
2007/06/20,14.67,1512.84,-1.36
2007/06/21,14.21,1522.19,0.62
2007/06/22,15.75,1502.56,-1.29
2007/06/25,16.65,1497.74,-0.32
2007/06/26,18.89,1492.89,-0.32
2007/06/27,15.53,1506.34,0.9
2007/06/28,15.54,1505.71,-0.04
2007/06/29,16.23,1503.35,-0.16
2007/07/01,23.52,,
2007/07/02,15.4,1519.43,1.07
2007/07/03,14.92,1524.87,0.36
2007/07/05,15.48,1525.4,0.03
2007/07/06,14.72,1530.44,0.33
2007/07/09,15.16,1531.85,0.09
2007/07/10,17.57,1510.12,-1.42
2007/07/11,16.64,1518.76,0.57
2007/07/12,15.54,1547.7,1.91
2007/07/13,15.15,1552.5,0.31
2007/07/16,15.59,1549.52,-0.19
2007/07/17,15.63,1549.37,-0.01
2007/07/18,16,1546.17,-0.21
2007/07/19,15.23,1553.08,0.45
2007/07/20,16.95,1534.1,-1.22
2007/07/23,16.81,1541.57,0.49
2007/07/24,18.55,1511.04,-1.98
2007/07/25,18.1,1518.09,0.47
2007/07/26,20.74,1482.66,-2.33
2007/07/27,24.17,1458.95,-1.6
2007/07/30,20.87,1473.91,1.03
2007/07/31,23.52,1455.27,-1.26
2007/08/01,23.67,1465.81,0.72
2007/08/02,21.22,1472.2,0.44
2007/08/03,25.16,1433.06,-2.66
2007/08/06,22.94,1467.67,2.42
2007/08/07,21.56,1476.71,0.62
2007/08/08,21.45,1497.49,1.41
2007/08/09,26.48,1453.09,-2.96
2007/08/10,28.3,1453.64,0.04
2007/08/13,26.57,1452.92,-0.05
2007/08/14,27.68,1426.54,-1.82
2007/08/15,30.67,1406.7,-1.39
2007/08/16,30.83,1411.27,0.32
2007/08/17,29.99,1445.94,2.46
2007/08/20,26.33,1445.55,-0.03
2007/08/21,25.25,1447.12,0.11
2007/08/22,22.89,1464.07,1.17
2007/08/23,22.62,1462.5,-0.11
2007/08/24,20.72,1479.37,1.15
2007/08/27,22.72,1466.79,-0.85
2007/08/28,26.3,1432.36,-2.35
2007/08/29,23.81,1463.76,2.19
2007/08/30,25.06,1457.64,-0.42
2007/08/31,23.38,1473.99,1.12
2007/09/01,18,1481.14,0.49
2007/09/04,22.78,1489.42,1.05
2007/09/05,24.58,1472.29,-1.15
2007/09/06,23.99,1478.55,0.43
2007/09/07,26.23,1453.55,-1.69
2007/09/10,27.38,1451.7,-0.13
2007/09/11,25.27,1471.49,1.36
2007/09/12,24.96,1471.56,0
2007/09/13,24.76,1483.95,0.84
2007/09/14,24.92,1484.25,0.02
2007/09/17,26.48,1476.65,-0.51
2007/09/18,20.35,1519.78,2.92
2007/09/19,20.03,1529.03,0.61
2007/09/20,20.45,1518.75,-0.67
2007/09/21,19,1525.75,0.46
2007/09/24,19.37,1517.73,-0.53
2007/09/25,18.6,1517.21,-0.03
2007/09/26,17.63,1525.42,0.54
2007/09/27,17,1531.38,0.39
2007/09/28,18,1526.75,-0.3
2007/10/01,17.84,1547.04,1.33
2007/10/02,18.49,1546.63,-0.03
2007/10/03,18.8,1539.59,-0.46
2007/10/04,18.44,1542.84,0.21
2007/10/05,16.91,1557.59,0.96
2007/10/08,17.46,1552.58,-0.32
2007/10/09,16.12,1565.15,0.81
2007/10/10,16.67,1562.47,-0.17
2007/10/11,18.88,1554.41,-0.52
2007/10/12,17.73,1561.8,0.48
2007/10/15,19.25,1548.71,-0.84
2007/10/16,20.02,1538.53,-0.66
2007/10/17,18.54,1541.24,0.18
2007/10/18,18.5,1540.08,-0.08
2007/10/19,22.96,1500.63,-2.56
2007/10/22,21.64,1506.33,0.38
2007/10/23,20.41,1519.59,0.88
2007/10/24,20.8,1515.88,-0.24
2007/10/25,21.17,1514.4,-0.1
2007/10/26,19.56,1535.28,1.38
2007/10/29,19.87,1540.98,0.37
2007/10/30,21.07,1531.02,-0.65
2007/10/31,18.53,1549.38,1.2
2007/11/01,23.21,1508.44,-2.64
2007/11/02,23.01,1509.65,0.08
2007/11/05,24.31,1502.17,-0.5
2007/11/06,21.39,1520.27,1.2
2007/11/07,26.49,1475.62,-2.94
2007/11/08,26.16,1474.77,-0.06
2007/11/09,28.5,1453.7,-1.43
2007/11/12,31.09,1439.18,-1
2007/11/13,24.1,1481.05,2.91
2007/11/14,25.94,1470.58,-0.71
2007/11/15,28.06,1451.15,-1.32
2007/11/16,25.49,1458.74,0.52
2007/11/19,26.01,1433.27,-1.75
2007/11/20,24.88,1439.7,0.45
2007/11/21,26.84,1416.77,-1.59
2007/11/23,25.61,1440.7,1.69
2007/11/26,28.91,1407.22,-2.32
2007/11/27,26.28,1428.23,1.49
2007/11/28,24.11,1469.02,2.86
2007/11/29,23.97,1469.72,0.05
2007/11/30,22.87,1481.14,0.78
2007/12/01,22.5,1330.63,-10.16
2007/12/03,23.61,1472.42,-0.59
2007/12/04,23.79,1462.79,-0.65
2007/12/05,22.53,1485.01,1.52
2007/12/06,20.96,1507.34,1.5
2007/12/07,20.85,1504.66,-0.18
2007/12/10,20.74,1515.96,0.75
2007/12/11,23.59,1477.65,-2.53
2007/12/12,22.47,1486.59,0.61
2007/12/13,22.56,1488.41,0.12
2007/12/14,23.27,1467.95,-1.37
2007/12/17,24.52,1445.9,-1.5
2007/12/18,22.64,1454.98,0.63
2007/12/19,21.68,1453,-0.14
2007/12/20,20.58,1460.12,0.49
2007/12/21,18.47,1484.46,1.67
2007/12/24,18.6,1496.45,0.81
2007/12/26,18.66,1497.66,0.08
2007/12/27,20.26,1476.27,-1.43
2007/12/28,20.74,1478.49,0.15
2007/12/31,22.5,1468.36,-0.69
2008/01/01,26.2,,
2008/01/02,23.17,1447.16,-1.44
2008/01/03,22.49,1447.16,0
2008/01/04,23.94,1411.63,-2.46
2008/01/07,23.79,1416.18,0.32
2008/01/08,25.43,1390.19,-1.84
2008/01/09,24.12,1409.13,1.36
2008/01/10,23.45,1420.33,0.79
2008/01/11,23.68,1401.02,-1.36
2008/01/14,22.9,1416.25,1.09
2008/01/15,23.34,1380.95,-2.49
2008/01/16,24.38,1373.2,-0.56
2008/01/17,28.46,1333.25,-2.91
2008/01/18,27.18,1325.19,-0.6
2008/01/22,31.01,1310.5,-1.11
2008/01/23,29.02,1338.6,2.14
2008/01/24,27.78,1352.07,1.01
2008/01/25,29.08,1330.61,-1.59
2008/01/28,27.78,1353.96,1.75
2008/01/29,27.32,1362.3,0.62
2008/01/30,27.62,1355.81,-0.48
2008/01/31,26.2,1378.55,1.68
2008/02/01,24.02,1395.42,1.22
2008/02/04,25.99,1380.82,-1.05
2008/02/05,28.24,1336.64,-3.2
2008/02/06,28.97,1326.45,-0.76
2008/02/07,27.66,1336.91,0.79
2008/02/08,28.01,1331.29,-0.42
2008/02/11,27.6,1339.13,0.59
2008/02/12,26.33,1348.86,0.73
2008/02/13,24.88,1367.21,1.36
2008/02/14,25.54,1348.86,-1.34
2008/02/15,25.02,1349.99,0.08
2008/02/19,25.59,1348.78,-0.09
2008/02/20,24.4,1360.03,0.83
2008/02/21,25.12,1342.53,-1.29
2008/02/22,24.06,1353.11,0.79
2008/02/25,23.03,1371.8,1.38
2008/02/26,21.9,1381.29,0.69
2008/02/27,22.69,1380.02,-0.09
2008/02/28,23.53,1367.68,-0.89
2008/02/29,26.54,1330.63,-2.71
2008/03/01,25.61,1400.38,5.24
2008/03/03,26.28,1331.34,0.05
2008/03/04,25.52,1326.75,-0.34
2008/03/05,24.6,1333.7,0.52
2008/03/06,27.55,1304.34,-2.2
2008/03/07,27.49,1293.37,-0.84
2008/03/10,29.38,1273.37,-1.55
2008/03/11,26.36,1320.65,3.71
2008/03/12,27.22,1308.77,-0.9
2008/03/13,27.29,1315.48,0.51
2008/03/14,31.16,1288.14,-2.08
2008/03/17,32.24,1276.6,-0.9
2008/03/18,25.79,1330.74,4.24
2008/03/19,29.84,1298.42,-2.43
2008/03/20,26.62,1329.51,2.39
2008/03/24,25.73,1349.88,1.53
2008/03/25,25.72,1352.99,0.23
2008/03/26,26.08,1341.13,-0.88
2008/03/27,25.88,1325.76,-1.15
2008/03/28,25.71,1315.22,-0.8
2008/03/31,25.61,1322.7,0.57
2008/04/01,22.68,1370.18,3.59
2008/04/02,23.43,1367.53,-0.19
2008/04/03,23.21,1369.31,0.13
2008/04/04,22.45,1370.4,0.08
2008/04/07,22.42,1372.54,0.16
2008/04/08,22.36,1365.54,-0.51
2008/04/09,22.81,1354.49,-0.81
2008/04/10,21.98,1360.55,0.45
2008/04/11,23.46,1332.83,-2.04
2008/04/14,23.82,1328.32,-0.34
2008/04/15,22.78,1334.43,0.46
2008/04/16,20.53,1364.71,2.27
2008/04/17,20.37,1365.56,0.06
2008/04/18,20.13,1390.33,1.81
2008/04/21,20.5,1388.17,-0.16
2008/04/22,20.87,1375.94,-0.88
2008/04/23,20.26,1379.93,0.29
2008/04/24,20.06,1388.82,0.64
2008/04/25,19.59,1397.84,0.65
2008/04/28,19.64,1396.37,-0.11
2008/04/29,20.24,1390.94,-0.39
2008/04/30,20.79,1385.59,-0.38
2008/05/01,18.88,1409.34,1.71
2008/05/02,18.18,1413.9,0.32
2008/05/05,18.9,1407.49,-0.45
2008/05/06,18.21,1418.26,0.77
2008/05/07,19.73,1392.57,-1.81
2008/05/08,19.4,1397.68,0.37
2008/05/09,19.41,1388.28,-0.67
2008/05/12,17.79,1403.58,1.1
2008/05/13,17.98,1403.04,-0.04
2008/05/14,17.66,1408.66,0.4
2008/05/15,16.3,1423.57,1.06
2008/05/16,16.47,1425.35,0.13
2008/05/19,17.01,1426.63,0.09
2008/05/20,17.58,1413.4,-0.93
2008/05/21,18.59,1390.71,-1.61
2008/05/22,18.05,1394.35,0.26
2008/05/23,19.55,1375.93,-1.32
2008/05/27,19.64,1385.35,0.68
2008/05/28,19.07,1390.84,0.4
2008/05/29,18.14,1398.26,0.53
2008/05/30,17.83,1400.38,0.15
2008/06/01,23.95,1282.83,-8.39
2008/06/02,19.83,1385.67,-1.05
2008/06/03,20.24,1377.65,-0.58
2008/06/04,20.8,1377.2,-0.03
2008/06/05,18.63,1404.05,1.95
2008/06/06,23.56,1360.68,-3.09
2008/06/09,23.12,1361.76,0.08
2008/06/10,23.18,1358.44,-0.24
2008/06/11,24.12,1335.49,-1.69
2008/06/12,23.33,1339.87,0.33
2008/06/13,21.22,1360.03,1.5
2008/06/16,20.95,1360.14,0.01
2008/06/17,21.13,1350.93,-0.68
2008/06/18,22.24,1337.81,-0.97
2008/06/19,21.58,1342.83,0.38
2008/06/20,22.87,1317.93,-1.85
2008/06/23,22.64,1318,0.01
2008/06/24,22.42,1314.29,-0.28
2008/06/25,21.14,1321.97,0.58
2008/06/26,23.93,1283.15,-2.94
2008/06/27,23.44,1278.38,-0.37
2008/06/30,23.95,1280,0.13
2008/07/01,23.65,1284.91,0.38
2008/07/02,25.92,1261.52,-1.82
2008/07/03,24.78,1262.9,0.11
2008/07/07,25.78,1252.31,-0.84
2008/07/08,23.15,1273.7,1.71
2008/07/09,25.23,1244.69,-2.28
2008/07/10,25.59,1253.39,0.7
2008/07/11,27.49,1239.49,-1.11
2008/07/14,28.48,1228.3,-0.9
2008/07/15,28.54,1214.91,-1.09
2008/07/16,25.1,1245.36,2.51
2008/07/17,25.01,1260.32,1.2
2008/07/18,24.05,1260.68,0.03
2008/07/21,23.05,1260,-0.05
2008/07/22,21.18,1277,1.35
2008/07/23,21.31,1282.19,0.41
2008/07/24,23.44,1252.54,-2.31
2008/07/25,22.91,1257.76,0.42
2008/07/28,24.23,1234.37,-1.86
2008/07/29,22.03,1263.2,2.34
2008/07/30,21.21,1284.26,1.67
2008/07/31,22.94,1267.38,-1.31
2008/08/01,22.57,1260.31,-0.56
2008/08/04,23.49,1249.01,-0.9
2008/08/05,21.14,1284.88,2.87
2008/08/06,20.23,1289.19,0.34
2008/08/07,21.15,1266.07,-1.79
2008/08/08,20.66,1296.32,2.39
2008/08/11,20.12,1305.32,0.69
2008/08/12,21.17,1289.59,-1.21
2008/08/13,21.55,1285.83,-0.29
2008/08/14,20.34,1292.93,0.55
2008/08/15,19.58,1298.2,0.41
2008/08/18,20.98,1278.6,-1.51
2008/08/19,21.28,1266.69,-0.93
2008/08/20,20.42,1274.54,0.62
2008/08/21,19.82,1277.72,0.25
2008/08/22,18.81,1292.2,1.13
2008/08/25,20.97,1266.84,-1.96
2008/08/26,20.49,1271.51,0.37
2008/08/27,19.76,1281.66,0.8
2008/08/28,19.43,1300.68,1.48
2008/08/29,20.65,1282.83,-1.37
2008/09/01,39.39,896.24,-30.14
2008/09/02,21.99,1277.58,-0.41
2008/09/03,21.43,1274.98,-0.2
2008/09/04,24.03,1236.83,-2.99
2008/09/05,23.06,1242.31,0.44
2008/09/08,22.64,1267.79,2.05
2008/09/09,25.47,1224.51,-3.41
2008/09/10,24.52,1232.04,0.61
2008/09/11,24.39,1249.05,1.38
2008/09/12,25.66,1251.7,0.21
2008/09/15,31.7,1192.7,-4.71
2008/09/16,30.3,1213.6,1.75
2008/09/17,36.22,1156.39,-4.71
2008/09/18,33.1,1206.51,4.33
2008/09/19,32.07,1255.08,4.03
2008/09/22,33.85,1207.09,-3.82
2008/09/23,35.72,1188.22,-1.56
2008/09/24,35.19,1185.87,-0.2
2008/09/25,32.82,1209.18,1.97
2008/09/26,34.74,1213.27,0.34
2008/09/29,46.72,1106.42,-8.81
2008/09/30,39.39,1166.36,5.42
2008/10/01,39.81,1161.06,-0.45
2008/10/02,45.26,1114.28,-4.03
2008/10/03,45.14,1099.23,-1.35
2008/10/06,52.05,1056.89,-3.85
2008/10/07,53.68,996.23,-5.74
2008/10/08,57.53,984.94,-1.13
2008/10/09,63.92,909.92,-7.62
2008/10/10,69.95,899.22,-1.18
2008/10/13,54.99,1003.35,11.58
2008/10/14,55.13,998.01,-0.53
2008/10/15,69.25,907.84,-9.03
2008/10/16,67.61,946.43,4.25
2008/10/17,70.33,940.55,-0.62
2008/10/20,52.97,985.4,4.77
2008/10/21,53.11,955.05,-3.08
2008/10/22,69.65,896.78,-6.1
2008/10/23,67.8,908.11,1.26
2008/10/24,79.13,876.77,-3.45
2008/10/27,80.06,848.92,-3.18
2008/10/28,66.96,940.51,10.79
2008/10/29,69.96,930.09,-1.11
2008/10/30,62.9,954.09,2.58
2008/10/31,59.89,968.75,1.54
2008/11/01,55.28,,
2008/11/03,53.68,966.3,-0.25
2008/11/04,47.73,1005.75,4.08
2008/11/05,54.56,952.77,-5.27
2008/11/06,63.68,904.88,-5.03
2008/11/07,56.1,930.99,2.89
2008/11/10,59.98,919.21,-1.27
2008/11/11,61.44,898.95,-2.2
2008/11/12,66.46,852.3,-5.19
2008/11/13,59.83,911.29,6.92
2008/11/14,66.31,873.29,-4.17
2008/11/17,69.15,850.75,-2.58
2008/11/18,67.64,859.12,0.98
2008/11/19,74.26,806.58,-6.12
2008/11/20,80.86,752.44,-6.71
2008/11/21,72.67,800.03,6.32
2008/11/24,64.7,851.81,6.47
2008/11/25,60.9,857.39,0.66
2008/11/26,54.92,887.68,3.53
2008/11/28,55.28,896.24,0.96
2008/12/01,68.51,816.21,-8.93
2008/12/02,62.98,848.81,3.99
2008/12/03,60.72,870.74,2.58
2008/12/04,63.64,845.22,-2.93
2008/12/05,59.93,876.07,3.65
2008/12/08,58.49,909.7,3.84
2008/12/09,58.91,888.67,-2.31
2008/12/10,55.73,899.24,1.19
2008/12/11,55.78,873.59,-2.85
2008/12/12,54.28,879.73,0.7
2008/12/15,56.76,868.57,-1.27
2008/12/16,52.37,913.18,5.14
2008/12/17,49.84,904.42,-0.96
2008/12/18,47.34,885.28,-2.12
2008/12/19,44.93,887.88,0.29
2008/12/22,44.56,871.63,-1.83
2008/12/23,45.02,863.16,-0.97
2008/12/24,44.21,868.15,0.58
2008/12/26,43.38,872.8,0.54
2008/12/29,43.9,869.42,-0.39
2008/12/30,41.63,890.64,2.44
2008/12/31,40,903.25,1.42
2009/01/01,44.84,,
2009/01/02,39.19,931.8,3.16
2009/01/05,39.08,927.45,-0.47
2009/01/06,38.56,934.7,0.78
2009/01/07,43.39,906.65,-3
2009/01/08,42.56,909.73,0.34
2009/01/09,42.82,890.35,-2.13
2009/01/12,45.84,870.26,-2.26
2009/01/13,43.27,871.79,0.18
2009/01/14,49.14,842.62,-3.35
2009/01/15,51,843.74,0.13
2009/01/16,46.11,850.12,0.76
2009/01/20,56.65,805.22,-5.28
2009/01/21,46.42,840.24,4.35
2009/01/22,47.29,827.5,-1.52
2009/01/23,47.27,831.95,0.54
2009/01/26,45.69,836.57,0.56
2009/01/27,42.25,845.71,1.09
2009/01/28,39.66,874.09,3.36
2009/01/29,42.63,845.14,-3.31
2009/01/30,44.84,825.88,-2.28
2009/02/01,46.35,,
2009/02/02,45.52,825.44,-0.05
2009/02/03,43.06,838.51,1.58
2009/02/04,43.85,832.23,-0.75
2009/02/05,43.73,845.85,1.64
2009/02/06,43.37,868.6,2.69
2009/02/09,43.64,869.89,0.15
2009/02/10,46.67,827.16,-4.91
2009/02/11,44.53,833.74,0.8
2009/02/12,41.25,835.19,0.17
2009/02/13,42.93,826.84,-1
2009/02/17,48.66,789.17,-4.56
2009/02/18,48.46,788.42,-0.1
2009/02/19,47.08,778.94,-1.2
2009/02/20,49.3,770.05,-1.14
2009/02/23,52.62,743.33,-3.47
2009/02/24,45.49,773.14,4.01
2009/02/25,44.67,764.9,-1.07
2009/02/26,44.66,752.83,-1.58
2009/02/27,46.35,735.09,-2.36
2009/03/01,44.14,919.14,25.04
2009/03/02,52.65,700.82,-4.66
2009/03/03,50.93,696.33,-0.64
2009/03/04,47.56,712.87,2.38
2009/03/05,50.17,682.55,-4.25
2009/03/06,49.33,683.38,0.12
2009/03/09,49.68,676.53,-1
2009/03/10,44.37,719.6,6.37
2009/03/11,43.61,721.36,0.24
2009/03/12,41.18,750.74,4.07
2009/03/13,42.36,756.55,0.77
2009/03/16,43.74,753.89,-0.35
2009/03/17,40.8,778.12,3.21
2009/03/18,40.06,794.35,2.09
2009/03/19,43.68,784.04,-1.3
2009/03/20,45.89,768.54,-1.98
2009/03/23,43.23,822.92,7.08
2009/03/24,42.93,806.12,-2.04
2009/03/25,42.25,813.88,0.96
2009/03/26,40.36,832.86,2.33
2009/03/27,41.04,815.94,-2.03
2009/03/30,45.54,787.53,-3.48
2009/03/31,44.14,797.87,1.31
2009/04/01,42.28,811.08,1.66
2009/04/02,42.04,834.38,2.87
2009/04/03,39.7,842.5,0.97
2009/04/06,40.93,835.48,-0.83
2009/04/07,40.39,815.55,-2.39
2009/04/08,38.85,825.16,1.18
2009/04/09,36.53,856.56,3.81
2009/04/13,37.81,858.73,0.25
2009/04/14,37.67,841.5,-2.01
2009/04/15,36.17,852.06,1.25
2009/04/16,35.79,865.3,1.55
2009/04/17,33.94,869.6,0.5
2009/04/20,39.18,832.39,-4.28
2009/04/21,37.14,850.08,2.13
2009/04/22,38.1,843.55,-0.77
2009/04/23,37.15,851.92,0.99
2009/04/24,36.82,866.23,1.68
2009/04/27,38.32,857.51,-1.01
2009/04/28,37.95,855.16,-0.27
2009/04/29,36.08,873.64,2.16
2009/04/30,36.5,872.81,-0.1
2009/05/01,35.3,877.52,0.54
2009/05/04,34.53,907.24,3.39
2009/05/05,33.36,903.8,-0.38
2009/05/06,32.45,919.53,1.74
2009/05/07,33.44,907.39,-1.32
2009/05/08,32.05,929.23,2.41
2009/05/11,32.87,909.24,-2.15
2009/05/12,31.8,908.35,-0.1
2009/05/13,33.65,883.92,-2.69
2009/05/14,31.37,893.07,1.04
2009/05/15,33.12,882.88,-1.14
2009/05/18,30.24,909.71,3.04
2009/05/19,28.8,908.13,-0.17
2009/05/20,29.03,903.47,-0.51
2009/05/21,31.35,888.33,-1.68
2009/05/22,32.63,887,-0.15
2009/05/26,30.62,910.33,2.63
2009/05/27,32.36,893.06,-1.9
2009/05/28,31.67,906.83,1.54
2009/05/29,28.92,919.14,1.36
2009/06/01,30.04,942.87,2.58
2009/06/02,29.63,944.74,0.2
2009/06/03,31.02,931.76,-1.37
2009/06/04,30.18,942.46,1.15
2009/06/05,29.62,940.09,-0.25
2009/06/08,29.77,939.14,-0.1
2009/06/09,28.27,942.43,0.35
2009/06/10,28.46,939.15,-0.35
2009/06/11,28.11,944.89,0.61
2009/06/12,28.15,946.21,0.14
2009/06/15,30.81,923.72,-2.38
2009/06/16,32.68,911.97,-1.27
2009/06/17,31.54,910.71,-0.14
2009/06/18,30.03,918.37,0.84
2009/06/19,27.99,921.23,0.31
2009/06/22,31.17,893.04,-3.06
2009/06/23,30.58,895.1,0.23
2009/06/24,29.05,900.94,0.65
2009/06/25,26.36,920.26,2.14
2009/06/26,25.93,918.9,-0.15
2009/06/29,25.35,927.23,0.91
2009/06/30,26.35,919.32,-0.85
2009/07/01,26.22,923.33,0.44
2009/07/02,27.95,896.42,-2.91
2009/07/06,29,898.72,0.26
2009/07/07,30.85,881.03,-1.97
2009/07/08,31.3,879.56,-0.17
2009/07/09,29.78,882.68,0.35
2009/07/10,29.02,879.13,-0.4
2009/07/13,26.31,901.05,2.49
2009/07/14,25.02,905.84,0.53
2009/07/15,25.89,932.68,2.96
2009/07/16,25.42,940.74,0.86
2009/07/17,24.34,940.38,-0.04
2009/07/20,24.4,951.13,1.14
2009/07/21,23.87,954.58,0.36
2009/07/22,23.47,954.07,-0.05
2009/07/23,23.43,976.29,2.33
2009/07/24,23.09,979.26,0.3
2009/07/27,24.28,982.18,0.3
2009/07/28,25.01,979.62,-0.26
2009/07/29,25.61,975.15,-0.46
2009/07/30,25.4,986.75,1.19
2009/07/31,25.92,987.48,0.07
2009/08/01,26.01,,
2009/08/03,25.56,1002.63,1.53
2009/08/04,24.89,1005.65,0.3
2009/08/05,24.9,1002.72,-0.29
2009/08/06,25.67,997.08,-0.56
2009/08/07,24.76,1010.48,1.34
2009/08/10,24.99,1007.1,-0.33
2009/08/11,25.99,994.35,-1.27
2009/08/12,25.45,1005.81,1.15
2009/08/13,24.71,1012.73,0.69
2009/08/14,24.27,1004.09,-0.85
2009/08/17,27.89,979.73,-2.43
2009/08/18,26.18,989.67,1.01
2009/08/19,26.26,996.46,0.69
2009/08/20,25.09,1007.37,1.09
2009/08/21,25.01,1026.13,1.86
2009/08/24,25.14,1025.57,-0.05
2009/08/25,24.92,1028,0.24
2009/08/26,24.95,1028.12,0.01
2009/08/27,24.68,1030.98,0.28
2009/08/28,24.76,1028.93,-0.2
2009/08/31,26.01,1020.62,-0.81
2009/09/01,29.15,998.04,-2.21
2009/09/02,28.9,994.75,-0.33
2009/09/03,27.1,1003.24,0.85
2009/09/04,25.26,1016.4,1.31
2009/09/08,25.62,1025.39,0.88
2009/09/09,24.32,1033.37,0.78
2009/09/10,23.55,1044.14,1.04
2009/09/11,24.15,1042.73,-0.14
2009/09/14,23.86,1049.34,0.63
2009/09/15,23.42,1052.63,0.31
2009/09/16,23.69,1068.76,1.53
2009/09/17,23.65,1065.49,-0.31
2009/09/18,23.92,1068.3,0.26
2009/09/21,24.06,1064.66,-0.34
2009/09/22,23.08,1071.66,0.66
2009/09/23,23.49,1060.87,-1.01
2009/09/24,24.95,1050.78,-0.95
2009/09/25,25.61,1044.38,-0.61
2009/09/28,24.88,1062.98,1.78
2009/09/29,25.19,1060.61,-0.22
2009/09/30,25.61,1057.08,-0.33
2009/10/01,28.27,1029.85,-2.58
2009/10/02,28.68,1025.21,-0.45
2009/10/05,26.84,1040.46,1.49
2009/10/06,25.7,1054.72,1.37
2009/10/07,24.68,1057.58,0.27
2009/10/08,24.18,1065.48,0.75
2009/10/09,23.12,1071.49,0.56
2009/10/12,23.01,1076.19,0.44
2009/10/13,22.99,1073.19,-0.28
2009/10/14,22.86,1092.02,1.75
2009/10/15,21.72,1096.56,0.42
2009/10/16,21.43,1087.68,-0.81
2009/10/19,21.49,1097.91,0.94
2009/10/20,20.9,1091.06,-0.62
2009/10/21,22.22,1081.4,-0.89
2009/10/22,20.69,1092.91,1.06
2009/10/23,22.27,1079.6,-1.22
2009/10/26,24.31,1066.95,-1.17
2009/10/27,24.83,1063.41,-0.33
2009/10/28,27.91,1042.63,-1.95
2009/10/29,24.76,1066.11,2.25
2009/10/30,30.69,1036.19,-2.81
2009/11/01,24.51,,
2009/11/02,29.78,1042.88,0.65
2009/11/03,28.81,1045.41,0.24
2009/11/04,27.72,1046.5,0.1
2009/11/05,25.43,1066.63,1.92
2009/11/06,24.19,1069.3,0.25
2009/11/09,23.15,1093.08,2.22
2009/11/10,22.84,1093.01,-0.01
2009/11/11,23.04,1098.51,0.5
2009/11/12,24.24,1087.24,-1.03
2009/11/13,23.36,1093.48,0.57
2009/11/16,22.89,1109.3,1.45
2009/11/17,22.41,1110.32,0.09
2009/11/18,21.63,1109.8,-0.05
2009/11/19,22.63,1094.9,-1.34
2009/11/20,22.19,1091.38,-0.32
2009/11/23,21.16,1106.24,1.36
2009/11/24,20.47,1105.65,-0.05
2009/11/25,20.48,1110.63,0.45
2009/11/27,24.74,1091.49,-1.72
2009/11/30,24.51,1095.63,0.38
2009/12/01,21.92,1108.86,1.21
2009/12/02,21.12,1109.24,0.03
2009/12/03,22.46,1099.92,-0.84
2009/12/04,21.25,1105.98,0.55
2009/12/07,22.1,1103.25,-0.25
2009/12/08,23.69,1091.94,-1.03
2009/12/09,22.66,1095.95,0.37
2009/12/10,22.32,1102.35,0.58
2009/12/11,21.59,1106.41,0.37
2009/12/14,21.15,1114.11,0.7
2009/12/15,21.49,1107.93,-0.55
2009/12/16,20.54,1109.18,0.11
2009/12/17,22.51,1096.08,-1.18
2009/12/18,21.68,1102.47,0.58
2009/12/21,20.49,1114.05,1.05
2009/12/22,19.54,1118.02,0.36
2009/12/23,19.71,1120.59,0.23
2009/12/24,19.47,1126.48,0.53
2009/12/28,19.93,1127.78,0.12
2009/12/29,20.01,1126.2,-0.14
2009/12/30,19.96,1126.42,0.02
2009/12/31,21.68,1115.1,-1
2010/01/01,24.62,,
2010/01/04,20.04,1132.99,1.6
2010/01/05,19.35,1136.52,0.31
2010/01/06,19.16,1137.14,0.05
2010/01/07,19.06,1141.69,0.4
2010/01/08,18.13,1144.98,0.29
2010/01/11,17.55,1146.98,0.17
2010/01/12,18.25,1136.22,-0.94
2010/01/13,17.85,1145.68,0.83
2010/01/14,17.63,1148.46,0.24
2010/01/15,17.91,1136.03,-1.08
2010/01/19,17.58,1150.23,1.25
2010/01/20,18.68,1138.04,-1.06
2010/01/21,22.27,1116.48,-1.89
2010/01/22,27.31,1091.76,-2.21
2010/01/25,25.41,1096.78,0.46
2010/01/26,24.55,1092.17,-0.42
2010/01/27,23.14,1097.5,0.49
2010/01/28,23.73,1084.53,-1.18
2010/01/29,24.62,1073.87,-0.98
2010/02/01,22.59,1089.19,1.43
2010/02/02,21.48,1103.32,1.3
2010/02/03,21.6,1097.28,-0.55
2010/02/04,26.08,1063.11,-3.11
2010/02/05,26.11,1066.19,0.29
2010/02/08,26.51,1056.74,-0.89
2010/02/09,26,1070.52,1.3
2010/02/10,25.4,1068.13,-0.22
2010/02/11,23.96,1078.47,0.97
2010/02/12,22.73,1075.51,-0.27
2010/02/16,22.25,1094.87,1.8
2010/02/17,21.72,1099.51,0.42
2010/02/18,20.63,1106.75,0.66
2010/02/19,20.02,1109.17,0.22
2010/02/22,19.94,1108.01,-0.1
2010/02/23,21.37,1094.6,-1.21
2010/02/24,20.27,1105.24,0.97
2010/02/25,20.1,1102.94,-0.21
2010/02/26,19.5,1104.49,0.14
2010/03/01,19.26,1115.71,1.02
2010/03/02,19.06,1118.31,0.23
2010/03/03,18.83,1118.79,0.04
2010/03/04,18.72,1122.97,0.37
2010/03/05,17.42,1138.7,1.4
2010/03/08,17.79,1138.5,-0.02
2010/03/09,17.92,1140.45,0.17
2010/03/10,18.57,1145.61,0.45
2010/03/11,18.06,1150.24,0.4
2010/03/12,17.58,1149.99,-0.02
2010/03/15,18,1150.51,0.05
2010/03/16,17.69,1159.46,0.78
2010/03/17,16.91,1166.21,0.58
2010/03/18,16.62,1165.83,-0.03
2010/03/19,16.97,1159.9,-0.51
2010/03/22,16.87,1165.81,0.51
2010/03/23,16.35,1174.17,0.72
2010/03/24,17.55,1167.72,-0.55
2010/03/25,18.4,1165.73,-0.17
2010/03/26,17.77,1166.59,0.07
2010/03/29,17.59,1173.22,0.57
2010/03/30,17.13,1173.27,0
2010/03/31,17.59,1169.43,-0.33
2010/04/01,17.47,1178.1,0.74
2010/04/05,17.02,1187.44,0.79
2010/04/06,16.23,1189.44,0.17
2010/04/07,16.62,1182.45,-0.59
2010/04/08,16.48,1186.44,0.34
2010/04/09,16.14,1194.37,0.67
2010/04/12,15.58,1196.48,0.18
2010/04/13,16.2,1197.3,0.07
2010/04/14,15.59,1210.65,1.12
2010/04/15,15.89,1211.67,0.08
2010/04/16,18.36,1192.13,-1.61
2010/04/19,17.34,1197.52,0.45
2010/04/20,15.73,1207.17,0.81
2010/04/21,16.32,1205.94,-0.1
2010/04/22,16.47,1208.67,0.23
2010/04/23,16.62,1217.28,0.71
2010/04/26,17.47,1212.05,-0.43
2010/04/27,22.81,1183.71,-2.34
2010/04/28,21.08,1191.36,0.65
2010/04/29,18.44,1206.78,1.29
2010/04/30,22.05,1186.69,-1.66
2010/05/01,32.07,,
2010/05/03,20.19,1202.26,1.31
2010/05/04,23.84,1173.6,-2.38
2010/05/05,24.91,1165.87,-0.66
2010/05/06,32.8,1128.15,-3.24
2010/05/07,40.95,1110.88,-1.53
2010/05/10,28.84,1159.73,4.4
2010/05/11,28.32,1155.79,-0.34
2010/05/12,25.52,1171.67,1.37
2010/05/13,26.68,1157.44,-1.21
2010/05/14,31.24,1135.68,-1.88
2010/05/17,30.84,1136.94,0.11
2010/05/18,33.55,1120.8,-1.42
2010/05/19,35.32,1115.05,-0.51
2010/05/20,45.79,1071.59,-3.9
2010/05/21,40.1,1087.69,1.5
2010/05/24,38.32,1073.65,-1.29
2010/05/25,34.61,1074.03,0.04
2010/05/26,35.02,1067.95,-0.57
2010/05/27,29.68,1103.06,3.29
2010/05/28,32.07,1089.41,-1.24
2010/06/01,35.54,1070.71,-1.72
2010/06/02,30.17,1098.38,2.58
2010/06/03,29.46,1102.83,0.41
2010/06/04,35.48,1064.88,-3.44
2010/06/07,36.57,1050.47,-1.35
2010/06/08,33.7,1062,1.1
2010/06/09,33.73,1055.69,-0.59
2010/06/10,30.57,1086.84,2.95
2010/06/11,28.79,1091.6,0.44
2010/06/14,28.58,1089.63,-0.18
2010/06/15,25.87,1115.23,2.35
2010/06/16,25.92,1114.61,-0.06
2010/06/17,25.05,1116.04,0.13
2010/06/18,23.95,1117.51,0.13
2010/06/21,24.88,1113.2,-0.39
2010/06/22,27.05,1095.31,-1.61
2010/06/23,26.91,1092.04,-0.3
2010/06/24,29.74,1073.69,-1.68
2010/06/25,28.53,1076.76,0.29
2010/06/28,29,1074.57,-0.2
2010/06/29,34.13,1041.24,-3.1
2010/06/30,34.54,1030.71,-1.01
2010/07/01,32.86,1027.37,-0.32
2010/07/02,30.12,1022.58,-0.47
2010/07/06,29.65,1028.06,0.54
2010/07/07,26.84,1060.27,3.13
2010/07/08,25.71,1070.25,0.94
2010/07/09,24.98,1077.96,0.72
2010/07/12,24.43,1078.75,0.07
2010/07/13,24.56,1095.34,1.54
2010/07/14,24.89,1095.17,-0.02
2010/07/15,25.14,1096.48,0.12
2010/07/16,26.25,1064.88,-2.88
2010/07/19,25.97,1071.25,0.6
2010/07/20,23.93,1083.48,1.14
2010/07/21,25.64,1069.59,-1.28
2010/07/22,24.63,1093.67,2.25
2010/07/23,23.47,1102.66,0.82
2010/07/26,22.73,1115.01,1.12
2010/07/27,23.19,1113.84,-0.1
2010/07/28,24.25,1106.13,-0.69
2010/07/29,24.13,1101.53,-0.42
2010/07/30,23.5,1101.6,0.01
2010/08/01,26.05,,
2010/08/02,22.01,1125.86,2.2
2010/08/03,22.63,1120.46,-0.48
2010/08/04,22.21,1127.24,0.61
2010/08/05,22.1,1125.81,-0.13
2010/08/06,21.74,1121.64,-0.37
2010/08/09,22.14,1127.79,0.55
2010/08/10,22.37,1121.06,-0.6
2010/08/11,25.39,1089.47,-2.82
2010/08/12,25.73,1083.61,-0.54
2010/08/13,26.24,1079.25,-0.4
2010/08/16,26.1,1079.38,0.01
2010/08/17,24.33,1092.54,1.22
2010/08/18,24.59,1094.16,0.15
2010/08/19,26.44,1075.63,-1.69
2010/08/20,25.49,1071.69,-0.37
2010/08/23,25.66,1067.36,-0.4
2010/08/24,27.46,1051.87,-1.45
2010/08/25,26.7,1055.33,0.33
2010/08/26,27.37,1047.22,-0.77
2010/08/27,24.45,1064.59,1.66
2010/08/30,27.21,1048.92,-1.47
2010/08/31,26.05,1049.33,0.04
2010/09/01,23.89,1080.29,2.95
2010/09/02,23.19,1090.1,0.91
2010/09/03,21.31,1104.51,1.32
2010/09/07,23.8,1091.84,-1.15
2010/09/08,23.25,1098.87,0.64
2010/09/09,22.81,1104.18,0.48
2010/09/10,21.99,1109.55,0.49
2010/09/13,21.21,1121.9,1.11
2010/09/14,21.56,1121.1,-0.07
2010/09/15,22.1,1125.07,0.35
2010/09/16,21.72,1124.66,-0.04
2010/09/17,22.01,1125.59,0.08
2010/09/20,21.5,1142.71,1.52
2010/09/21,22.35,1139.78,-0.26
2010/09/22,22.51,1134.28,-0.48
2010/09/23,23.87,1124.83,-0.83
2010/09/24,21.71,1148.67,2.12
2010/09/27,22.54,1142.16,-0.57
2010/09/28,22.6,1147.7,0.49
2010/09/29,23.25,1144.73,-0.26
2010/09/30,23.7,1141.2,-0.31
2010/10/01,22.5,1146.24,0.44
2010/10/04,23.53,1137.03,-0.8
2010/10/05,21.76,1160.75,2.09
2010/10/06,21.49,1159.97,-0.07
2010/10/07,21.56,1158.06,-0.16
2010/10/08,20.71,1165.15,0.61
2010/10/11,18.96,1165.32,0.01
2010/10/12,18.93,1169.77,0.38
2010/10/13,19.07,1178.1,0.71
2010/10/14,19.88,1173.81,-0.36
2010/10/15,19.03,1176.19,0.2
2010/10/18,19.09,1184.71,0.72
2010/10/19,20.63,1165.9,-1.59
2010/10/20,19.79,1178.17,1.05
2010/10/21,19.27,1180.26,0.18
2010/10/22,18.78,1183.08,0.24
2010/10/25,19.85,1185.62,0.21
2010/10/26,20.22,1185.64,0
2010/10/27,20.71,1182.45,-0.27
2010/10/28,20.88,1183.78,0.11
2010/10/29,21.2,1183.26,-0.04
2010/11/01,21.83,1184.38,0.09
2010/11/02,21.57,1193.57,0.78
2010/11/03,19.56,1197.96,0.37
2010/11/04,18.52,1221.06,1.93
2010/11/05,18.26,1225.85,0.39
2010/11/08,18.29,1223.25,-0.21
2010/11/09,19.08,1213.4,-0.81
2010/11/10,18.47,1218.71,0.44
2010/11/11,18.64,1213.54,-0.42
2010/11/12,20.61,1199.21,-1.18
2010/11/15,20.2,1197.75,-0.12
2010/11/16,22.58,1178.34,-1.62
2010/11/17,21.76,1178.59,0.02
2010/11/18,18.75,1196.69,1.54
2010/11/19,18.04,1199.73,0.25
2010/11/22,18.37,1197.84,-0.16
2010/11/23,20.63,1180.73,-1.43
2010/11/24,19.56,1198.35,1.49
2010/11/26,22.22,1189.4,-0.75
2010/11/29,21.53,1187.76,-0.14
2010/11/30,23.54,1180.55,-0.61
2010/12/01,21.36,1206.07,2.16
2010/12/02,19.39,1221.53,1.28
2010/12/03,18.01,1224.71,0.26
2010/12/06,18.02,1223.12,-0.13
2010/12/07,17.99,1223.75,0.05
2010/12/08,17.74,1228.28,0.37
2010/12/09,17.25,1233,0.38
2010/12/10,17.61,1240.4,0.6
2010/12/13,17.55,1240.46,0
2010/12/14,17.61,1241.59,0.09
2010/12/15,17.94,1235.23,-0.51
2010/12/16,17.39,1242.87,0.62
2010/12/17,16.11,1243.91,0.08
2010/12/20,16.41,1247.08,0.25
2010/12/21,16.49,1254.6,0.6
2010/12/22,15.45,1258.84,0.34
2010/12/23,16.47,1256.77,-0.16
2010/12/27,17.67,1257.54,0.06
2010/12/28,17.52,1258.51,0.08
2010/12/29,17.28,1259.78,0.1
2010/12/30,17.52,1257.88,-0.15
2010/12/31,17.75,1257.64,-0.02
2011/01/01,19.53,,
2011/01/03,17.61,1271.87,1.13
2011/01/04,17.38,1270.2,-0.13
2011/01/05,17.02,1276.56,0.5
2011/01/06,17.4,1273.85,-0.21
2011/01/07,17.14,1271.5,-0.18
2011/01/10,17.54,1269.75,-0.14
2011/01/11,16.89,1274.48,0.37
2011/01/12,16.24,1285.96,0.9
2011/01/13,16.39,1283.76,-0.17
2011/01/14,15.46,1293.24,0.74
2011/01/18,15.87,1295.02,0.14
2011/01/19,17.31,1281.92,-1.01
2011/01/20,17.99,1280.26,-0.13
2011/01/21,18.47,1283.35,0.24
2011/01/24,17.65,1290.84,0.58
2011/01/25,17.59,1291.18,0.03
2011/01/26,16.64,1296.63,0.42
2011/01/27,16.15,1299.54,0.22
2011/01/28,20.04,1276.34,-1.79
2011/01/31,19.53,1286.12,0.77
2011/02/01,17.63,1307.59,1.67
2011/02/02,17.3,1304.03,-0.27
2011/02/03,16.69,1307.1,0.24
2011/02/04,15.93,1310.87,0.29
2011/02/07,16.28,1319.05,0.62
2011/02/08,15.81,1324.57,0.42
2011/02/09,15.87,1320.88,-0.28
2011/02/10,16.09,1321.87,0.07
2011/02/11,15.69,1329.15,0.55
2011/02/14,15.95,1332.32,0.24
2011/02/15,16.37,1328.01,-0.32
2011/02/16,16.72,1336.32,0.63
2011/02/17,16.59,1340.43,0.31
2011/02/18,16.43,1343.01,0.19
2011/02/22,20.8,1315.44,-2.05
2011/02/23,22.13,1307.4,-0.61
2011/02/24,21.32,1306.1,-0.1
2011/02/25,19.22,1319.88,1.06
2011/02/28,18.35,1327.22,0.56
2011/03/01,21.01,1306.33,-1.57
2011/03/02,20.7,1308.44,0.16
2011/03/03,18.6,1330.97,1.72
2011/03/04,19.06,1321.15,-0.74
2011/03/07,20.66,1310.13,-0.83
2011/03/08,19.82,1321.82,0.89
2011/03/09,20.22,1320.02,-0.14
2011/03/10,21.88,1295.11,-1.89
2011/03/11,20.08,1304.28,0.71
2011/03/14,21.13,1296.39,-0.6
2011/03/15,24.32,1281.87,-1.12
2011/03/16,29.4,1256.88,-1.95
2011/03/17,26.37,1273.72,1.34
2011/03/18,24.44,1279.21,0.43
2011/03/21,20.61,1298.38,1.5
2011/03/22,20.21,1293.77,-0.36
2011/03/23,19.17,1297.54,0.29
2011/03/24,18,1309.66,0.93
2011/03/25,17.91,1313.8,0.32
2011/03/28,19.44,1310.19,-0.27
2011/03/29,18.16,1319.44,0.71
2011/03/30,17.71,1328.26,0.67
2011/03/31,17.74,1325.83,-0.18
2011/04/01,17.4,1332.41,0.5
2011/04/04,17.5,1332.87,0.03
2011/04/05,17.25,1332.63,-0.02
2011/04/06,16.9,1335.54,0.22
2011/04/07,17.11,1333.51,-0.15
2011/04/08,17.87,1328.17,-0.4
2011/04/11,16.59,1324.46,-0.28
2011/04/12,17.09,1314.16,-0.78
2011/04/13,16.92,1314.41,0.02
2011/04/14,16.27,1314.52,0.01
2011/04/15,15.32,1319.68,0.39
2011/04/18,16.96,1305.14,-1.1
2011/04/19,15.83,1312.62,0.57
2011/04/20,15.07,1330.36,1.35
2011/04/21,14.69,1337.38,0.53
2011/04/25,15.77,1335.25,-0.16
2011/04/26,15.62,1347.24,0.9
2011/04/27,15.35,1355.66,0.62
2011/04/28,14.62,1360.48,0.36
2011/04/29,14.75,1363.61,0.23
2011/05/01,15.45,,
2011/05/02,15.99,1361.22,-0.18
2011/05/03,16.7,1356.62,-0.34
2011/05/04,17.08,1347.32,-0.69
2011/05/05,18.2,1335.1,-0.91
2011/05/06,18.4,1340.2,0.38
2011/05/09,17.16,1346.29,0.45
2011/05/10,15.91,1357.16,0.81
2011/05/11,16.95,1342.08,-1.11
2011/05/12,16.03,1348.65,0.49
2011/05/13,17.07,1337.77,-0.81
2011/05/16,18.24,1329.47,-0.62
2011/05/17,17.55,1328.98,-0.04
2011/05/18,16.23,1340.68,0.88
2011/05/19,15.52,1343.6,0.22
2011/05/20,17.43,1333.27,-0.77
2011/05/23,18.27,1317.37,-1.19
2011/05/24,17.82,1316.28,-0.08
2011/05/25,17.07,1320.47,0.32
2011/05/26,16.09,1325.69,0.4
2011/05/27,15.98,1331.1,0.41
2011/05/31,15.45,1345.2,1.06
2011/06/01,18.3,1314.55,-2.28
2011/06/02,18.09,1312.94,-0.12
2011/06/03,17.95,1300.16,-0.97
2011/06/06,18.49,1286.17,-1.08
2011/06/07,18.07,1284.94,-0.1
2011/06/08,18.79,1279.56,-0.42
2011/06/09,17.77,1289,0.74
2011/06/10,18.86,1270.98,-1.4
2011/06/13,19.61,1271.83,0.07
2011/06/14,18.26,1287.87,1.26
2011/06/15,21.32,1265.42,-1.74
2011/06/16,22.73,1267.64,0.18
2011/06/17,21.85,1271.5,0.3
2011/06/20,19.99,1278.36,0.54
2011/06/21,18.86,1295.52,1.34
2011/06/22,18.52,1287.14,-0.65
2011/06/23,19.29,1283.5,-0.28
2011/06/24,21.1,1268.45,-1.17
2011/06/27,20.56,1280.1,0.92
2011/06/28,19.17,1296.67,1.29
2011/06/29,17.27,1307.41,0.83
2011/06/30,16.52,1320.64,1.01
2011/07/01,15.87,1339.67,1.44
2011/07/05,16.06,1337.88,-0.13
2011/07/06,16.34,1339.22,0.1
2011/07/07,15.95,1353.22,1.05
2011/07/08,15.95,1343.8,-0.7
2011/07/11,18.39,1319.49,-1.81
2011/07/12,19.87,1313.64,-0.44
2011/07/13,19.91,1317.72,0.31
2011/07/14,20.8,1308.87,-0.67
2011/07/15,19.53,1316.14,0.56
2011/07/18,20.95,1305.44,-0.81
2011/07/19,19.21,1326.73,1.63
2011/07/20,19.09,1325.84,-0.07
2011/07/21,17.56,1343.8,1.35
2011/07/22,17.52,1345.02,0.09
2011/07/25,19.35,1337.43,-0.56
2011/07/26,20.23,1331.94,-0.41
2011/07/27,22.98,1304.89,-2.03
2011/07/28,23.74,1300.67,-0.32
2011/07/29,25.25,1292.28,-0.65
2011/08/01,23.66,1286.94,-0.41
2011/08/02,24.79,1254.05,-2.56
2011/08/03,23.38,1260.34,0.5
2011/08/04,31.66,1200.07,-4.78
2011/08/05,32,1199.38,-0.06
2011/08/08,48,1119.46,-6.66
2011/08/09,35.06,1172.53,4.74
2011/08/10,42.99,1120.76,-4.42
2011/08/11,39,1172.64,4.63
2011/08/12,36.36,1178.81,0.53
2011/08/15,31.87,1204.49,2.18
2011/08/16,32.85,1192.76,-0.97
2011/08/17,31.58,1193.89,0.09
2011/08/18,42.67,1140.65,-4.46
2011/08/19,43.05,1123.53,-1.5
2011/08/22,42.44,1123.82,0.03
2011/08/23,36.27,1162.35,3.43
2011/08/24,35.9,1177.6,1.31
2011/08/25,39.76,1159.27,-1.56
2011/08/26,35.59,1176.8,1.51
2011/08/29,32.28,1210.08,2.83
2011/08/30,32.89,1212.92,0.23
2011/08/31,31.62,1218.89,0.49
2011/09/01,31.82,1204.42,-1.19
2011/09/02,33.92,1173.97,-2.53
2011/09/06,37,1165.24,-0.74
2011/09/07,33.38,1198.62,2.86
2011/09/08,34.32,1185.9,-1.06
2011/09/09,38.52,1154.23,-2.67
2011/09/12,38.59,1162.27,0.7
2011/09/13,36.91,1172.87,0.91
2011/09/14,34.6,1188.68,1.35
2011/09/15,31.97,1209.11,1.72
2011/09/16,30.98,1216.01,0.57
2011/09/19,32.73,1204.09,-0.98
2011/09/20,32.86,1202.09,-0.17
2011/09/21,37.32,1166.76,-2.94
2011/09/22,41.35,1129.56,-3.19
2011/09/23,41.25,1136.43,0.61
2011/09/26,39.02,1162.95,2.33
2011/09/27,37.71,1175.38,1.07
2011/09/28,41.08,1151.06,-2.07
2011/09/29,38.84,1160.4,0.81
2011/09/30,42.96,1131.42,-2.5
2011/10/01,29.96,,
2011/10/03,45.45,1099.23,-2.85
2011/10/04,40.82,1123.95,2.25
2011/10/05,37.81,1144.03,1.79
2011/10/06,36.27,1164.97,1.83
2011/10/07,36.2,1155.46,-0.82
2011/10/10,33.02,1194.89,3.41
2011/10/11,32.86,1195.54,0.05
2011/10/12,31.26,1207.25,0.98
2011/10/13,30.7,1203.66,-0.3
2011/10/14,28.24,1224.58,1.74
2011/10/17,33.39,1200.86,-1.94
2011/10/18,31.56,1225.38,2.04
2011/10/19,34.44,1209.88,-1.26
2011/10/20,34.78,1215.39,0.46
2011/10/21,31.32,1238.25,1.88
2011/10/24,29.26,1254.19,1.29
2011/10/25,32.22,1229.05,-2
2011/10/26,29.86,1242,1.05
2011/10/27,25.46,1284.59,3.43
2011/10/28,24.53,1285.09,0.04
2011/10/31,29.96,1253.3,-2.47
2011/11/01,34.77,1218.28,-2.79
2011/11/02,32.74,1237.9,1.61
2011/11/03,30.5,1261.15,1.88
2011/11/04,30.16,1253.23,-0.63
2011/11/07,29.85,1261.12,0.63
2011/11/08,27.48,1275.92,1.17
2011/11/09,36.16,1229.1,-3.67
2011/11/10,32.81,1239.7,0.86
2011/11/11,30.04,1263.85,1.95
2011/11/14,31.13,1251.78,-0.96
2011/11/15,31.22,1257.81,0.48
2011/11/16,33.51,1236.91,-1.66
2011/11/17,34.51,1216.13,-1.68
2011/11/18,32,1215.65,-0.04
2011/11/21,32.91,1192.98,-1.86
2011/11/22,31.97,1188.04,-0.41
2011/11/23,33.98,1161.79,-2.21
2011/11/25,34.47,1158.67,-0.27
2011/11/28,32.13,1192.55,2.92
2011/11/29,30.64,1195.19,0.22
2011/11/30,27.8,1246.96,4.33
2011/12/01,27.41,1244.58,-0.19
2011/12/02,27.52,1244.28,-0.02
2011/12/05,27.84,1257.08,1.03
2011/12/06,28.13,1258.47,0.11
2011/12/07,28.67,1261.01,0.2
2011/12/08,30.59,1234.35,-2.11
2011/12/09,26.38,1255.19,1.69
2011/12/12,25.67,1236.47,-1.49
2011/12/13,25.41,1225.73,-0.87
2011/12/14,26.04,1211.82,-1.13
2011/12/15,25.11,1215.75,0.32
2011/12/16,24.29,1219.66,0.32
2011/12/19,24.92,1205.35,-1.17
2011/12/20,23.22,1241.3,2.98
2011/12/21,21.43,1243.72,0.19
2011/12/22,21.16,1254,0.83
2011/12/23,20.73,1265.33,0.9
2011/12/27,21.91,1265.43,0.01
2011/12/28,23.52,1249.64,-1.25
2011/12/29,22.65,1263.02,1.07
2011/12/30,23.4,1257.6,-0.43
2012/01/01,19.44,,
2012/01/03,22.97,1277.06,1.55
2012/01/04,22.22,1277.3,0.02
2012/01/05,21.48,1281.06,0.29
2012/01/06,20.63,1277.81,-0.25
2012/01/09,21.07,1280.7,0.23
2012/01/10,20.69,1292.08,0.89
2012/01/11,21.05,1292.48,0.03
2012/01/12,20.47,1295.5,0.23
2012/01/13,20.91,1289.09,-0.49
2012/01/17,22.2,1293.67,0.36
2012/01/18,20.89,1308.04,1.11
2012/01/19,19.87,1314.5,0.49
2012/01/20,18.28,1315.38,0.07
2012/01/23,18.67,1316,0.05
2012/01/24,18.91,1314.65,-0.1
2012/01/25,18.31,1326.06,0.87
2012/01/26,18.57,1318.43,-0.58
2012/01/27,18.53,1316.33,-0.16
2012/01/30,19.4,1313.01,-0.25
2012/01/31,19.44,1312.41,-0.05
2012/02/01,18.55,1324.09,0.89
2012/02/02,17.98,1325.54,0.11
2012/02/03,17.1,1344.9,1.46
2012/02/06,17.76,1344.33,-0.04
2012/02/07,17.65,1347.05,0.2
2012/02/08,18.16,1349.96,0.22
2012/02/09,18.63,1351.95,0.15
2012/02/10,20.79,1342.64,-0.69
2012/02/13,19.04,1351.77,0.68
2012/02/14,19.54,1350.5,-0.09
2012/02/15,21.14,1343.23,-0.54
2012/02/16,19.22,1358.04,1.1
2012/02/17,17.78,1361.23,0.23
2012/02/21,18.19,1362.21,0.07
2012/02/22,18.19,1357.66,-0.33
2012/02/23,16.8,1363.46,0.43
2012/02/24,17.31,1365.74,0.17
2012/02/27,18.19,1367.59,0.14
2012/02/28,17.96,1372.18,0.34
2012/02/29,18.43,1365.68,-0.47
2012/03/01,17.26,1374.09,0.62
2012/03/02,17.29,1369.63,-0.32
2012/03/05,18.05,1364.33,-0.39
2012/03/06,20.87,1343.36,-1.54
2012/03/07,19.07,1352.63,0.69
2012/03/08,17.95,1365.91,0.98
2012/03/09,17.11,1370.87,0.36
2012/03/12,15.64,1371.09,0.02
2012/03/13,14.8,1395.95,1.81
2012/03/14,15.31,1394.28,-0.12
2012/03/15,15.42,1402.6,0.6
2012/03/16,14.47,1404.17,0.11
2012/03/19,15.04,1409.75,0.4
2012/03/20,15.58,1405.52,-0.3
2012/03/21,15.13,1402.89,-0.19
2012/03/22,15.57,1392.78,-0.72
2012/03/23,14.82,1397.11,0.31
2012/03/26,14.26,1416.51,1.39
2012/03/27,15.59,1412.52,-0.28
2012/03/28,15.47,1405.54,-0.49
2012/03/29,15.48,1403.28,-0.16
2012/03/30,15.5,1408.47,0.37
2012/04/01,17.15,,
2012/04/02,15.64,1419.04,0.75
2012/04/03,15.66,1413.38,-0.4
2012/04/04,16.44,1398.96,-1.02
2012/04/05,16.7,1398.08,-0.06
2012/04/09,18.81,1382.2,-1.14
2012/04/10,20.39,1358.59,-1.71
2012/04/11,20.02,1368.71,0.74
2012/04/12,17.2,1387.57,1.38
2012/04/13,19.55,1370.26,-1.25
2012/04/16,19.55,1369.57,-0.05
2012/04/17,18.46,1390.78,1.55
2012/04/18,18.64,1385.14,-0.41
2012/04/19,18.36,1376.92,-0.59
2012/04/20,17.44,1378.53,0.12
2012/04/23,18.97,1366.94,-0.84
2012/04/24,18.1,1371.97,0.37
2012/04/25,16.82,1390.69,1.36
2012/04/26,16.24,1399.98,0.67
2012/04/27,16.32,1403.36,0.24
2012/04/30,17.15,1397.91,-0.39
2012/05/01,16.6,1405.82,0.57
2012/05/02,16.88,1402.31,-0.25
2012/05/03,17.56,1391.57,-0.77
2012/05/04,19.16,1369.1,-1.61
2012/05/07,18.94,1369.58,0.04
2012/05/08,19.05,1363.72,-0.43
2012/05/09,20.08,1354.58,-0.67
2012/05/10,18.83,1357.99,0.25
2012/05/11,19.89,1353.39,-0.34
2012/05/14,21.87,1338.35,-1.11
2012/05/15,21.97,1330.66,-0.57
2012/05/16,22.27,1324.8,-0.44
2012/05/17,24.49,1304.86,-1.51
2012/05/18,25.1,1295.22,-0.74
2012/05/21,22.01,1315.99,1.6
2012/05/22,22.48,1316.63,0.05
2012/05/23,22.33,1318.86,0.17
2012/05/24,21.54,1320.68,0.14
2012/05/25,21.76,1317.82,-0.22
2012/05/29,21.03,1332.42,1.11
2012/05/30,24.14,1313.32,-1.43
2012/05/31,24.06,1310.33,-0.23
2012/06/01,26.66,1278.04,-2.46
2012/06/04,26.12,1278.18,0.01
2012/06/05,24.68,1285.5,0.57
2012/06/06,22.16,1315.13,2.3
2012/06/07,21.72,1314.99,-0.01
2012/06/08,21.23,1325.66,0.81
2012/06/11,23.56,1308.93,-1.26
2012/06/12,22.09,1324.18,1.17
2012/06/13,24.27,1314.88,-0.7
2012/06/14,21.68,1329.1,1.08
2012/06/15,21.11,1342.84,1.03
2012/06/18,18.32,1344.78,0.14
2012/06/19,18.38,1357.98,0.98
2012/06/20,17.24,1355.69,-0.17
2012/06/21,20.08,1325.51,-2.23
2012/06/22,18.11,1335.02,0.72
2012/06/25,20.38,1313.72,-1.6
2012/06/26,19.72,1319.99,0.48
2012/06/27,19.45,1331.85,0.9
2012/06/28,19.71,1329.04,-0.21
2012/06/29,17.08,1362.16,2.49
2012/07/01,18.93,,
2012/07/02,16.8,1365.51,0.25
2012/07/03,16.66,1374.02,0.62
2012/07/05,17.5,1367.58,-0.47
2012/07/06,17.1,1354.68,-0.94
2012/07/09,17.98,1352.46,-0.16
2012/07/10,18.72,1341.47,-0.81
2012/07/11,17.95,1341.45,0
2012/07/12,18.33,1334.76,-0.5
2012/07/13,16.74,1356.78,1.65
2012/07/16,17.11,1353.64,-0.23
2012/07/17,16.48,1363.67,0.74
2012/07/18,16.16,1372.78,0.67
2012/07/19,15.45,1376.51,0.27
2012/07/20,16.27,1362.66,-1.01
2012/07/23,18.62,1350.52,-0.89
2012/07/24,20.47,1338.31,-0.9
2012/07/25,19.34,1337.89,-0.03
2012/07/26,17.53,1360.02,1.65
2012/07/27,16.7,1385.97,1.91
2012/07/30,18.03,1385.3,-0.05
2012/07/31,18.93,1379.32,-0.43
2012/08/01,18.96,1375.32,-0.29
2012/08/02,17.57,1365,-0.75
2012/08/03,15.64,1390.99,1.9
2012/08/06,15.95,1394.23,0.23
2012/08/07,15.99,1401.35,0.51
2012/08/08,15.32,1402.22,0.06
2012/08/09,15.28,1402.8,0.04
2012/08/10,14.74,1405.87,0.22
2012/08/13,13.7,1404.11,-0.13
2012/08/14,14.85,1403.93,-0.01
2012/08/15,14.63,1405.53,0.11
2012/08/16,14.29,1415.51,0.71
2012/08/17,13.45,1418.16,0.19
2012/08/20,14.02,1418.13,0
2012/08/21,15.02,1413.17,-0.35
2012/08/22,15.11,1413.49,0.02
2012/08/23,15.96,1402.08,-0.81
2012/08/24,15.18,1411.13,0.65
2012/08/27,16.35,1410.44,-0.05
2012/08/28,16.49,1409.3,-0.08
2012/08/29,17.06,1410.49,0.08
2012/08/30,17.83,1399.48,-0.78
2012/08/31,17.47,1406.58,0.51
2012/09/01,15.73,1416.18,0.68
2012/09/04,17.98,1404.94,-0.12
2012/09/05,17.74,1403.44,-0.11
2012/09/06,15.6,1432.12,2.04
2012/09/07,14.38,1437.92,0.4
2012/09/10,16.28,1429.08,-0.61
2012/09/11,16.41,1433.56,0.31
2012/09/12,15.8,1436.56,0.21
2012/09/13,14.05,1459.99,1.63
2012/09/14,14.51,1465.77,0.4
2012/09/17,14.59,1461.19,-0.31
2012/09/18,14.18,1459.32,-0.13
2012/09/19,13.88,1461.05,0.12
2012/09/20,14.07,1460.26,-0.05
2012/09/21,13.98,1460.15,-0.01
2012/09/24,14.15,1456.89,-0.22
2012/09/25,15.43,1441.59,-1.05
2012/09/26,16.81,1433.32,-0.57
2012/09/27,14.84,1447.15,0.96
2012/09/28,15.73,1440.67,-0.45
2012/10/01,16.32,1444.49,0.27
2012/10/02,15.71,1445.75,0.09
2012/10/03,15.43,1450.99,0.36
2012/10/04,14.55,1461.4,0.72
2012/10/05,14.33,1460.93,-0.03
2012/10/08,15.11,1455.88,-0.35
2012/10/09,16.37,1441.48,-0.99
2012/10/10,16.29,1432.56,-0.62
2012/10/11,15.59,1432.84,0.02
2012/10/12,16.14,1428.59,-0.3
2012/10/15,15.27,1440.13,0.81
2012/10/16,15.22,1454.92,1.03
2012/10/17,15.07,1460.91,0.41
2012/10/18,15.03,1457.34,-0.24
2012/10/19,17.06,1433.19,-1.66
2012/10/22,16.62,1433.82,0.04
2012/10/23,18.83,1413.11,-1.44
2012/10/24,18.33,1408.75,-0.31
2012/10/25,18.12,1412.97,0.3
2012/10/26,17.81,1411.94,-0.07
2012/10/31,18.6,1412.16,0.02
2012/11/01,16.69,1427.59,1.09
2012/11/02,17.59,1414.2,-0.94
2012/11/05,18.42,1417.26,0.22
2012/11/06,17.58,1428.39,0.79
2012/11/07,19.08,1394.53,-2.37
2012/11/08,18.49,1377.51,-1.22
2012/11/09,18.61,1379.85,0.17
2012/11/12,16.68,1380.03,0.01
2012/11/13,16.65,1374.53,-0.4
2012/11/14,17.92,1355.49,-1.39
2012/11/15,17.99,1353.33,-0.16
2012/11/16,16.41,1359.88,0.48
2012/11/19,15.24,1386.89,1.99
2012/11/20,15.08,1387.81,0.07
2012/11/21,15.31,1391.03,0.23
2012/11/23,15.14,1409.15,1.3
2012/11/26,15.5,1406.29,-0.2
2012/11/27,15.92,1398.94,-0.52
2012/11/28,15.51,1409.93,0.79
2012/11/29,15.06,1415.95,0.43
2012/11/30,15.87,1416.18,0.02
2012/12/01,18.02,1514.68,6.96
2012/12/03,16.64,1409.46,-0.47
2012/12/04,17.12,1407.05,-0.17
2012/12/05,16.46,1409.28,0.16
2012/12/06,16.58,1413.94,0.33
2012/12/07,15.9,1418.07,0.29
2012/12/10,16.05,1418.55,0.03
2012/12/11,15.57,1427.84,0.65
2012/12/12,15.95,1428.48,0.04
2012/12/13,16.56,1419.45,-0.63
2012/12/14,17,1413.58,-0.41
2012/12/17,16.34,1430.36,1.19
2012/12/18,15.57,1446.79,1.15
2012/12/19,17.36,1435.81,-0.76
2012/12/20,17.67,1443.69,0.55
2012/12/21,17.84,1430.15,-0.94
2012/12/24,17.84,1426.66,-0.24
2012/12/26,19.48,1419.83,-0.48
2012/12/27,19.47,1418.1,-0.12
2012/12/28,22.72,1402.43,-1.1
2012/12/31,18.02,1426.19,1.69
2013/01/01,14.28,,
2013/01/02,14.68,1462.42,2.54
2013/01/03,14.56,1459.37,-0.21
2013/01/04,13.83,1466.47,0.49
2013/01/07,13.79,1461.89,-0.31
2013/01/08,13.62,1457.15,-0.32
2013/01/09,13.81,1461.02,0.27
2013/01/10,13.49,1472.12,0.76
2013/01/11,13.36,1472.05,0
2013/01/14,13.52,1470.68,-0.09
2013/01/15,13.55,1472.34,0.11
2013/01/16,13.42,1472.63,0.02
2013/01/17,13.57,1480.94,0.56
2013/01/18,12.46,1485.98,0.34
2013/01/22,12.43,1492.56,0.44
2013/01/23,12.46,1494.81,0.15
2013/01/24,12.69,1494.82,0
2013/01/25,12.89,1502.96,0.54
2013/01/28,13.57,1500.18,-0.18
2013/01/29,13.31,1507.84,0.51
2013/01/30,14.32,1501.96,-0.39
2013/01/31,14.28,1498.11,-0.26
2013/02/01,12.9,1513.17,1.01
2013/02/04,14.67,1495.71,-1.15
2013/02/05,13.72,1511.29,1.04
2013/02/06,13.41,1512.12,0.05
2013/02/07,13.5,1509.39,-0.18
2013/02/08,13.02,1517.93,0.57
2013/02/11,12.94,1517.01,-0.06
2013/02/12,12.64,1519.43,0.16
2013/02/13,12.98,1520.33,0.06
2013/02/14,12.66,1521.38,0.07
2013/02/15,12.46,1519.79,-0.1
2013/02/19,12.31,1530.94,0.73
2013/02/20,14.68,1511.95,-1.24
2013/02/21,15.22,1502.42,-0.63
2013/02/22,14.17,1515.6,0.88
2013/02/25,18.99,1487.85,-1.83
2013/02/26,16.87,1496.94,0.61
2013/02/27,14.73,1515.99,1.27
2013/02/28,15.51,1514.68,-0.09
2013/03/01,15.36,1518.2,0.23
2013/03/04,14.01,1525.2,0.46
2013/03/05,13.48,1539.79,0.96
2013/03/06,13.53,1541.46,0.11
2013/03/07,13.06,1544.26,0.18
2013/03/08,12.59,1551.18,0.45
2013/03/11,11.56,1556.22,0.32
2013/03/12,12.27,1552.48,-0.24
2013/03/13,11.83,1554.52,0.13
2013/03/14,11.3,1563.23,0.56
2013/03/15,11.3,1560.7,-0.16
2013/03/18,13.36,1552.1,-0.55
2013/03/19,14.39,1548.34,-0.24
2013/03/20,12.67,1558.71,0.67
2013/03/21,13.99,1545.8,-0.83
2013/03/22,13.57,1556.89,0.72
2013/03/25,13.74,1551.69,-0.33
2013/03/26,12.77,1563.77,0.78
2013/03/27,13.15,1562.85,-0.06
2013/03/28,12.7,1569.19,0.41
2013/04/01,13.58,1562.17,-0.45
2013/04/02,12.78,1570.25,0.52
2013/04/03,14.21,1553.69,-1.05
2013/04/04,13.89,1559.98,0.4
2013/04/05,13.92,1553.28,-0.43
2013/04/08,13.19,1563.07,0.63
2013/04/09,12.84,1568.61,0.35
2013/04/10,12.36,1587.73,1.22
2013/04/11,12.24,1593.37,0.36
2013/04/12,12.06,1588.85,-0.28
2013/04/15,17.27,1552.36,-2.3
2013/04/16,13.96,1574.57,1.43
2013/04/17,16.51,1552.01,-1.43
2013/04/18,17.56,1541.61,-0.67
2013/04/19,14.97,1555.25,0.88
2013/04/22,14.39,1562.5,0.47
2013/04/23,13.48,1578.78,1.04
2013/04/24,13.61,1578.79,0
2013/04/25,13.62,1585.16,0.4
2013/04/26,13.61,1582.24,-0.18
2013/04/29,13.71,1593.61,0.72
2013/04/30,13.52,1597.57,0.25
2013/05/01,14.49,1582.7,-0.93
2013/05/02,13.59,1597.59,0.94
2013/05/03,12.85,1614.42,1.05
2013/05/06,12.66,1617.5,0.19
2013/05/07,12.83,1625.96,0.52
2013/05/08,12.66,1632.69,0.41
2013/05/09,13.13,1626.67,-0.37
2013/05/10,12.59,1633.7,0.43
2013/05/13,12.55,1633.77,0
2013/05/14,12.77,1650.34,1.01
2013/05/15,12.81,1658.78,0.51
2013/05/16,13.07,1650.47,-0.5
2013/05/17,12.45,1667.47,1.03
2013/05/20,13.02,1666.29,-0.07
2013/05/21,13.37,1669.16,0.17
2013/05/22,13.82,1655.35,-0.83
2013/05/23,14.07,1650.51,-0.29
2013/05/24,13.99,1649.6,-0.06
2013/05/28,14.48,1660.06,0.63
2013/05/29,14.83,1648.36,-0.7
2013/05/30,14.53,1654.41,0.37
2013/05/31,16.3,1630.74,-1.43
2013/06/01,16.86,1632.97,0.14
2013/06/03,16.28,1640.42,0.59
2013/06/04,16.27,1631.38,-0.55
2013/06/05,17.5,1608.9,-1.38
2013/06/06,16.63,1622.56,0.85
2013/06/07,15.14,1643.38,1.28
2013/06/10,15.44,1642.81,-0.03
2013/06/11,17.07,1626.13,-1.02
2013/06/12,18.59,1612.52,-0.84
2013/06/13,16.41,1636.36,1.48
2013/06/14,17.15,1626.73,-0.59
2013/06/17,16.8,1639.04,0.76
2013/06/18,16.61,1651.81,0.78
2013/06/19,16.64,1628.93,-1.39
2013/06/20,20.49,1588.19,-2.5
2013/06/21,18.9,1592.43,0.27
2013/06/24,20.11,1573.09,-1.21
2013/06/25,18.47,1588.03,0.95
2013/06/26,17.21,1603.26,0.96
2013/06/27,16.86,1613.2,0.62
2013/06/28,16.86,1606.28,-0.43
2013/07/01,16.37,1614.96,0.54
2013/07/02,16.44,1614.08,-0.05
2013/07/03,16.2,1615.41,0.08
2013/07/05,14.89,1631.89,1.02
2013/07/08,14.78,1640.46,0.53
2013/07/09,14.35,1652.32,0.72
2013/07/10,14.21,1652.62,0.02
2013/07/11,14.01,1675.02,1.36
2013/07/12,13.84,1680.19,0.31
2013/07/15,13.79,1682.5,0.14
2013/07/16,14.42,1676.26,-0.37
2013/07/17,13.78,1680.91,0.28
2013/07/18,13.77,1689.37,0.5
2013/07/19,12.54,1692.09,0.16
2013/07/22,12.29,1695.53,0.2
2013/07/23,12.66,1692.39,-0.19
2013/07/24,13.18,1685.94,-0.38
2013/07/25,12.97,1690.25,0.26
2013/07/26,12.72,1691.65,0.08
2013/07/29,13.39,1685.33,-0.37
2013/07/30,13.39,1685.96,0.04
2013/07/31,13.45,1685.73,-0.01
2013/08/01,12.94,1706.87,1.25
2013/08/02,11.98,1709.67,0.16
2013/08/05,11.84,1707.14,-0.15
2013/08/06,12.72,1697.37,-0.57
2013/08/07,12.98,1690.91,-0.38
2013/08/08,12.73,1697.48,0.39
2013/08/09,13.41,1691.42,-0.36
2013/08/12,12.81,1689.47,-0.12
2013/08/13,12.31,1694.16,0.28
2013/08/14,13.04,1685.39,-0.52
2013/08/15,14.73,1661.32,-1.43
2013/08/16,14.37,1655.83,-0.33
2013/08/19,15.1,1646.06,-0.59
2013/08/20,14.91,1652.35,0.38
2013/08/21,15.94,1642.8,-0.58
2013/08/22,14.76,1656.96,0.86
2013/08/23,13.98,1663.5,0.39
2013/08/26,14.99,1656.78,-0.4
2013/08/27,16.77,1630.48,-1.59
2013/08/28,16.49,1634.96,0.27
2013/08/29,16.81,1638.17,0.2
2013/08/30,17.01,1632.97,-0.32
2013/09/01,16.6,1805.81,10.58
2013/09/03,16.61,1639.77,0.42
2013/09/04,15.88,1653.08,0.81
2013/09/05,15.77,1655.08,0.12
2013/09/06,15.85,1655.17,0.01
2013/09/09,15.63,1671.71,1
2013/09/10,14.53,1683.99,0.73
2013/09/11,13.82,1689.13,0.31
2013/09/12,14.29,1683.42,-0.34
2013/09/13,14.16,1687.99,0.27
2013/09/16,14.38,1697.6,0.57
2013/09/17,14.53,1704.76,0.42
2013/09/18,13.59,1725.52,1.22
2013/09/19,13.16,1722.34,-0.18
2013/09/20,13.12,1709.91,-0.72
2013/09/23,14.31,1701.84,-0.47
2013/09/24,14.08,1697.42,-0.26
2013/09/25,14.01,1692.77,-0.27
2013/09/26,14.06,1698.67,0.35
2013/09/27,15.46,1691.75,-0.41
2013/09/30,16.6,1681.55,-0.6
2013/10/01,15.54,1695,0.8
2013/10/02,16.6,1693.87,-0.07
2013/10/03,17.67,1678.66,-0.9
2013/10/04,16.74,1690.5,0.71
2013/10/07,19.41,1676.12,-0.85
2013/10/08,20.34,1655.45,-1.23
2013/10/09,19.6,1656.4,0.06
2013/10/10,16.48,1692.56,2.18
2013/10/11,15.72,1703.2,0.63
2013/10/14,16.07,1710.14,0.41
2013/10/15,18.66,1698.06,-0.71
2013/10/16,14.71,1721.54,1.38
2013/10/17,13.48,1733.15,0.67
2013/10/18,13.04,1744.5,0.65
2013/10/21,13.16,1744.66,0.01
2013/10/22,13.33,1754.67,0.57
2013/10/23,13.42,1746.38,-0.47
2013/10/24,13.2,1752.07,0.33
2013/10/25,13.09,1759.77,0.44
2013/10/28,13.31,1762.11,0.13
2013/10/29,13.41,1771.95,0.56
2013/10/30,13.65,1763.31,-0.49
2013/10/31,13.75,1756.54,-0.38
2013/11/01,13.28,1761.64,0.29
2013/11/04,12.93,1767.93,0.36
2013/11/05,13.27,1762.97,-0.28
2013/11/06,12.67,1770.49,0.43
2013/11/07,13.91,1747.15,-1.32
2013/11/08,12.9,1770.61,1.34
2013/11/11,12.53,1771.89,0.07
2013/11/12,12.82,1767.69,-0.24
2013/11/13,12.52,1782,0.81
2013/11/14,12.37,1790.62,0.48
2013/11/15,12.19,1798.18,0.42
2013/11/18,13.1,1791.53,-0.37
2013/11/19,13.39,1787.87,-0.2
2013/11/20,13.4,1781.37,-0.36
2013/11/21,12.66,1795.85,0.81
2013/11/22,12.26,1804.76,0.5
2013/11/25,12.79,1802.48,-0.13
2013/11/26,12.81,1802.75,0.01
2013/11/27,12.98,1807.23,0.25
2013/11/29,13.7,1805.81,-0.08
2013/12/01,13.72,1859.45,2.97
2013/12/02,14.23,1800.9,-0.27
2013/12/03,14.55,1795.15,-0.32
2013/12/04,14.7,1792.81,-0.13
2013/12/05,15.08,1785.03,-0.43
2013/12/06,13.79,1805.09,1.12
2013/12/09,13.49,1808.37,0.18
2013/12/10,13.91,1802.62,-0.32
2013/12/11,15.42,1782.22,-1.13
2013/12/12,15.54,1775.5,-0.38
2013/12/13,15.76,1775.32,-0.01
2013/12/16,16.03,1786.54,0.63
2013/12/17,16.21,1781,-0.31
2013/12/18,13.8,1810.65,1.66
2013/12/19,14.15,1809.6,-0.06
2013/12/20,13.79,1818.32,0.48
2013/12/23,13.04,1827.99,0.53
2013/12/24,12.48,1833.32,0.29
2013/12/26,12.33,1842.02,0.47
2013/12/27,12.46,1841.4,-0.03
2013/12/30,13.56,1841.07,-0.02
2013/12/31,13.72,1848.36,0.4
2014/01/01,18.41,,
2014/01/02,14.23,1831.98,-0.89
2014/01/03,13.76,1831.37,-0.03
2014/01/06,13.55,1826.77,-0.25
2014/01/07,12.92,1837.88,0.61
2014/01/08,12.87,1837.49,-0.02
2014/01/09,12.89,1838.13,0.03
2014/01/10,12.14,1842.37,0.23
2014/01/13,13.28,1819.2,-1.26
2014/01/14,12.28,1838.88,1.08
2014/01/15,12.28,1848.38,0.52
2014/01/16,12.53,1845.89,-0.13
2014/01/17,12.44,1838.7,-0.39
2014/01/21,12.87,1843.8,0.28
2014/01/22,12.84,1844.86,0.06
2014/01/23,13.77,1828.46,-0.89
2014/01/24,18.14,1790.29,-2.09
2014/01/27,17.42,1781.56,-0.49
2014/01/28,15.8,1792.5,0.61
2014/01/29,17.35,1774.2,-1.02
2014/01/30,17.29,1794.19,1.13
2014/01/31,18.41,1782.59,-0.65
2014/02/01,14,,
2014/02/03,21.44,1741.89,-2.28
2014/02/04,19.11,1755.2,0.76
2014/02/05,19.95,1751.64,-0.2
2014/02/06,17.23,1773.43,1.24
2014/02/07,15.29,1797.02,1.33
2014/02/10,15.26,1799.84,0.16
2014/02/11,14.51,1819.75,1.11
2014/02/12,14.3,1819.26,-0.03
2014/02/13,14.14,1829.83,0.58
2014/02/14,13.57,1838.63,0.48
2014/02/18,13.87,1840.76,0.12
2014/02/19,15.5,1828.75,-0.65
2014/02/20,14.79,1839.78,0.6
2014/02/21,14.68,1836.25,-0.19
2014/02/24,14.23,1847.61,0.62
2014/02/25,13.67,1845.12,-0.13
2014/02/26,14.35,1845.16,0
2014/02/27,14.04,1854.29,0.49
2014/02/28,14,1859.45,0.28
2014/03/01,13.88,1923.57,3.45
2014/03/03,16,1845.73,-0.74
2014/03/04,14.1,1873.91,1.53
2014/03/05,13.89,1873.81,-0.01
2014/03/06,14.21,1877.03,0.17
2014/03/07,14.11,1878.04,0.05
2014/03/10,14.2,1877.17,-0.05
2014/03/11,14.8,1867.63,-0.51
2014/03/12,14.47,1868.2,0.03
2014/03/13,16.22,1846.34,-1.17
2014/03/14,17.82,1841.13,-0.28
2014/03/17,15.64,1858.83,0.96
2014/03/18,14.52,1872.25,0.72
2014/03/19,15.12,1860.77,-0.61
2014/03/20,14.52,1872.01,0.6
2014/03/21,15,1866.52,-0.29
2014/03/24,15.09,1857.44,-0.49
2014/03/25,14.02,1865.62,0.44
2014/03/26,14.93,1852.56,-0.7
2014/03/27,14.62,1849.04,-0.19
2014/03/28,14.41,1857.62,0.46
2014/03/31,13.88,1872.34,0.79
2014/04/01,13.1,1885.52,0.7
2014/04/02,13.09,1890.9,0.29
2014/04/03,13.37,1888.77,-0.11
2014/04/04,13.96,1865.09,-1.25
2014/04/07,15.57,1845.04,-1.08
2014/04/08,14.89,1851.96,0.38
2014/04/09,13.82,1872.18,1.09
2014/04/10,15.89,1833.08,-2.09
2014/04/11,17.03,1815.69,-0.95
2014/04/14,16.11,1830.61,0.82
2014/04/15,15.61,1842.98,0.68
2014/04/16,14.18,1862.31,1.05
2014/04/17,13.36,1864.85,0.14
2014/04/21,13.25,1871.89,0.38
2014/04/22,13.19,1879.55,0.41
2014/04/23,13.27,1875.39,-0.22
2014/04/24,13.32,1878.61,0.17
2014/04/25,14.06,1863.4,-0.81
2014/04/28,13.97,1869.43,0.32
2014/04/29,13.71,1878.33,0.48
2014/04/30,13.41,1883.95,0.3
2014/05/01,13.25,1883.68,-0.01
2014/05/02,12.91,1881.14,-0.13
2014/05/05,13.29,1884.66,0.19
2014/05/06,13.8,1867.72,-0.9
2014/05/07,13.4,1878.21,0.56
2014/05/08,13.43,1875.63,-0.14
2014/05/09,12.92,1878.48,0.15
2014/05/12,12.23,1896.65,0.97
2014/05/13,12.13,1897.45,0.04
2014/05/14,12.17,1888.53,-0.47
2014/05/15,13.17,1870.85,-0.94
2014/05/16,12.44,1877.86,0.37
2014/05/19,12.42,1885.08,0.38
2014/05/20,12.96,1872.83,-0.65
2014/05/21,11.91,1888.03,0.81
2014/05/22,12.03,1892.49,0.24
2014/05/23,11.36,1900.53,0.42
2014/05/27,11.51,1911.91,0.6
2014/05/28,11.68,1909.78,-0.11
2014/05/29,11.57,1920.03,0.54
2014/05/30,11.4,1923.57,0.18
2014/06/01,11.57,2003.37,4.15
2014/06/02,11.58,1924.97,0.07
2014/06/03,11.87,1924.24,-0.04
2014/06/04,12.08,1927.88,0.19
2014/06/05,11.68,1940.46,0.65
2014/06/06,10.73,1949.44,0.46
2014/06/09,11.15,1951.27,0.09
2014/06/10,10.99,1950.79,-0.02
2014/06/11,11.6,1943.89,-0.35
2014/06/12,12.56,1930.11,-0.71
2014/06/13,12.18,1936.16,0.31
2014/06/16,12.65,1937.78,0.08
2014/06/17,12.06,1941.99,0.22
2014/06/18,10.61,1956.98,0.77
2014/06/19,10.62,1959.48,0.13
2014/06/20,10.85,1962.87,0.17
2014/06/23,10.98,1962.61,-0.01
2014/06/24,12.13,1949.98,-0.64
2014/06/25,11.59,1959.53,0.49
2014/06/26,11.63,1957.22,-0.12
2014/06/27,11.26,1960.96,0.19
2014/06/30,11.57,1960.23,-0.04
2014/07/01,11.15,1973.32,0.67
2014/07/02,10.82,1974.62,0.07
2014/07/03,10.32,1985.44,0.55
2014/07/07,11.33,1977.65,-0.39
2014/07/08,11.98,1963.71,-0.7
2014/07/09,11.65,1972.83,0.46
2014/07/10,12.59,1964.68,-0.41
2014/07/11,12.08,1967.57,0.15
2014/07/14,11.82,1977.1,0.48
2014/07/15,11.96,1973.28,-0.19
2014/07/16,11,1981.57,0.42
2014/07/17,14.54,1958.12,-1.18
2014/07/18,12.06,1978.22,1.03
2014/07/21,12.81,1973.63,-0.23
2014/07/22,12.24,1983.53,0.5
2014/07/23,11.52,1987.01,0.18
2014/07/24,11.84,1987.98,0.05
2014/07/25,12.69,1978.34,-0.48
2014/07/28,12.56,1978.91,0.03
2014/07/29,13.28,1969.95,-0.45
2014/07/30,13.33,1970.07,0.01
2014/07/31,16.95,1930.67,-2
2014/08/01,17.03,1925.15,-0.29
2014/08/04,15.12,1938.99,0.72
2014/08/05,16.87,1920.21,-0.97
2014/08/06,16.37,1920.24,0
2014/08/07,16.66,1909.57,-0.56
2014/08/08,15.77,1931.59,1.15
2014/08/11,14.23,1936.92,0.28
2014/08/12,14.13,1933.75,-0.16
2014/08/13,12.9,1946.72,0.67
2014/08/14,12.42,1955.18,0.43
2014/08/15,13.15,1955.06,-0.01
2014/08/18,12.32,1971.74,0.85
2014/08/19,12.21,1981.6,0.5
2014/08/20,11.78,1986.51,0.25
2014/08/21,11.76,1992.37,0.29
2014/08/22,11.47,1988.4,-0.2
2014/08/25,11.7,1997.92,0.48
2014/08/26,11.63,2000.02,0.11
2014/08/27,11.78,2000.12,0
2014/08/28,12.05,1996.74,-0.17
2014/08/29,12.09,2003.37,0.33
2014/09/01,16.31,2067.56,3.2
2014/09/02,12.25,2002.28,-0.05
2014/09/03,12.36,2000.72,-0.08
2014/09/04,12.64,1997.65,-0.15
2014/09/05,12.09,2007.71,0.5
2014/09/08,12.66,2001.54,-0.31
2014/09/09,13.5,1988.44,-0.65
2014/09/10,12.88,1995.69,0.36
2014/09/11,12.8,1997.45,0.09
2014/09/12,13.31,1985.54,-0.6
2014/09/15,14.12,1984.13,-0.07
2014/09/16,12.73,1998.98,0.75
2014/09/17,12.65,2001.57,0.13
2014/09/18,12.03,2011.36,0.49
2014/09/19,12.11,2010.4,-0.05
2014/09/22,13.69,1994.29,-0.8
2014/09/23,14.93,1982.77,-0.58
2014/09/24,13.27,1998.3,0.78
2014/09/25,15.64,1965.99,-1.62
2014/09/26,14.85,1982.85,0.86
2014/09/29,15.98,1977.8,-0.25
2014/09/30,16.31,1972.29,-0.28
2014/10/01,16.71,1946.16,-1.32
2014/10/02,16.16,1946.17,0
2014/10/03,14.55,1967.9,1.12
2014/10/06,15.46,1964.82,-0.16
2014/10/07,17.2,1935.1,-1.51
2014/10/08,15.11,1968.89,1.75
2014/10/09,18.76,1928.21,-2.07
2014/10/10,21.24,1906.13,-1.15
2014/10/13,24.64,1874.74,-1.65
2014/10/14,22.79,1877.7,0.16
2014/10/15,25.27,1862.49,-0.81
2014/10/16,25.2,1862.76,0.01
2014/10/17,21.99,1886.76,1.29
2014/10/20,18.57,1904.01,0.91
2014/10/21,16.08,1941.28,1.96
2014/10/22,17.87,1927.11,-0.73
2014/10/23,16.53,1950.82,1.23
2014/10/24,16.11,1964.58,0.71
2014/10/27,16.04,1961.63,-0.15
2014/10/28,14.39,1985.05,1.19
2014/10/29,15.15,1982.3,-0.14
2014/10/30,14.52,1994.65,0.62
2014/10/31,14.03,2018.05,1.17
2014/11/01,13.33,,
2014/11/03,14.73,2017.81,-0.01
2014/11/04,14.89,2012.1,-0.28
2014/11/05,14.17,2023.57,0.57
2014/11/06,13.67,2031.21,0.38
2014/11/07,13.12,2031.92,0.03
2014/11/10,12.67,2038.26,0.31
2014/11/11,12.92,2039.68,0.07
2014/11/12,13.02,2038.25,-0.07
2014/11/13,13.79,2039.33,0.05
2014/11/14,13.31,2039.82,0.02
2014/11/17,13.99,2041.32,0.07
2014/11/18,13.86,2051.8,0.51
2014/11/19,13.96,2048.72,-0.15
2014/11/20,13.58,2052.75,0.2
2014/11/21,12.9,2063.5,0.52
2014/11/24,12.62,2069.41,0.29
2014/11/25,12.25,2067.03,-0.12
2014/11/26,12.07,2072.83,0.28
2014/11/28,13.33,2067.56,-0.25
2014/12/01,14.16,2053.44,-0.68
2014/12/02,12.85,2066.55,0.64
2014/12/03,12.5,2074.33,0.38
2014/12/04,12.38,2071.92,-0.12
2014/12/05,11.89,2075.37,0.17
2014/12/08,14.21,2060.31,-0.73
2014/12/09,15.35,2059.82,-0.02
2014/12/10,18.53,2026.14,-1.64
2014/12/11,20.08,2035.33,0.45
2014/12/12,21.08,2002.33,-1.62
2014/12/15,20.42,1989.63,-0.63
2014/12/16,23.57,1972.74,-0.85
2014/12/17,19.44,2012.89,2.04
2014/12/18,16.81,2061.23,2.4
2014/12/19,16.49,2070.65,0.46
2014/12/22,15.25,2078.54,0.38
2014/12/23,14.8,2082.17,0.17
2014/12/24,14.37,2081.88,-0.01
2014/12/26,14.5,2088.77,0.33
2014/12/29,15.06,2090.57,0.09
2014/12/30,15.92,2080.35,-0.49
2014/12/31,19.2,2058.9,-1.03
2015/01/01,20.97,,
2015/01/02,17.79,2058.2,-0.03
2015/01/05,19.92,2020.58,-1.83
2015/01/06,21.12,2002.61,-0.89
2015/01/07,19.31,2025.9,1.16
2015/01/08,17.01,2062.14,1.79
2015/01/09,17.55,2044.81,-0.84
2015/01/12,19.6,2028.26,-0.81
2015/01/13,20.56,2023.03,-0.26
2015/01/14,21.48,2011.27,-0.58
2015/01/15,22.39,1992.67,-0.92
2015/01/16,20.95,2019.42,1.34
2015/01/20,19.89,2022.55,0.15
2015/01/21,18.85,2032.12,0.47
2015/01/22,16.4,2063.15,1.53
2015/01/23,16.66,2051.82,-0.55
2015/01/26,15.52,2057.09,0.26
2015/01/27,17.22,2029.55,-1.34
2015/01/28,20.44,2002.16,-1.35
2015/01/29,18.76,2021.25,0.95
2015/01/30,20.97,1994.99,-1.3
2015/02/01,13.34,,
2015/02/02,19.43,2020.85,1.3
2015/02/03,17.33,2050.03,1.44
2015/02/04,18.33,2041.51,-0.42
2015/02/05,16.85,2062.52,1.03
2015/02/06,17.29,2055.47,-0.34
2015/02/09,18.55,2046.74,-0.42
2015/02/10,17.23,2068.59,1.07
2015/02/11,16.96,2068.53,0
2015/02/12,15.34,2088.48,0.96
2015/02/13,14.69,2096.99,0.41
2015/02/17,15.8,2100.34,0.16
2015/02/18,15.45,2099.68,-0.03
2015/02/19,15.29,2097.45,-0.11
2015/02/20,14.3,2110.3,0.61
2015/02/23,14.56,2109.66,-0.03
2015/02/24,13.69,2115.48,0.28
2015/02/25,13.84,2113.86,-0.08
2015/02/26,13.91,2110.74,-0.15
2015/02/27,13.34,2104.5,-0.3
2015/03/01,15.29,2107.39,0.14
2015/03/02,13.04,2117.39,0.61
2015/03/03,13.86,2107.78,-0.45
2015/03/04,14.23,2098.53,-0.44
2015/03/05,14.04,2101.04,0.12
2015/03/06,15.2,2071.26,-1.42
2015/03/09,15.06,2079.43,0.39
2015/03/10,16.69,2044.16,-1.7
2015/03/11,16.87,2040.24,-0.19
2015/03/12,15.42,2065.95,1.26
2015/03/13,16,2053.4,-0.61
2015/03/16,15.61,2081.19,1.35
2015/03/17,15.66,2074.28,-0.33
2015/03/18,13.97,2099.5,1.22
2015/03/19,14.07,2089.27,-0.49
2015/03/20,13.02,2108.1,0.9
2015/03/23,13.41,2104.42,-0.17
2015/03/24,13.62,2091.5,-0.61
2015/03/25,15.44,2061.05,-1.46
2015/03/26,15.8,2056.15,-0.24
2015/03/27,15.07,2061.02,0.24
2015/03/30,14.51,2086.24,1.22
2015/03/31,15.29,2067.89,-0.88
2015/04/01,15.11,2059.69,-0.4
2015/04/02,14.67,2066.96,0.35
2015/04/06,14.74,2080.62,0.66
2015/04/07,14.78,2076.33,-0.21
2015/04/08,13.98,2081.9,0.27
2015/04/09,13.09,2091.18,0.45
2015/04/10,12.58,2102.06,0.52
2015/04/13,13.94,2092.43,-0.46
2015/04/14,13.67,2095.84,0.16
2015/04/15,12.84,2106.63,0.51
2015/04/16,12.6,2104.99,-0.08
2015/04/17,13.89,2081.18,-1.13
2015/04/20,13.3,2100.4,0.92
2015/04/21,13.25,2097.29,-0.15
2015/04/22,12.71,2107.96,0.51
2015/04/23,12.48,2112.93,0.24
2015/04/24,12.29,2117.69,0.23
2015/04/27,13.12,2108.92,-0.41
2015/04/28,12.41,2114.76,0.28
2015/04/29,13.39,2106.85,-0.37
2015/04/30,14.55,2085.51,-1.01
2015/05/01,12.7,2108.29,1.09
2015/05/04,12.85,2114.49,0.29
2015/05/05,14.31,2089.46,-1.18
2015/05/06,15.15,2080.15,-0.45
2015/05/07,15.13,2088,0.38
2015/05/08,12.86,2116.1,1.35
2015/05/11,13.85,2105.33,-0.51
2015/05/12,13.86,2099.12,-0.29
2015/05/13,13.76,2098.48,-0.03
2015/05/14,12.74,2121.1,1.08
2015/05/15,12.38,2122.73,0.08
2015/05/18,12.73,2129.2,0.3
2015/05/19,12.85,2127.83,-0.06
2015/05/20,12.88,2125.85,-0.09
2015/05/21,12.11,2130.82,0.23
2015/05/22,12.13,2126.06,-0.22
2015/05/26,14.06,2104.2,-1.03
2015/05/27,13.27,2123.48,0.92
2015/05/28,13.31,2120.79,-0.13
2015/05/29,13.84,2107.39,-0.63
2015/06/01,13.97,2111.73,0.21
2015/06/02,14.24,2109.6,-0.1
2015/06/03,13.66,2114.07,0.21
2015/06/04,14.71,2095.84,-0.86
2015/06/05,14.21,2092.83,-0.14
2015/06/08,15.29,2079.28,-0.65
2015/06/09,14.47,2080.15,0.04
2015/06/10,13.22,2105.2,1.2
2015/06/11,12.85,2108.86,0.17
2015/06/12,13.78,2094.11,-0.7
2015/06/15,15.39,2084.43,-0.46
2015/06/16,14.81,2096.29,0.57
2015/06/17,14.5,2100.44,0.2
2015/06/18,13.19,2121.24,0.99
2015/06/19,13.96,2109.99,-0.53
2015/06/22,12.74,2122.85,0.61
2015/06/23,12.11,2124.2,0.06
2015/06/24,13.26,2108.58,-0.74
2015/06/25,14.01,2102.31,-0.3
2015/06/26,14.02,2101.49,-0.04
2015/06/29,18.85,2057.64,-2.09
2015/06/30,18.23,2063.11,0.27
2015/07/01,16.09,2077.42,0.69
2015/07/02,16.79,2076.78,-0.03
2015/07/06,17.01,2068.76,-0.39
2015/07/07,16.09,2081.34,0.61
2015/07/08,19.66,2046.68,-1.67
2015/07/09,19.97,2051.31,0.23
2015/07/10,16.83,2076.62,1.23
2015/07/13,13.9,2099.6,1.11
2015/07/14,13.37,2108.95,0.45
2015/07/15,13.23,2107.4,-0.07
2015/07/16,12.11,2124.29,0.8
2015/07/17,11.95,2126.64,0.11
2015/07/20,12.25,2128.28,0.08
2015/07/21,12.22,2119.21,-0.43
2015/07/22,12.12,2114.15,-0.24
2015/07/23,12.64,2102.15,-0.57
2015/07/24,13.74,2079.65,-1.07
2015/07/27,15.6,2067.64,-0.58
2015/07/28,13.44,2093.25,1.24
2015/07/29,12.5,2108.57,0.73
2015/07/30,12.13,2108.63,0
2015/07/31,12.12,2103.84,-0.23
2015/08/01,28.43,,
2015/08/03,12.56,2098.04,-0.28
2015/08/04,13,2093.32,-0.22
2015/08/05,12.51,2099.84,0.31
2015/08/06,13.77,2083.56,-0.78
2015/08/07,13.39,2077.57,-0.29
2015/08/10,12.23,2104.18,1.28
2015/08/11,13.71,2084.07,-0.96
2015/08/12,13.61,2086.05,0.1
2015/08/13,13.49,2083.39,-0.13
2015/08/14,12.83,2091.54,0.39
2015/08/17,13.02,2102.44,0.52
2015/08/18,13.79,2096.92,-0.26
2015/08/19,15.25,2079.61,-0.83
2015/08/20,19.14,2035.73,-2.11
2015/08/21,28.03,1970.89,-3.19
2015/08/24,40.74,1893.21,-3.94
2015/08/25,36.02,1867.61,-1.35
2015/08/26,30.32,1940.51,3.9
2015/08/27,26.1,1987.66,2.43
2015/08/28,26.05,1988.87,0.06
2015/08/31,28.43,1972.18,-0.84
2015/09/01,31.4,1913.85,-2.96
2015/09/02,26.09,1948.86,1.83
2015/09/03,25.61,1951.13,0.12
2015/09/04,27.8,1921.22,-1.53
2015/09/08,24.9,1969.41,2.51
2015/09/09,26.23,1942.04,-1.39
2015/09/10,24.37,1952.29,0.53
2015/09/11,23.2,1961.05,0.45
2015/09/14,24.25,1953.03,-0.41
2015/09/15,22.54,1978.09,1.28
2015/09/16,21.35,1995.31,0.87
2015/09/17,21.14,1990.2,-0.26
2015/09/18,22.28,1958.03,-1.62
2015/09/21,20.14,1966.97,0.46
2015/09/22,22.44,1942.74,-1.23
2015/09/23,22.13,1938.76,-0.2
2015/09/24,23.47,1932.24,-0.34
2015/09/25,23.62,1931.34,-0.05
2015/09/28,27.63,1881.77,-2.57
2015/09/29,26.83,1884.09,0.12
2015/09/30,24.5,1920.03,1.91
2015/10/01,22.55,1923.82,0.2
2015/10/02,20.94,1951.36,1.43
2015/10/05,19.54,1987.05,1.83
2015/10/06,19.4,1979.92,-0.36
2015/10/07,18.4,1995.83,0.8
2015/10/08,17.42,2013.43,0.88
2015/10/09,17.08,2014.89,0.07
2015/10/12,16.17,2017.46,0.13
2015/10/13,17.67,2003.69,-0.68
2015/10/14,18.03,1994.24,-0.47
2015/10/15,16.05,2023.86,1.49
2015/10/16,15.05,2033.11,0.46
2015/10/19,14.98,2033.66,0.03
2015/10/20,15.75,2030.77,-0.14
2015/10/21,16.7,2018.94,-0.58
2015/10/22,14.45,2052.51,1.66
2015/10/23,14.46,2075.15,1.1
2015/10/26,15.29,2071.18,-0.19
2015/10/27,15.43,2065.89,-0.26
2015/10/28,14.33,2090.35,1.18
2015/10/29,14.61,2089.41,-0.04
2015/10/30,15.07,2079.36,-0.48
2015/11/01,16.13,,
2015/11/02,14.15,2104.05,1.19
2015/11/03,14.54,2109.79,0.27
2015/11/04,15.51,2102.31,-0.35
2015/11/05,15.05,2099.93,-0.11
2015/11/06,14.33,2099.2,-0.03
2015/11/09,16.52,2078.58,-0.98
2015/11/10,15.29,2081.72,0.15
2015/11/11,16.06,2075,-0.32
2015/11/12,18.37,2045.97,-1.4
2015/11/13,20.08,2023.04,-1.12
2015/11/16,18.16,2053.19,1.49
2015/11/17,18.84,2050.44,-0.13
2015/11/18,16.85,2083.58,1.62
2015/11/19,16.99,2081.24,-0.11
2015/11/20,15.47,2089.17,0.38
2015/11/23,15.62,2086.59,-0.12
2015/11/24,15.93,2089.14,0.12
2015/11/25,15.19,2088.87,-0.01
2015/11/27,15.12,2090.11,0.06
2015/11/30,16.13,2080.41,-0.46
2015/12/01,14.67,2102.63,1.07
2015/12/02,15.91,2079.51,-1.1
2015/12/03,18.11,2049.62,-1.44
2015/12/04,14.81,2091.69,2.05
2015/12/07,15.84,2077.07,-0.7
2015/12/08,17.6,2063.59,-0.65
2015/12/09,19.61,2047.62,-0.77
2015/12/10,19.34,2052.23,0.23
2015/12/11,24.39,2012.37,-1.94
2015/12/14,22.73,2021.94,0.48
2015/12/15,20.95,2043.41,1.06
2015/12/16,17.86,2073.07,1.45
2015/12/17,18.94,2041.89,-1.5
2015/12/18,20.7,2005.55,-1.78
2015/12/21,18.7,2021.15,0.78
2015/12/22,16.6,2038.97,0.88
2015/12/23,15.57,2064.29,1.24
2015/12/24,15.74,2060.99,-0.16
2015/12/28,16.91,2056.5,-0.22
2015/12/29,16.08,2078.36,1.06
2015/12/30,17.29,2063.36,-0.72
2015/12/31,18.21,2043.94,-0.94
2016/01/01,20.2,,
2016/01/04,20.7,2012.66,-1.53
2016/01/05,19.34,2016.71,0.2
2016/01/06,20.59,1990.26,-1.31
2016/01/07,24.99,1943.09,-2.37
2016/01/08,27.01,1922.03,-1.08
2016/01/11,24.3,1923.67,0.09
2016/01/12,22.47,1938.68,0.78
2016/01/13,25.22,1890.28,-2.5
2016/01/14,23.95,1921.84,1.67
2016/01/15,27.02,1880.33,-2.16
2016/01/19,26.05,1881.33,0.05
2016/01/20,27.59,1859.33,-1.17
2016/01/21,26.69,1868.99,0.52
2016/01/22,22.34,1906.9,2.03
2016/01/25,24.15,1877.08,-1.56
2016/01/26,22.5,1903.63,1.41
2016/01/27,23.11,1882.95,-1.09
2016/01/28,22.42,1893.36,0.55
2016/01/29,20.2,1940.24,2.48
2016/02/01,19.98,1939.38,-0.04
2016/02/02,21.98,1903.03,-1.87
2016/02/03,21.65,1912.53,0.5
2016/02/04,21.84,1915.45,0.15
2016/02/05,23.38,1880.05,-1.85
2016/02/08,26,1853.44,-1.42
2016/02/09,26.54,1852.21,-0.07
2016/02/10,26.29,1851.86,-0.02
2016/02/11,28.14,1829.08,-1.23
2016/02/12,25.4,1864.78,1.95
2016/02/16,24.11,1895.58,1.65
2016/02/17,22.31,1926.82,1.65
2016/02/18,21.64,1917.83,-0.47
2016/02/19,20.53,1917.78,0
2016/02/22,19.38,1945.5,1.45
2016/02/23,20.98,1921.27,-1.25
2016/02/24,20.72,1929.8,0.44
2016/02/25,19.11,1951.7,1.13
2016/02/26,19.81,1948.05,-0.19
2016/02/29,20.55,1932.23,-0.81
2016/03/01,17.7,1978.35,2.39
2016/03/02,17.09,1986.45,0.41
2016/03/03,16.7,1993.4,0.35
2016/03/04,16.86,1999.99,0.33
2016/03/07,17.35,2001.76,0.09
2016/03/08,18.67,1979.26,-1.12
2016/03/09,18.34,1989.26,0.51
2016/03/10,18.05,1989.57,0.02
2016/03/11,16.5,2022.19,1.64
2016/03/14,16.92,2019.64,-0.13
2016/03/15,16.84,2015.93,-0.18
2016/03/16,14.99,2027.22,0.56
2016/03/17,14.44,2040.59,0.66
2016/03/18,14.02,2049.58,0.44
2016/03/21,13.79,2051.6,0.1
2016/03/22,14.17,2049.8,-0.09
2016/03/23,14.94,2036.71,-0.64
2016/03/24,14.74,2035.94,-0.04
2016/03/28,15.24,2037.05,0.05
2016/03/29,13.82,2055.01,0.88
2016/03/30,13.56,2063.95,0.44
2016/03/31,13.95,2059.74,-0.2
2016/04/01,13.1,2072.78,0.63
2016/04/04,14.12,2066.13,-0.32
2016/04/05,15.42,2045.17,-1.01
2016/04/06,14.09,2066.66,1.05
2016/04/07,16.16,2041.91,-1.2
2016/04/08,15.36,2047.6,0.28
2016/04/11,16.26,2041.99,-0.27
2016/04/12,14.85,2061.72,0.97
2016/04/13,13.84,2082.42,1
2016/04/14,13.72,2082.78,0.02
2016/04/15,13.62,2080.73,-0.1
2016/04/18,13.35,2094.34,0.65
2016/04/19,13.24,2100.8,0.31
2016/04/20,13.28,2102.4,0.08
2016/04/21,13.95,2091.48,-0.52
2016/04/22,13.22,2091.58,0
2016/04/25,14.08,2087.79,-0.18
2016/04/26,13.96,2091.7,0.19
2016/04/27,13.77,2095.15,0.16
2016/04/28,15.22,2075.81,-0.92
2016/04/29,15.7,2065.3,-0.51
2016/05/01,14.19,,
2016/05/02,14.68,2081.43,0.78
2016/05/03,15.6,2063.37,-0.87
2016/05/04,16.05,2051.12,-0.59
2016/05/05,15.91,2050.63,-0.02
2016/05/06,14.72,2057.14,0.32
2016/05/09,14.57,2058.69,0.08
2016/05/10,13.63,2084.39,1.25
2016/05/11,14.69,2064.46,-0.96
2016/05/12,14.41,2064.11,-0.02
2016/05/13,15.04,2046.61,-0.85
2016/05/16,14.68,2066.66,0.98
2016/05/17,15.57,2047.21,-0.94
2016/05/18,15.95,2047.63,0.02
2016/05/19,16.33,2040.04,-0.37
2016/05/20,15.2,2052.32,0.6
2016/05/23,15.82,2048.04,-0.21
2016/05/24,14.42,2076.06,1.37
2016/05/25,13.9,2090.54,0.7
2016/05/26,13.43,2090.1,-0.02
2016/05/27,13.12,2099.06,0.43
2016/05/31,14.19,2096.95,-0.1
2016/06/01,14.2,2099.33,0.11
2016/06/02,13.63,2105.26,0.28
2016/06/03,13.47,2099.13,-0.29
2016/06/06,13.65,2109.41,0.49
2016/06/07,14.05,2112.13,0.13
2016/06/08,14.08,2119.12,0.33
2016/06/09,14.64,2115.48,-0.17
2016/06/10,17.03,2096.07,-0.92
2016/06/13,20.97,2079.06,-0.81
2016/06/14,20.5,2075.32,-0.18
2016/06/15,20.14,2071.5,-0.18
2016/06/16,19.37,2077.99,0.31
2016/06/17,19.41,2071.22,-0.33
2016/06/20,18.37,2083.25,0.58
2016/06/21,18.48,2088.9,0.27
2016/06/22,21.17,2085.45,-0.17
2016/06/23,17.25,2113.32,1.34
2016/06/24,25.76,2037.41,-3.59
2016/06/27,23.85,2000.54,-1.81
2016/06/28,18.75,2036.09,1.78
2016/06/29,16.64,2070.77,1.7
2016/06/30,15.63,2098.86,1.36
2016/07/01,14.77,2102.95,0.19
2016/07/05,15.58,2088.55,-0.68
2016/07/06,14.96,2099.73,0.54
2016/07/07,14.76,2097.9,-0.09
2016/07/08,13.2,2129.9,1.53
2016/07/11,13.54,2137.16,0.34
2016/07/12,13.55,2152.14,0.7
2016/07/13,13.04,2152.43,0.01
2016/07/14,12.82,2163.75,0.53
2016/07/15,12.67,2161.74,-0.09
2016/07/18,12.44,2166.89,0.24
2016/07/19,11.97,2163.78,-0.14
2016/07/20,11.77,2173.02,0.43
2016/07/21,12.74,2165.17,-0.36
2016/07/22,12.02,2175.03,0.46
2016/07/25,12.87,2168.48,-0.3
2016/07/26,13.05,2169.18,0.03
2016/07/27,12.83,2166.58,-0.12
2016/07/28,12.72,2170.06,0.16
2016/07/29,11.87,2173.6,0.16
2016/08/01,12.44,2170.84,-0.13
2016/08/02,13.37,2157.03,-0.64
2016/08/03,12.86,2163.79,0.31
2016/08/04,12.42,2164.25,0.02
2016/08/05,11.39,2182.87,0.86
2016/08/08,11.5,2180.89,-0.09
2016/08/09,11.66,2181.74,0.04
2016/08/10,12.05,2175.49,-0.29
2016/08/11,11.68,2185.79,0.47
2016/08/12,11.55,2184.05,-0.08
2016/08/15,11.81,2190.15,0.28
2016/08/16,12.64,2178.15,-0.55
2016/08/17,12.19,2182.22,0.19
2016/08/18,11.43,2187.02,0.22
2016/08/19,11.34,2183.87,-0.14
2016/08/22,12.27,2182.64,-0.06
2016/08/23,12.38,2186.9,0.2
2016/08/24,13.45,2175.44,-0.52
2016/08/25,13.63,2172.47,-0.14
2016/08/26,13.65,2169.04,-0.16
2016/08/29,12.94,2180.38,0.52
2016/08/30,13.12,2176.12,-0.2
2016/08/31,13.42,2170.95,-0.24
2016/09/01,13.48,2170.86,0
2016/09/02,11.98,2179.98,0.42
2016/09/06,12.02,2186.48,0.3
2016/09/07,11.94,2186.16,-0.01
2016/09/08,12.51,2181.3,-0.22
2016/09/09,17.5,2127.81,-2.45
2016/09/12,15.16,2159.04,1.47
2016/09/13,17.85,2127.02,-1.48
2016/09/14,18.14,2125.77,-0.06
2016/09/15,16.3,2147.26,1.01
2016/09/16,15.37,2139.16,-0.38
2016/09/19,15.53,2139.12,0
2016/09/20,15.92,2139.76,0.03
2016/09/21,13.3,2163.12,1.09
2016/09/22,12.02,2177.18,0.65
2016/09/23,12.29,2164.69,-0.57
2016/09/26,14.5,2146.1,-0.86
2016/09/27,13.1,2159.93,0.64
2016/09/28,12.39,2171.37,0.53
2016/09/29,14.02,2151.13,-0.93
2016/09/30,13.29,2168.27,0.8
2016/10/01,17.06,,
2016/10/03,13.57,2161.2,-0.33
2016/10/04,13.63,2150.49,-0.5
2016/10/05,12.99,2159.73,0.43
2016/10/06,12.84,2160.77,0.05
2016/10/07,13.48,2153.74,-0.33
2016/10/10,13.38,2163.66,0.46
2016/10/11,15.36,2136.73,-1.24
2016/10/12,15.91,2139.18,0.11
2016/10/13,16.69,2132.55,-0.31
2016/10/14,16.12,2132.98,0.02
2016/10/17,16.21,2126.5,-0.3
2016/10/18,15.28,2139.6,0.62
2016/10/19,14.41,2144.29,0.22
2016/10/20,13.75,2141.34,-0.14
2016/10/21,13.34,2141.16,-0.01
2016/10/24,13.02,2151.33,0.47
2016/10/25,13.46,2143.16,-0.38
2016/10/26,14.24,2139.43,-0.17
2016/10/27,15.36,2133.04,-0.3
2016/10/28,16.19,2126.41,-0.31
2016/10/31,17.06,2126.15,-0.01
2016/11/01,18.56,2111.72,-0.68
2016/11/02,19.32,2097.94,-0.65
2016/11/03,22.08,2088.66,-0.44
2016/11/04,22.51,2085.18,-0.17
2016/11/07,18.71,2131.52,2.22
2016/11/08,18.74,2139.56,0.38
2016/11/09,14.38,2163.26,1.11
2016/11/10,14.74,2167.48,0.2
2016/11/11,14.17,2164.45,-0.14
2016/11/14,14.48,2164.2,-0.01
2016/11/15,13.37,2180.39,0.75
2016/11/16,13.72,2176.94,-0.16
2016/11/17,13.35,2187.12,0.47
2016/11/18,12.85,2181.9,-0.24
2016/11/21,12.42,2198.18,0.75
2016/11/22,12.41,2202.94,0.22
2016/11/23,12.43,2204.72,0.08
2016/11/25,12.34,2213.35,0.39
2016/11/28,13.15,2201.72,-0.53
2016/11/29,12.9,2204.66,0.13
2016/11/30,13.33,2198.81,-0.27
2016/12/01,14.07,2191.08,-0.35
2016/12/02,14.12,2191.95,0.04
2016/12/05,12.14,2204.71,0.58
2016/12/06,11.79,2212.23,0.34
2016/12/07,12.22,2241.35,1.32
2016/12/08,12.64,2246.19,0.22
2016/12/09,11.75,2259.53,0.59
2016/12/12,12.64,2256.96,-0.11
2016/12/13,12.72,2271.72,0.65
2016/12/14,13.19,2253.28,-0.81
2016/12/15,12.79,2262.03,0.39
2016/12/16,12.2,2258.07,-0.18
2016/12/19,11.71,2262.53,0.2
2016/12/20,11.45,2270.76,0.36
2016/12/21,11.27,2265.18,-0.25
2016/12/22,11.43,2260.96,-0.19
2016/12/23,11.44,2263.79,0.13
2016/12/27,11.99,2268.88,0.22
2016/12/28,12.95,2249.92,-0.84
2016/12/29,13.37,2249.26,-0.03
2016/12/30,14.04,2238.83,-0.46
2017/01/01,11.99,,
2017/01/03,12.85,2257.83,0.85
2017/01/04,11.85,2270.75,0.57
2017/01/05,11.67,2269,-0.08
2017/01/06,11.32,2276.98,0.35
2017/01/09,11.56,2268.9,-0.35
2017/01/10,11.49,2268.9,0
2017/01/11,11.26,2275.32,0.28
2017/01/12,11.54,2270.44,-0.21
2017/01/13,11.23,2274.64,0.18
2017/01/17,11.87,2267.89,-0.3
2017/01/18,12.48,2271.89,0.18
2017/01/19,12.78,2263.69,-0.36
2017/01/20,11.54,2271.31,0.34
2017/01/23,11.77,2265.2,-0.27
2017/01/24,11.07,2280.07,0.66
2017/01/25,10.81,2298.37,0.8
2017/01/26,10.63,2296.68,-0.07
2017/01/27,10.58,2294.69,-0.09
2017/01/30,11.88,2280.9,-0.6
2017/01/31,11.99,2278.87,-0.09
2017/02/01,11.81,2279.55,0.03
2017/02/02,11.93,2280.85,0.06
2017/02/03,10.97,2297.42,0.73
2017/02/06,11.37,2292.56,-0.21
2017/02/07,11.29,2293.08,0.02
2017/02/08,11.45,2294.67,0.07
2017/02/09,10.88,2307.87,0.58
2017/02/10,10.85,2316.1,0.36
2017/02/13,11.07,2328.25,0.52
2017/02/14,10.74,2337.58,0.4
2017/02/15,11.97,2349.25,0.5
2017/02/16,11.76,2347.22,-0.09
2017/02/17,11.49,2351.16,0.17
2017/02/21,11.57,2365.38,0.6
2017/02/22,11.74,2362.82,-0.11
2017/02/23,11.71,2363.81,0.04
2017/02/24,11.47,2367.34,0.15
2017/02/27,12.09,2369.75,0.1
2017/02/28,12.92,2363.64,-0.26
2017/03/01,12.54,2395.96,1.37
2017/03/02,11.81,2381.92,-0.59
2017/03/03,10.96,2383.12,0.05
2017/03/06,11.24,2375.31,-0.33
2017/03/07,11.45,2368.39,-0.29
2017/03/08,11.86,2362.98,-0.23
2017/03/09,12.3,2364.87,0.08
2017/03/10,11.66,2372.6,0.33
2017/03/13,11.35,2373.47,0.04
2017/03/14,12.3,2365.45,-0.34
2017/03/15,11.63,2385.26,0.84
2017/03/16,11.21,2381.38,-0.16
2017/03/17,11.28,2378.25,-0.13
2017/03/20,11.34,2373.47,-0.2
2017/03/21,12.47,2344.02,-1.24
2017/03/22,12.81,2348.45,0.19
2017/03/23,13.12,2345.96,-0.11
2017/03/24,12.96,2343.98,-0.08
2017/03/27,12.5,2341.59,-0.1
2017/03/28,11.53,2358.57,0.73
2017/03/29,11.42,2361.13,0.11
2017/03/30,11.54,2368.06,0.29
2017/03/31,12.37,2362.72,-0.23
2017/04/01,10.82,,
2017/04/03,12.38,2358.84,-0.16
2017/04/04,11.79,2360.16,0.06
2017/04/05,12.89,2352.95,-0.31
2017/04/06,12.39,2357.49,0.19
2017/04/07,12.87,2355.54,-0.08
2017/04/10,14.05,2357.16,0.07
2017/04/11,15.07,2353.78,-0.14
2017/04/12,15.77,2344.93,-0.38
2017/04/13,15.96,2328.95,-0.68
2017/04/17,14.66,2349.01,0.86
2017/04/18,14.42,2342.19,-0.29
2017/04/19,14.93,2338.17,-0.17
2017/04/20,14.15,2355.84,0.76
2017/04/21,14.63,2348.69,-0.3
2017/04/24,10.84,2374.15,1.08
2017/04/25,10.76,2388.61,0.61
2017/04/26,10.85,2387.45,-0.05
2017/04/27,10.36,2388.77,0.06
2017/04/28,10.82,2384.2,-0.19
2017/05/01,10.11,2388.33,0.17
2017/05/02,10.59,2391.17,0.12
2017/05/03,10.68,2388.13,-0.13
2017/05/04,10.46,2389.52,0.06
2017/05/05,10.57,2399.29,0.41
2017/05/08,9.77,2399.38,0
2017/05/09,9.96,2396.92,-0.1
2017/05/10,10.21,2399.63,0.11
2017/05/11,10.6,2394.44,-0.22
2017/05/12,10.4,2390.9,-0.15
2017/05/15,10.42,2402.32,0.48
2017/05/16,10.65,2400.67,-0.07
2017/05/17,15.59,2357.03,-1.82
2017/05/18,14.66,2365.72,0.37
2017/05/19,12.04,2381.73,0.68
2017/05/22,10.93,2394.02,0.52
2017/05/23,10.72,2398.42,0.18
2017/05/24,10.02,2404.39,0.25
2017/05/25,9.99,2415.07,0.44
2017/05/26,9.81,2415.82,0.03
2017/05/30,10.38,2412.91,-0.12
2017/05/31,10.41,2411.8,-0.05
2017/06/01,9.89,2430.06,0.76
2017/06/02,9.75,2439.07,0.37
2017/06/05,10.07,2436.1,-0.12
2017/06/06,10.45,2429.33,-0.28
2017/06/07,10.39,2433.14,0.16
2017/06/08,10.16,2433.79,0.03
2017/06/09,10.7,2431.77,-0.08
2017/06/12,11.46,2429.39,-0.1
2017/06/13,10.42,2440.35,0.45
2017/06/14,10.64,2437.92,-0.1
2017/06/15,10.9,2432.46,-0.22
2017/06/16,10.38,2433.15,0.03
2017/06/19,10.37,2453.46,0.83
2017/06/20,10.86,2437.03,-0.67
2017/06/21,10.75,2435.61,-0.06
2017/06/22,10.48,2434.5,-0.05
2017/06/23,10.02,2438.3,0.16
2017/06/26,9.9,2439.07,0.03
2017/06/27,11.06,2419.38,-0.81
2017/06/28,10.03,2440.69,0.88
2017/06/29,11.44,2419.7,-0.86
2017/06/30,11.18,2423.41,0.15
2017/07/01,10.26,,
2017/07/03,11.22,2429.01,0.23
2017/07/05,11.07,2432.54,0.15
2017/07/06,12.54,2409.75,-0.94
2017/07/07,11.19,2425.18,0.64
2017/07/10,11.11,2427.43,0.09
2017/07/11,10.89,2425.53,-0.08
2017/07/12,10.3,2443.25,0.73
2017/07/13,9.9,2447.83,0.19
2017/07/14,9.51,2459.27,0.47
2017/07/17,9.82,2459.14,-0.01
2017/07/18,9.89,2460.61,0.06
2017/07/19,9.79,2473.83,0.54
2017/07/20,9.58,2473.45,-0.02
2017/07/21,9.36,2472.54,-0.04
2017/07/24,9.43,2469.91,-0.11
2017/07/25,9.43,2477.13,0.29
2017/07/26,9.6,2477.83,0.03
2017/07/27,10.11,2475.42,-0.1
2017/07/28,10.29,2472.1,-0.13
2017/07/31,10.26,2470.3,-0.07
2017/08/01,10.09,2476.35,0.24
2017/08/02,10.28,2477.57,0.05
2017/08/03,10.44,2472.16,-0.22
2017/08/04,10.03,2476.83,0.19
2017/08/07,9.93,2480.91,0.16
2017/08/08,10.96,2474.92,-0.24
2017/08/09,11.11,2474.02,-0.04
2017/08/10,16.04,2438.21,-1.45
2017/08/11,15.51,2441.32,0.13
2017/08/14,12.33,2465.84,1
2017/08/15,12.04,2464.61,-0.05
2017/08/16,11.74,2468.11,0.14
2017/08/17,15.55,2430.01,-1.54
2017/08/18,14.26,2425.55,-0.18
2017/08/21,13.19,2428.37,0.12
2017/08/22,11.35,2452.51,0.99
2017/08/23,12.25,2444.04,-0.35
2017/08/24,12.23,2438.97,-0.21
2017/08/25,11.28,2443.05,0.17
2017/08/28,11.32,2444.24,0.05
2017/08/29,11.7,2446.3,0.08
2017/08/30,11.22,2457.59,0.46
2017/08/31,10.59,2471.65,0.57
2017/09/01,10.13,2476.55,0.2
2017/09/05,12.23,2457.85,-0.76
2017/09/06,11.63,2465.54,0.31
2017/09/07,11.55,2465.1,-0.02
2017/09/08,12.12,2461.43,-0.15
2017/09/11,10.73,2488.11,1.08
2017/09/12,10.58,2496.48,0.34
2017/09/13,10.5,2498.37,0.08
2017/09/14,10.44,2495.62,-0.11
2017/09/15,10.17,2500.23,0.18
2017/09/18,10.15,2503.87,0.15
2017/09/19,10.18,2506.65,0.11
2017/09/20,9.78,2508.24,0.06
2017/09/21,9.67,2500.6,-0.3
2017/09/22,9.59,2502.22,0.06
2017/09/25,10.21,2496.66,-0.22
2017/09/26,10.17,2496.84,0.01
2017/09/27,9.87,2507.04,0.41
2017/09/28,9.55,2510.06,0.12
2017/09/29,9.51,2519.36,0.37
2017/10/01,10.18,,
2017/10/02,9.45,2529.12,0.39
2017/10/03,9.51,2534.58,0.22
2017/10/04,9.63,2537.74,0.12
2017/10/05,9.19,2552.07,0.56
2017/10/06,9.65,2549.33,-0.11
2017/10/09,10.33,2544.73,-0.18
2017/10/10,10.08,2550.64,0.23
2017/10/11,9.85,2555.24,0.18
2017/10/12,9.91,2550.93,-0.17
2017/10/13,9.61,2553.17,0.09
2017/10/16,9.91,2557.64,0.18
2017/10/17,10.31,2559.36,0.07
2017/10/18,10.07,2561.26,0.07
2017/10/19,10.05,2562.1,0.03
2017/10/20,9.97,2575.21,0.51
2017/10/23,11.07,2564.98,-0.4
2017/10/24,11.16,2569.13,0.16
2017/10/25,11.23,2557.15,-0.47
2017/10/26,11.3,2560.4,0.13
2017/10/27,9.8,2581.07,0.81
2017/10/30,10.5,2572.83,-0.32
2017/10/31,10.18,2575.26,0.09
2017/11/01,10.2,2579.36,0.16
2017/11/02,9.93,2579.85,0.02
2017/11/03,9.14,2587.84,0.31
2017/11/06,9.4,2591.13,0.13
2017/11/07,9.89,2590.64,-0.02
2017/11/08,9.78,2594.38,0.14
2017/11/09,10.5,2584.62,-0.38
2017/11/10,11.29,2582.3,-0.09
2017/11/13,11.5,2584.84,0.1
2017/11/14,11.59,2578.87,-0.23
2017/11/15,13.13,2564.62,-0.55
2017/11/16,11.76,2585.64,0.82
2017/11/17,11.43,2578.85,-0.26
2017/11/20,10.65,2582.14,0.13
2017/11/21,9.73,2599.03,0.65
2017/11/22,9.88,2597.08,-0.08
2017/11/24,9.67,2602.42,0.21
2017/11/27,9.87,2601.42,-0.04
2017/11/28,10.03,2627.04,0.98
2017/11/29,10.7,2626.07,-0.04
2017/11/30,11.28,2647.58,0.82
2017/12/01,11.43,2642.22,-0.2
2017/12/04,11.68,2639.44,-0.11
2017/12/05,11.33,2629.57,-0.37
2017/12/06,11.02,2629.27,-0.01
2017/12/07,10.16,2636.98,0.29
2017/12/08,9.58,2651.5,0.55
2017/12/11,9.34,2659.99,0.32
2017/12/12,9.92,2664.11,0.15
2017/12/13,10.18,2662.85,-0.05
2017/12/14,10.49,2652.01,-0.41
2017/12/15,9.42,2675.81,0.9
2017/12/18,9.53,2690.16,0.54
2017/12/19,10.03,2681.47,-0.32
2017/12/20,9.72,2679.25,-0.08
2017/12/21,9.62,2684.57,0.2
2017/12/22,9.9,2683.34,-0.05
2017/12/26,10.25,2680.5,-0.11
2017/12/27,10.47,2682.62,0.08
2017/12/28,10.18,2687.54,0.18
2017/12/29,11.04,2673.61,-0.52
2018/01/01,13.54,,
2018/01/02,9.77,2695.81,0.83
2018/01/03,9.15,2713.06,0.64
2018/01/04,9.22,2723.99,0.4
2018/01/05,9.22,2743.15,0.7
2018/01/08,9.52,2747.71,0.17
2018/01/09,10.08,2751.29,0.13
2018/01/10,9.82,2748.23,-0.11
2018/01/11,9.88,2767.56,0.7
2018/01/12,10.16,2786.24,0.67
2018/01/16,11.66,2776.42,-0.35
2018/01/17,11.91,2802.56,0.94
2018/01/18,12.22,2798.03,-0.16
2018/01/19,11.27,2810.3,0.44
2018/01/22,11.03,2832.97,0.81
2018/01/23,11.1,2839.13,0.22
2018/01/24,11.47,2837.54,-0.06
2018/01/25,11.58,2839.25,0.06
2018/01/26,11.08,2872.87,1.18
2018/01/29,13.84,2853.53,-0.67
2018/01/30,14.79,2822.43,-1.09
2018/01/31,13.54,2823.81,0.05
2018/02/01,13.47,2821.98,-0.06
2018/02/02,17.31,2762.13,-2.12
2018/02/05,37.32,2648.94,-4.1
2018/02/06,29.98,2695.14,1.74
2018/02/07,27.73,2681.66,-0.5
2018/02/08,33.46,2581,-3.75
2018/02/09,29.06,2619.55,1.49
2018/02/12,25.61,2656,1.39
2018/02/13,24.97,2662.94,0.26
2018/02/14,19.26,2698.63,1.34
2018/02/15,19.13,2731.2,1.21
2018/02/16,19.46,2732.22,0.04
2018/02/20,20.6,2716.26,-0.58
2018/02/21,20.02,2701.33,-0.55
2018/02/22,18.72,2703.96,0.1
2018/02/23,16.49,2747.3,1.6
2018/02/26,15.8,2779.6,1.18
2018/02/27,18.59,2744.28,-1.27
2018/02/28,19.85,2713.83,-1.11
2018/03/01,22.47,2677.67,-1.33
2018/03/02,19.59,2691.25,0.51
2018/03/05,18.73,2720.94,1.1
2018/03/06,18.36,2728.12,0.26
2018/03/07,17.76,2726.8,-0.05
2018/03/08,16.54,2738.97,0.45
2018/03/09,14.64,2786.57,1.74
2018/03/12,15.78,2783.02,-0.13
2018/03/13,16.35,2765.31,-0.64
2018/03/14,17.23,2749.48,-0.57
2018/03/15,16.59,2747.33,-0.08
2018/03/16,15.8,2752.01,0.17
2018/03/19,19.02,2712.92,-1.42
2018/03/20,18.2,2716.94,0.15
2018/03/21,17.86,2711.93,-0.18
2018/03/22,23.34,2643.69,-2.52
2018/03/23,24.87,2588.26,-2.1
2018/03/26,21.03,2658.55,2.72
2018/03/27,22.5,2612.62,-1.73
2018/03/28,22.87,2605,-0.29
2018/03/29,19.97,2640.87,1.38
2018/04/01,15.93,,
2018/04/02,23.62,2581.88,-2.23
2018/04/03,21.1,2614.45,1.26
2018/04/04,20.06,2644.69,1.16
2018/04/05,18.94,2662.84,0.69
2018/04/06,21.49,2604.47,-2.19
2018/04/09,21.77,2613.16,0.33
2018/04/10,20.47,2656.87,1.67
2018/04/11,20.24,2642.19,-0.55
2018/04/12,18.49,2663.99,0.83
2018/04/13,17.41,2656.3,-0.29
2018/04/16,16.56,2677.84,0.81
2018/04/17,15.25,2706.39,1.07
2018/04/18,15.6,2708.64,0.08
2018/04/19,15.96,2693.13,-0.57
2018/04/20,16.88,2670.14,-0.85
2018/04/23,16.34,2670.29,0.01
2018/04/24,18.02,2634.56,-1.34
2018/04/25,17.84,2639.4,0.18
2018/04/26,16.24,2666.94,1.04
2018/04/27,15.41,2669.91,0.11
2018/04/30,15.93,2648.05,-0.82
2018/05/01,15.49,2654.8,0.25
2018/05/02,15.97,2635.67,-0.72
2018/05/03,15.9,2629.73,-0.23
2018/05/04,14.77,2663.42,1.28
2018/05/07,14.75,2672.63,0.35
2018/05/08,14.71,2671.92,-0.03
2018/05/09,13.42,2697.79,0.97
2018/05/10,13.23,2723.07,0.94
2018/05/11,12.65,2727.72,0.17
2018/05/14,12.93,2730.13,0.09
2018/05/15,14.63,2711.45,-0.68
2018/05/16,13.42,2722.46,0.41
2018/05/17,13.43,2720.13,-0.09
2018/05/18,13.42,2712.97,-0.26
2018/05/21,13.08,2733.01,0.74
2018/05/22,13.22,2724.44,-0.31
2018/05/23,12.58,2733.29,0.32
2018/05/24,12.53,2727.76,-0.2
2018/05/25,13.22,2721.33,-0.24
2018/05/29,17.02,2689.86,-1.16
2018/05/30,14.94,2724.01,1.27
2018/05/31,15.43,2705.27,-0.69
2018/06/01,13.46,2734.62,1.08
2018/06/04,12.74,2746.87,0.45
2018/06/05,12.4,2748.8,0.07
2018/06/06,11.64,2772.35,0.86
2018/06/07,12.13,2770.37,-0.07
2018/06/08,12.18,2779.03,0.31
2018/06/11,12.35,2782,0.11
2018/06/12,12.34,2786.85,0.17
2018/06/13,12.94,2775.63,-0.4
2018/06/14,12.12,2782.49,0.25
2018/06/15,11.98,2779.66,-0.1
2018/06/18,12.31,2773.75,-0.21
2018/06/19,13.35,2762.59,-0.4
2018/06/20,12.79,2767.32,0.17
2018/06/21,14.64,2749.76,-0.63
2018/06/22,13.77,2754.88,0.19
2018/06/25,17.33,2717.07,-1.37
2018/06/26,15.92,2723.06,0.22
2018/06/27,17.91,2699.63,-0.86
2018/06/28,16.85,2716.31,0.62
2018/06/29,16.09,2718.37,0.08
2018/07/01,12.83,,
2018/07/02,15.6,2726.71,0.31
2018/07/03,16.14,2713.22,-0.49
2018/07/05,14.97,2736.61,0.86
2018/07/06,13.37,2759.82,0.85
2018/07/09,12.69,2784.17,0.88
2018/07/10,12.64,2793.84,0.35
2018/07/11,13.63,2774.02,-0.71
2018/07/12,12.58,2798.29,0.87
2018/07/13,12.18,2801.31,0.11
2018/07/16,12.83,2798.43,-0.1
2018/07/17,12.06,2809.55,0.4
2018/07/18,12.1,2815.62,0.22
2018/07/19,12.87,2804.49,-0.4
2018/07/20,12.86,2801.83,-0.09
2018/07/23,12.62,2806.98,0.18
2018/07/24,12.41,2820.4,0.48
2018/07/25,12.29,2846.07,0.91
2018/07/26,12.14,2837.44,-0.3
2018/07/27,13.03,2818.82,-0.66
2018/07/30,14.26,2802.6,-0.58
2018/07/31,12.83,2816.29,0.49
2018/08/01,13.15,2813.36,-0.1
2018/08/02,12.19,2827.22,0.49
2018/08/03,11.64,2840.35,0.46
2018/08/06,11.27,2850.4,0.35
2018/08/07,10.93,2858.45,0.28
2018/08/08,10.85,2857.7,-0.03
2018/08/09,11.27,2853.58,-0.14
2018/08/10,13.16,2833.28,-0.71
2018/08/13,14.78,2821.93,-0.4
2018/08/14,13.31,2839.96,0.64
2018/08/15,14.64,2818.37,-0.76
2018/08/16,13.45,2840.69,0.79
2018/08/17,12.64,2850.13,0.33
2018/08/20,12.49,2857.05,0.24
2018/08/21,12.86,2862.96,0.21
2018/08/22,12.25,2861.82,-0.04
2018/08/23,12.41,2856.98,-0.17
2018/08/24,11.99,2874.69,0.62
2018/08/27,12.16,2896.74,0.77
2018/08/28,12.5,2897.52,0.03
2018/08/29,12.25,2914.04,0.57
2018/08/30,13.53,2901.13,-0.44
2018/08/31,12.86,2901.52,0.01
2018/09/01,12.12,2760.17,-4.87
2018/09/04,13.16,2896.72,-0.17
2018/09/05,13.91,2888.6,-0.28
2018/09/06,14.65,2878.05,-0.37
2018/09/07,14.88,2871.68,-0.22
2018/09/10,14.16,2877.13,0.19
2018/09/11,13.22,2887.89,0.37
2018/09/12,13.14,2888.92,0.04
2018/09/13,12.37,2904.18,0.53
2018/09/14,12.07,2904.98,0.03
2018/09/17,13.68,2888.8,-0.56
2018/09/18,12.79,2904.31,0.54
2018/09/19,11.75,2907.95,0.13
2018/09/20,11.8,2930.75,0.78
2018/09/21,11.68,2929.67,-0.04
2018/09/24,12.2,2919.37,-0.35
2018/09/25,12.42,2915.56,-0.13
2018/09/26,12.89,2905.97,-0.33
2018/09/27,12.41,2914,0.28
2018/09/28,12.12,2913.98,0
2018/10/01,12,2924.59,0.36
2018/10/02,12.05,2923.43,-0.04
2018/10/03,11.61,2925.51,0.07
2018/10/04,14.22,2901.61,-0.82
2018/10/05,14.82,2885.57,-0.55
2018/10/08,15.69,2884.43,-0.04
2018/10/09,15.95,2880.34,-0.14
2018/10/10,22.96,2785.68,-3.29
2018/10/11,24.98,2728.37,-2.06
2018/10/12,21.31,2767.13,1.42
2018/10/15,21.3,2750.79,-0.59
2018/10/16,17.62,2809.92,2.15
2018/10/17,17.4,2809.21,-0.03
2018/10/18,20.06,2768.78,-1.44
2018/10/19,19.89,2767.78,-0.04
2018/10/22,19.64,2755.88,-0.43
2018/10/23,20.71,2740.69,-0.55
2018/10/24,25.23,2656.1,-3.09
2018/10/25,24.22,2705.57,1.86
2018/10/26,24.16,2658.69,-1.73
2018/10/29,24.7,2641.25,-0.66
2018/10/30,23.35,2682.63,1.57
2018/10/31,21.23,2711.74,1.09
2018/11/01,19.34,2740.37,1.06
2018/11/02,19.51,2723.06,-0.63
2018/11/05,19.96,2738.31,0.56
2018/11/06,19.91,2755.45,0.63
2018/11/07,16.36,2813.89,2.12
2018/11/08,16.72,2806.83,-0.25
2018/11/09,17.36,2781.01,-0.92
2018/11/12,20.45,2726.22,-1.97
2018/11/13,20.02,2722.18,-0.15
2018/11/14,21.25,2701.58,-0.76
2018/11/15,19.98,2730.2,1.06
2018/11/16,18.14,2736.27,0.22
2018/11/19,20.1,2690.73,-1.66
2018/11/20,22.48,2641.89,-1.82
2018/11/21,20.8,2649.93,0.3
2018/11/23,21.52,2632.56,-0.66
2018/11/26,18.9,2673.45,1.55
2018/11/27,19.02,2682.17,0.33
2018/11/28,18.49,2743.79,2.3
2018/11/29,18.79,2737.8,-0.22
2018/11/30,18.07,2760.17,0.82
2018/12/01,25.42,2784.49,0.88
2018/12/03,16.44,2790.37,1.09
2018/12/04,20.74,2700.06,-3.24
2018/12/06,21.19,2695.95,-0.15
2018/12/07,23.23,2633.08,-2.33
2018/12/10,22.64,2637.72,0.18
2018/12/11,21.76,2636.78,-0.04
2018/12/12,21.46,2651.07,0.54
2018/12/13,20.65,2650.54,-0.02
2018/12/14,21.63,2599.95,-1.91
2018/12/17,24.52,2545.94,-2.08
2018/12/18,25.58,2546.16,0.01
2018/12/19,25.58,2506.96,-1.54
2018/12/20,28.38,2467.42,-1.58
2018/12/21,30.11,2416.62,-2.06
2018/12/24,36.07,2351.1,-2.71
2018/12/26,30.41,2467.7,4.96
2018/12/27,29.96,2488.83,0.86
2018/12/28,28.34,2485.74,-0.12
2018/12/31,25.42,2506.85,0.85
2019/01/01,16.57,,
2019/01/02,23.22,2510.03,0.13
2019/01/03,25.45,2447.89,-2.48
2019/01/04,21.38,2531.94,3.43
2019/01/07,21.4,2549.69,0.7
2019/01/08,20.47,2574.41,0.97
2019/01/09,19.98,2584.96,0.41
2019/01/10,19.5,2596.64,0.45
2019/01/11,18.19,2596.26,-0.01
2019/01/14,19.07,2582.61,-0.53
2019/01/15,18.6,2610.3,1.07
2019/01/16,19.04,2616.1,0.22
2019/01/17,18.06,2635.96,0.76
2019/01/18,17.8,2670.71,1.32
2019/01/22,20.8,2632.9,-1.42
2019/01/23,19.52,2638.7,0.22
2019/01/24,18.89,2642.33,0.14
2019/01/25,17.42,2664.76,0.85
2019/01/28,18.87,2643.85,-0.78
2019/01/29,19.13,2640,-0.15
2019/01/30,17.66,2681.05,1.55
2019/01/31,16.57,2704.1,0.86
2019/02/01,16.14,2706.53,0.09
2019/02/04,15.73,2724.87,0.68
2019/02/05,15.57,2737.7,0.47
2019/02/06,15.38,2731.61,-0.22
2019/02/07,16.37,2706.05,-0.94
2019/02/08,15.72,2707.88,0.07
2019/02/11,15.97,2709.8,0.07
2019/02/12,15.43,2744.73,1.29
2019/02/13,15.65,2753.03,0.3
2019/02/14,16.22,2745.73,-0.27
2019/02/15,14.91,2775.6,1.09
2019/02/19,14.88,2779.76,0.15
2019/02/20,14.02,2784.7,0.18
2019/02/21,14.46,2774.88,-0.35
2019/02/22,13.51,2792.67,0.64
2019/02/25,14.85,2796.11,0.12
2019/02/26,15.17,2793.9,-0.08
2019/02/27,14.7,2792.38,-0.05
2019/02/28,14.78,2784.49,-0.28
2019/03/01,13.57,2803.69,0.69
2019/03/04,14.63,2792.81,-0.39
2019/03/05,14.74,2789.65,-0.11
2019/03/06,15.74,2771.45,-0.65
2019/03/07,16.59,2748.93,-0.81
2019/03/08,16.05,2743.07,-0.21
2019/03/11,14.33,2783.3,1.47
2019/03/12,13.77,2791.52,0.3
2019/03/13,13.41,2810.92,0.69
2019/03/14,13.5,2808.48,-0.09
2019/03/15,12.88,2822.48,0.5
2019/03/18,13.1,2832.94,0.37
2019/03/19,13.56,2832.57,-0.01
2019/03/20,13.91,2824.23,-0.29
2019/03/21,13.63,2854.88,1.09
2019/03/22,16.48,2800.71,-1.9
2019/03/25,16.33,2798.36,-0.08
2019/03/26,14.68,2818.46,0.72
2019/03/27,15.15,2805.37,-0.46
2019/03/28,14.43,2815.44,0.36
2019/03/29,13.71,2834.4,0.67
2019/04/01,13.4,2867.19,1.16
2019/04/02,13.36,2867.24,0
2019/04/03,13.74,2873.4,0.21
2019/04/04,13.58,2879.39,0.21
2019/04/05,12.82,2892.74,0.46
2019/04/08,13.18,2895.77,0.1
2019/04/09,14.28,2878.2,-0.61
2019/04/10,13.3,2888.21,0.35
2019/04/11,13.02,2888.32,0
2019/04/12,12.01,2907.41,0.66
2019/04/15,12.32,2905.58,-0.06
2019/04/16,12.18,2907.06,0.05
2019/04/17,12.6,2900.45,-0.23
2019/04/18,12.09,2905.03,0.16
2019/04/22,12.42,2907.97,0.1
2019/04/23,12.28,2933.68,0.88
2019/04/24,13.14,2927.25,-0.22
2019/04/25,13.25,2926.17,-0.04
2019/04/26,12.73,2939.88,0.47
2019/04/29,13.11,2943.03,0.11
2019/04/30,13.12,2945.83,0.1
2019/05/01,14.8,2923.73,-0.75
2019/05/02,14.42,2917.52,-0.21
2019/05/03,12.87,2945.64,0.96
2019/05/06,15.44,2932.47,-0.45
2019/05/07,19.32,2884.05,-1.65
2019/05/08,19.4,2879.42,-0.16
2019/05/09,19.1,2870.72,-0.3
2019/05/10,16.04,2881.4,0.37
2019/05/13,20.55,2811.87,-2.41
2019/05/14,18.06,2834.41,0.8
2019/05/15,16.44,2850.96,0.58
2019/05/16,15.29,2876.32,0.89
2019/05/17,15.96,2859.53,-0.58
2019/05/20,16.31,2840.23,-0.67
2019/05/21,14.95,2864.36,0.85
2019/05/22,14.75,2856.27,-0.28
2019/05/23,16.92,2822.24,-1.19
2019/05/24,15.85,2826.06,0.14
2019/05/28,17.5,2802.39,-0.84
2019/05/29,17.9,2783.02,-0.69
2019/05/30,17.3,2788.86,0.21
2019/05/31,18.71,2752.06,-1.32
2019/06/01,15.08,2926.46,6.34
2019/06/03,18.86,2744.45,-0.28
2019/06/04,16.97,2803.27,2.14
2019/06/05,16.09,2826.15,0.82
2019/06/06,15.93,2843.49,0.61
2019/06/07,16.3,2873.34,1.05
2019/06/10,15.94,2886.73,0.47
2019/06/11,15.99,2885.72,-0.03
2019/06/12,15.91,2879.84,-0.2
2019/06/13,15.82,2891.64,0.41
2019/06/14,15.28,2886.98,-0.16
2019/06/17,15.35,2889.67,0.09
2019/06/18,15.15,2917.75,0.97
2019/06/19,14.33,2926.46,0.3
2019/06/20,14.75,2954.18,0.95
2019/06/21,15.4,2950.46,-0.13
2019/06/24,15.26,2945.35,-0.17
2019/06/25,16.28,2917.38,-0.95
2019/06/26,16.21,2913.78,-0.12
2019/06/27,15.82,2924.92,0.38
2019/06/28,15.08,2941.76,0.58
2019/07/01,14.06,2964.33,0.77
2019/07/02,12.93,2973.01,0.29
2019/07/03,12.57,2995.82,0.77
2019/07/05,13.28,2990.41,-0.18
2019/07/08,13.96,2975.95,-0.48
2019/07/09,14.09,2979.63,0.12
2019/07/10,13.03,2993.07,0.45
2019/07/11,12.93,2999.91,0.23
2019/07/12,12.39,3013.77,0.46
2019/07/15,12.68,3014.3,0.02
2019/07/16,12.86,3004.04,-0.34
2019/07/17,13.97,2984.42,-0.65
2019/07/18,13.53,2995.11,0.36
2019/07/19,14.45,2976.61,-0.62
2019/07/22,13.53,2985.03,0.28
2019/07/23,12.61,3005.47,0.68
2019/07/24,12.07,3019.56,0.47
2019/07/25,12.74,3003.67,-0.53
2019/07/26,12.16,3025.86,0.74
2019/07/29,12.83,3020.97,-0.16
2019/07/30,13.94,3013.18,-0.26
2019/07/31,16.12,2980.38,-1.09
2019/08/01,17.87,2953.56,-0.9
2019/08/02,17.61,2932.05,-0.73
2019/08/05,24.59,2844.74,-2.98
2019/08/06,20.17,2881.77,1.3
2019/08/07,19.49,2883.98,0.08
2019/08/08,16.91,2938.09,1.88
2019/08/09,17.97,2918.65,-0.66
2019/08/12,21.09,2882.7,-1.23
2019/08/13,17.52,2926.32,1.51
2019/08/14,22.1,2840.6,-2.93
2019/08/15,21.18,2847.6,0.25
2019/08/16,18.47,2888.68,1.44
2019/08/19,16.88,2923.65,1.21
2019/08/20,17.5,2900.51,-0.79
2019/08/21,15.8,2924.43,0.82
2019/08/22,16.68,2922.95,-0.05
2019/08/23,19.87,2847.11,-2.59
2019/08/26,19.32,2878.38,1.1
2019/08/27,20.31,2869.16,-0.32
2019/08/28,19.35,2887.94,0.65
2019/08/29,17.88,2924.58,1.27
2019/08/30,18.98,2926.46,0.06
2019/09/01,16.24,3140.98,7.33
2019/09/03,19.66,2906.27,-0.69
2019/09/04,17.33,2937.78,1.08
2019/09/05,16.27,2976,1.3
2019/09/06,15,2978.71,0.09
2019/09/09,15.27,2978.43,-0.01
2019/09/10,15.2,2979.39,0.03
2019/09/11,14.61,3000.93,0.72
2019/09/12,14.22,3009.57,0.29
2019/09/13,13.74,3007.39,-0.07
2019/09/16,14.67,2997.96,-0.31
2019/09/17,14.44,3005.7,0.26
2019/09/18,13.95,3006.73,0.03
2019/09/19,14.05,3006.79,0
2019/09/20,15.32,2992.07,-0.49
2019/09/23,14.91,2991.78,-0.01
2019/09/24,17.05,2966.6,-0.84
2019/09/25,15.96,2984.87,0.62
2019/09/26,16.07,2977.62,-0.24
2019/09/27,17.22,2961.79,-0.53
2019/09/30,16.24,2976.74,0.5
2019/10/01,18.56,2940.25,-1.23
2019/10/02,20.56,2887.61,-1.79
2019/10/03,19.12,2910.63,0.8
2019/10/04,17.04,2952.01,1.42
2019/10/07,17.86,2938.79,-0.45
2019/10/08,20.28,2893.06,-1.56
2019/10/09,18.64,2919.4,0.91
2019/10/10,17.57,2938.13,0.64
2019/10/11,15.58,2970.27,1.09
2019/10/14,14.57,2966.15,-0.14
2019/10/15,13.54,2995.68,1
2019/10/16,13.68,2989.69,-0.2
2019/10/17,13.79,2997.95,0.28
2019/10/18,14.25,2986.2,-0.39
2019/10/21,14,3006.72,0.69
2019/10/22,14.46,2995.99,-0.36
2019/10/23,14.01,3004.52,0.28
2019/10/24,13.71,3010.29,0.19
2019/10/25,12.65,3022.55,0.41
2019/10/28,13.11,3039.42,0.56
2019/10/29,13.2,3036.89,-0.08
2019/10/30,12.33,3046.77,0.33
2019/10/31,13.22,3037.56,-0.3
2019/11/01,12.3,3066.91,0.97
2019/11/04,12.83,3078.27,0.37
2019/11/05,13.1,3074.62,-0.12
2019/11/06,12.62,3076.78,0.07
2019/11/07,12.73,3085.18,0.27
2019/11/08,12.07,3093.08,0.26
2019/11/11,12.69,3087.01,-0.2
2019/11/12,12.68,3091.84,0.16
2019/11/13,13,3094.04,0.07
2019/11/14,13.05,3096.63,0.08
2019/11/15,12.05,3120.46,0.77
2019/11/18,12.46,3122.03,0.05
2019/11/19,12.86,3120.18,-0.06
2019/11/20,12.78,3108.46,-0.38
2019/11/21,13.13,3103.54,-0.16
2019/11/22,12.34,3110.29,0.22
2019/11/25,11.87,3133.64,0.75
2019/11/26,11.54,3140.52,0.22
2019/11/27,11.75,3153.63,0.42
2019/11/29,12.62,3140.98,-0.4
2019/12/01,13.78,2954.22,-5.95
2019/12/02,14.91,3113.87,-0.86
2019/12/03,15.96,3093.2,-0.66
2019/12/04,14.8,3112.76,0.63
2019/12/05,14.52,3117.43,0.15
2019/12/06,13.62,3145.91,0.91
2019/12/09,15.86,3135.96,-0.32
2019/12/10,15.68,3132.52,-0.11
2019/12/11,14.99,3141.63,0.29
2019/12/12,13.94,3168.57,0.86
2019/12/13,12.63,3168.8,0.01
2019/12/16,12.14,3191.45,0.71
2019/12/17,12.29,3192.52,0.03
2019/12/18,12.58,3191.14,-0.04
2019/12/19,12.5,3205.37,0.45
2019/12/20,12.51,3221.22,0.49
2019/12/23,12.61,3224.01,0.09
2019/12/24,12.67,3223.38,-0.02
2019/12/26,12.65,3239.91,0.51
2019/12/27,13.43,3240.02,0
2019/12/30,14.82,3221.29,-0.58
2019/12/31,13.78,3230.78,0.29
2020/01/01,18.84,,
2020/01/02,12.47,3257.85,0.84
2020/01/03,14.02,3234.85,-0.71
2020/01/06,13.85,3246.28,0.35
2020/01/07,13.79,3237.18,-0.28
2020/01/08,13.45,3253.05,0.49
2020/01/09,12.54,3274.7,0.67
2020/01/10,12.56,3265.35,-0.29
2020/01/13,12.32,3288.13,0.7
2020/01/14,12.39,3283.15,-0.15
2020/01/15,12.42,3289.29,0.19
2020/01/16,12.32,3316.81,0.84
2020/01/17,12.1,3329.62,0.39
2020/01/21,12.85,3320.79,-0.27
2020/01/22,12.91,3321.75,0.03
2020/01/23,12.98,3325.54,0.11
2020/01/24,14.56,3295.47,-0.9
2020/01/27,18.23,3243.63,-1.57
2020/01/28,16.28,3276.24,1.01
2020/01/29,16.39,3273.4,-0.09
2020/01/30,15.49,3283.66,0.31
2020/01/31,18.84,3225.52,-1.77
2020/02/01,40.11,,
2020/02/03,17.97,3248.92,0.73
2020/02/04,16.05,3297.59,1.5
2020/02/05,15.15,3334.69,1.13
2020/02/06,14.96,3345.78,0.33
2020/02/07,15.47,3327.71,-0.54
2020/02/10,15.04,3352.09,0.73
2020/02/11,15.18,3357.75,0.17
2020/02/12,13.74,3379.45,0.65
2020/02/13,14.15,3373.94,-0.16
2020/02/14,13.68,3380.16,0.18
2020/02/18,14.83,3370.29,-0.29
2020/02/19,14.38,3386.15,0.47
2020/02/20,15.56,3373.23,-0.38
2020/02/21,17.08,3337.75,-1.05
2020/02/24,25.03,3225.89,-3.35
2020/02/25,27.85,3128.21,-3.03
2020/02/26,27.56,3116.39,-0.38
2020/02/27,39.16,2978.76,-4.42
2020/02/28,40.11,2954.22,-0.82
2020/03/01,53.54,3044.31,3.05
2020/03/02,33.42,3090.23,4.6
2020/03/03,36.82,3003.37,-2.81
2020/03/04,31.99,3130.12,4.22
2020/03/05,39.62,3023.94,-3.39
2020/03/06,41.94,2972.37,-1.71
2020/03/09,54.46,2746.56,-7.6
2020/03/10,47.3,2882.23,4.94
2020/03/11,53.9,2741.38,-4.89
2020/03/12,75.47,2480.64,-9.51
2020/03/13,57.83,2711.02,9.29
2020/03/16,82.69,2386.13,-11.98
2020/03/17,75.91,2529.19,6
2020/03/18,76.45,2398.1,-5.18
2020/03/19,72,2409.39,0.47
2020/03/20,66.04,2304.92,-4.34
2020/03/23,61.59,2237.4,-2.93
2020/03/24,61.67,2447.33,9.38
2020/03/25,63.95,2475.56,1.15
2020/03/26,61,2630.07,6.24
2020/03/27,65.54,2541.47,-3.37
2020/03/30,57.08,2626.65,3.35
2020/03/31,53.54,2584.59,-1.6
2020/04/01,57.06,2470.5,-4.41
2020/04/02,50.91,2526.9,2.28
2020/04/03,46.8,2488.65,-1.51
2020/04/06,45.24,2663.68,7.03
2020/04/07,46.7,2659.41,-0.16
2020/04/08,43.35,2749.98,3.41
2020/04/09,41.67,2789.82,1.45
2020/04/13,41.17,2761.63,-1.01
2020/04/14,37.76,2846.06,3.06
2020/04/15,40.84,2783.36,-2.2
2020/04/16,40.11,2799.55,0.58
2020/04/17,38.15,2874.56,2.68
2020/04/20,43.83,2823.16,-1.79
2020/04/21,45.41,2736.56,-3.07
2020/04/22,41.98,2799.31,2.29
2020/04/23,41.38,2797.8,-0.05
2020/04/24,35.93,2836.74,1.39
2020/04/27,33.29,2878.48,1.47
2020/04/28,33.57,2863.39,-0.52
2020/04/29,31.23,2939.51,2.66
2020/04/30,34.15,2912.43,-0.92
2020/05/01,37.19,2830.71,-2.81
2020/05/04,35.97,2842.74,0.42
2020/05/05,33.61,2868.44,0.9
2020/05/06,34.12,2848.42,-0.7
2020/05/07,31.44,2881.19,1.15
2020/05/08,27.98,2929.8,1.69
2020/05/11,27.57,2930.19,0.01
2020/05/12,33.04,2870.12,-2.05
2020/05/13,35.28,2820,-1.75
2020/05/14,32.61,2852.5,1.15
2020/05/15,31.89,2863.7,0.39
2020/05/18,29.3,2953.91,3.15
2020/05/19,30.53,2922.94,-1.05
2020/05/20,27.99,2971.61,1.67
2020/05/21,29.53,2948.51,-0.78
2020/05/22,28.16,2955.45,0.24
2020/05/26,28.01,2991.77,1.23
2020/05/27,27.62,3036.13,1.48
2020/05/28,28.59,3029.73,-0.21
2020/05/29,27.51,3044.31,0.48
2020/06/01,28.23,3055.73,0.38
2020/06/02,26.84,3080.82,0.82
2020/06/03,25.66,3122.87,1.36
2020/06/04,25.81,3112.35,-0.34
2020/06/05,24.52,3193.93,2.62
2020/06/08,25.81,3232.39,1.2
2020/06/09,27.57,3207.18,-0.78
2020/06/10,27.57,3190.14,-0.53
2020/06/11,40.79,3002.1,-5.89
2020/06/12,36.09,3041.31,1.31
2020/06/15,34.4,3066.59,0.83
2020/06/16,33.67,3124.74,1.9
2020/06/17,33.47,3113.49,-0.36
2020/06/18,32.94,3115.34,0.06
2020/06/19,35.12,3097.74,-0.56
2020/06/22,31.77,3117.86,0.65
2020/06/23,31.37,3131.29,0.43
2020/06/24,33.84,3050.33,-2.59
2020/06/25,32.22,3083.76,1.1
2020/06/26,34.73,3009.05,-2.42
2020/06/29,31.78,3053.24,1.47
2020/06/30,30.43,3100.29,1.54
2020/07/01,28.62,3115.86,0.5
2020/07/02,27.68,3130.01,0.45
2020/07/06,27.94,3179.72,1.59
2020/07/07,29.43,3145.32,-1.08
2020/07/08,28.08,3169.94,0.78
2020/07/09,29.26,3152.05,-0.56
2020/07/10,27.29,3185.04,1.05
2020/07/13,32.19,3155.22,-0.94
2020/07/14,29.52,3197.52,1.34
2020/07/15,27.76,3226.56,0.91
2020/07/16,28,3215.57,-0.34
2020/07/17,25.68,3224.73,0.28
2020/07/20,24.46,3251.84,0.84
2020/07/21,24.84,3257.3,0.17
2020/07/22,24.32,3276.02,0.57
2020/07/23,26.08,3235.66,-1.23
2020/07/24,25.84,3215.63,-0.62
2020/07/27,24.74,3239.41,0.74
2020/07/28,25.44,3218.44,-0.65
2020/07/29,24.1,3258.44,1.24
2020/07/30,24.76,3246.22,-0.38
2020/07/31,24.46,3271.12,0.77
2020/08/01,26.41,,
2020/08/03,24.28,3294.61,0.72
2020/08/04,23.76,3306.51,0.36
2020/08/05,22.99,3327.77,0.64
2020/08/06,22.65,3349.16,0.64
2020/08/07,22.21,3351.28,0.06
2020/08/10,22.13,3360.47,0.27
2020/08/11,24.03,3333.69,-0.8
2020/08/12,22.28,3380.35,1.4
2020/08/13,22.13,3373.43,-0.2
2020/08/14,22.05,3372.85,-0.02
2020/08/17,21.35,3381.99,0.27
2020/08/18,21.51,3389.78,0.23
2020/08/19,22.54,3374.85,-0.44
2020/08/20,22.72,3385.51,0.32
2020/08/21,22.54,3397.16,0.34
2020/08/24,22.37,3431.28,1
2020/08/25,22.03,3443.62,0.36
2020/08/26,23.27,3478.73,1.02
2020/08/27,24.47,3484.55,0.17
2020/08/28,22.96,3508.01,0.67
2020/08/31,26.41,3500.31,-0.22
2020/09/01,26.12,3526.65,0.75
2020/09/02,26.57,3580.84,1.54
2020/09/03,33.6,3455.06,-3.51
2020/09/04,30.75,3426.96,-0.81
2020/09/08,31.46,3331.84,-2.78
2020/09/09,28.81,3398.96,2.01
2020/09/10,29.71,3339.19,-1.76
2020/09/11,26.87,3340.97,0.05
2020/09/14,25.85,3383.54,1.27
2020/09/15,25.59,3401.2,0.52
2020/09/16,26.04,3385.49,-0.46
2020/09/17,26.46,3357.01,-0.84
2020/09/18,25.83,3319.47,-1.12
2020/09/21,27.78,3281.06,-1.16
2020/09/22,26.86,3315.57,1.05
2020/09/23,28.58,3236.92,-2.37
2020/09/24,28.51,3246.59,0.3
2020/09/25,26.38,3298.46,1.6
2020/09/28,26.19,3351.6,1.61
2020/09/29,26.27,3335.47,-0.48
2020/09/30,26.37,3363,0.83
2020/10/01,26.7,3380.8,0.53
2020/10/02,27.63,3348.42,-0.96
2020/10/05,27.96,3408.6,1.8
2020/10/06,29.48,3360.97,-1.4
2020/10/07,28.06,3419.44,1.74
2020/10/08,26.36,3446.83,0.8
2020/10/09,25,3477.14,0.88
2020/10/12,25.07,3534.22,1.64
2020/10/13,26.07,3511.93,-0.63
2020/10/14,26.4,3488.67,-0.66
2020/10/15,26.97,3483.34,-0.15
2020/10/16,27.41,3483.81,0.01
2020/10/19,29.18,3426.92,-1.63
2020/10/20,29.35,3443.12,0.47
2020/10/21,28.65,3435.56,-0.22
2020/10/22,28.11,3453.49,0.52
2020/10/23,27.55,3465.39,0.34
2020/10/26,32.46,3400.97,-1.86
2020/10/27,33.35,3390.68,-0.3
2020/10/28,40.28,3271.03,-3.53
2020/10/29,37.59,3310.11,1.19
2020/10/30,38.02,3269.96,-1.21
2020/11/01,20.57,,
2020/11/02,37.13,3310.24,1.23
2020/11/03,35.55,3369.16,1.78
2020/11/04,29.57,3443.44,2.2
2020/11/05,27.58,3510.45,1.95
2020/11/06,24.86,3509.44,-0.03
2020/11/09,25.75,3550.5,1.17
2020/11/10,24.8,3545.53,-0.14
2020/11/11,23.45,3572.66,0.77
2020/11/12,25.35,3537.01,-1
2020/11/13,23.1,3585.15,1.36
2020/11/16,22.45,3626.91,1.16
2020/11/17,22.71,3609.53,-0.48
2020/11/18,23.84,3567.79,-1.16
2020/11/19,23.11,3581.87,0.39
2020/11/20,23.7,3557.54,-0.68
2020/11/23,22.66,3577.59,0.56
2020/11/24,21.64,3635.41,1.62
2020/11/25,21.25,3629.65,-0.16
2020/11/27,20.84,3638.35,0.24
2020/11/30,20.57,3621.63,-0.46
2020/12/01,20.77,3662.45,1.13
2020/12/02,21.17,3669.01,0.18
2020/12/03,21.28,3666.72,-0.06
2020/12/04,20.79,3699.12,0.88
2020/12/07,21.3,3691.96,-0.19
2020/12/08,20.68,3702.25,0.28
2020/12/09,22.27,3672.82,-0.79
2020/12/10,22.52,3668.1,-0.13
2020/12/11,23.31,3663.46,-0.13
2020/12/14,24.72,3647.49,-0.44
2020/12/15,22.89,3694.62,1.29
2020/12/16,22.5,3701.17,0.18
2020/12/17,21.93,3722.48,0.58
2020/12/18,21.57,3709.41,-0.35
2020/12/21,25.16,3694.92,-0.39
2020/12/22,24.23,3687.26,-0.21
2020/12/23,23.31,3690.01,0.07
2020/12/24,21.53,3703.06,0.35
2020/12/28,21.7,3735.36,0.87
2020/12/29,23.08,3727.04,-0.22
2020/12/30,22.77,3732.04,0.13
2020/12/31,22.75,3756.07,0.64
2021/01/01,33.09,,
2021/01/04,26.97,3700.65,-1.48
2021/01/05,25.34,3726.86,0.71
2021/01/06,25.07,3748.14,0.57
2021/01/07,22.37,3803.79,1.48
2021/01/08,21.56,3824.68,0.55
2021/01/11,24.08,3799.61,-0.66
2021/01/12,23.33,3801.19,0.04
2021/01/13,22.21,3809.84,0.23
2021/01/14,23.25,3795.54,-0.38
2021/01/15,24.34,3768.25,-0.72
2021/01/19,23.24,3798.91,0.81
2021/01/20,21.58,3851.85,1.39
2021/01/21,21.32,3853.07,0.03
2021/01/22,21.91,3841.47,-0.3
2021/01/25,23.19,3855.36,0.36
2021/01/26,23.02,3849.62,-0.15
2021/01/27,37.21,3750.77,-2.57
2021/01/28,30.21,3787.38,0.98
2021/01/29,33.09,3714.24,-1.93
2021/02/01,30.24,3773.86,1.61
2021/02/02,25.56,3826.31,1.39
2021/02/03,22.91,3830.17,0.1
2021/02/04,21.77,3871.74,1.09
2021/02/05,20.87,3886.83,0.39
2021/02/08,21.24,3915.59,0.74
2021/02/09,21.63,3911.23,-0.11
2021/02/10,21.99,3909.88,-0.03
2021/02/11,21.25,3916.38,0.17
2021/02/12,19.97,3934.83,0.47
2021/02/16,21.46,3932.59,-0.06
2021/02/17,21.5,3931.33,-0.03
2021/02/18,22.49,3913.97,-0.44
2021/02/19,22.05,3906.71,-0.19
2021/02/22,23.45,3876.5,-0.77
2021/02/23,23.11,3881.37,0.13
2021/02/24,21.34,3925.43,1.14
2021/02/25,28.89,3829.34,-2.45
2021/02/26,27.95,3811.15,-0.48
2021/03/01,23.35,3901.82,2.38
2021/03/02,24.1,3870.29,-0.81
2021/03/03,26.67,3819.72,-1.31
2021/03/04,28.57,3768.47,-1.34
2021/03/05,24.66,3841.94,1.95
2021/03/08,25.47,3821.35,-0.54
2021/03/09,24.03,3875.44,1.42
2021/03/10,22.56,3898.81,0.6
2021/03/11,21.91,3939.34,1.04
2021/03/12,20.69,3943.34,0.1
2021/03/15,20.03,3968.94,0.65
2021/03/16,19.79,3962.71,-0.16
2021/03/17,19.23,3974.12,0.29
2021/03/18,21.58,3915.46,-1.48
2021/03/19,20.95,3913.1,-0.06
2021/03/22,18.88,3940.59,0.7
2021/03/23,20.3,3910.52,-0.76
2021/03/24,21.2,3889.14,-0.55
2021/03/25,19.81,3909.52,0.52
2021/03/26,18.86,3974.54,1.66
2021/03/29,20.74,3971.09,-0.09
2021/03/30,19.61,3958.55,-0.32
2021/03/31,19.4,3972.89,0.36
2021/04/01,17.33,4019.87,1.18
2021/04/05,17.91,4077.91,1.44
2021/04/06,18.12,4073.94,-0.1
2021/04/07,17.16,4079.95,0.15
2021/04/08,16.95,4097.17,0.42
2021/04/09,16.69,4128.8,0.77
2021/04/12,16.91,4127.99,-0.02
2021/04/13,16.65,4141.59,0.33
2021/04/14,16.99,4124.66,-0.41
2021/04/15,16.57,4170.42,1.11
2021/04/16,16.25,4185.47,0.36
2021/04/19,17.29,4163.26,-0.53
2021/04/20,18.68,4134.94,-0.68
2021/04/21,17.5,4173.42,0.93
2021/04/22,18.71,4134.98,-0.92
2021/04/23,17.33,4180.17,1.09
2021/04/26,17.64,4187.62,0.18
2021/04/27,17.56,4186.72,-0.02
2021/04/28,17.28,4183.18,-0.08
2021/04/29,17.61,4211.47,0.68
2021/04/30,18.61,4181.17,-0.72
2021/05/01,16.76,,
2021/05/03,18.31,4192.66,0.27
2021/05/04,19.48,4164.66,-0.67
2021/05/05,19.15,4167.59,0.07
2021/05/06,18.39,4201.62,0.82
2021/05/07,16.69,4232.6,0.74
2021/05/10,19.66,4188.43,-1.04
2021/05/11,21.84,4152.1,-0.87
2021/05/12,27.59,4063.04,-2.14
2021/05/13,23.13,4112.5,1.22
2021/05/14,18.81,4173.85,1.49
2021/05/17,19.72,4163.29,-0.25
2021/05/18,21.34,4127.83,-0.85
2021/05/19,22.18,4115.68,-0.29
2021/05/20,20.67,4159.12,1.06
2021/05/21,20.15,4155.86,-0.08
2021/05/24,18.4,4197.05,0.99
2021/05/25,18.84,4188.13,-0.21
2021/05/26,17.36,4195.99,0.19
2021/05/27,16.74,4200.88,0.12
2021/05/28,16.76,4204.11,0.08
2021/06/01,17.9,4202.04,-0.05
2021/06/02,17.48,4208.12,0.14
2021/06/03,18.04,4192.85,-0.36
2021/06/04,16.42,4229.89,0.88
2021/06/07,16.42,4226.52,-0.08
2021/06/08,17.07,4227.26,0.02
2021/06/09,17.89,4219.55,-0.18
2021/06/10,16.1,4239.18,0.47
2021/06/11,15.65,4247.44,0.19
2021/06/14,16.39,4255.15,0.18
2021/06/15,17.02,4246.59,-0.2
2021/06/16,18.15,4223.7,-0.54
2021/06/17,17.75,4221.86,-0.04
2021/06/18,20.7,4166.45,-1.31
2021/06/21,17.89,4224.79,1.4
2021/06/22,16.66,4246.44,0.51
2021/06/23,16.32,4241.84,-0.11
2021/06/24,15.97,4266.49,0.58
2021/06/25,15.62,4280.7,0.33
2021/06/28,15.76,4290.61,0.23
2021/06/29,16.02,4291.8,0.03
2021/06/30,15.83,4297.5,0.13
2021/07/01,15.48,4319.94,0.52
2021/07/02,15.07,4352.34,0.75
2021/07/06,16.44,4343.54,-0.2
2021/07/07,16.2,4358.13,0.34
2021/07/08,19,4320.82,-0.86
2021/07/09,16.18,4369.55,1.13
2021/07/12,16.17,4384.63,0.35
2021/07/13,17.12,4369.21,-0.35
2021/07/14,16.33,4374.3,0.12
2021/07/15,17.01,4360.03,-0.33
2021/07/16,18.45,4327.16,-0.75
2021/07/19,22.5,4258.49,-1.59
2021/07/20,19.73,4323.06,1.52
2021/07/21,17.91,4358.69,0.82
2021/07/22,17.69,4367.48,0.2
2021/07/23,17.2,4411.79,1.01
2021/07/26,17.58,4422.3,0.24
2021/07/27,19.36,4401.46,-0.47
2021/07/28,18.31,4400.64,-0.02
2021/07/29,17.7,4419.15,0.42
2021/07/30,18.24,4395.26,-0.54
2021/08/01,16.48,,
2021/08/02,19.46,4387.16,-0.18
2021/08/03,18.04,4423.15,0.82
2021/08/04,17.97,4402.66,-0.46
2021/08/05,17.28,4429.1,0.6
2021/08/06,16.15,4436.52,0.17
2021/08/09,16.72,4432.35,-0.09
2021/08/10,16.79,4436.75,0.1
2021/08/11,16.17,4442.41,0.13
2021/08/12,15.59,4460.83,0.41
2021/08/13,15.45,4468,0.16
2021/08/16,16.12,4479.71,0.26
2021/08/17,17.91,4448.08,-0.71
2021/08/18,21.57,4400.27,-1.07
2021/08/19,21.67,4405.8,0.13
2021/08/20,18.56,4441.67,0.81
2021/08/23,17.15,4479.53,0.85
2021/08/24,17.22,4486.23,0.15
2021/08/25,16.79,4496.19,0.22
2021/08/26,18.84,4470,-0.58
2021/08/27,16.39,4509.37,0.88
2021/08/30,16.19,4528.79,0.43
2021/08/31,16.48,4522.68,-0.13
2021/09/01,16.11,4524.09,0.03
2021/09/02,16.41,4536.95,0.28
2021/09/03,16.41,4535.43,-0.03
2021/09/07,18.14,4520.03,-0.34
2021/09/08,17.96,4514.07,-0.13
2021/09/09,18.8,4493.28,-0.46
2021/09/10,20.95,4458.58,-0.77
2021/09/13,19.37,4468.73,0.23
2021/09/14,19.46,4443.05,-0.57
2021/09/15,18.18,4480.7,0.85
2021/09/16,18.69,4473.75,-0.16
2021/09/17,20.81,4432.99,-0.91
2021/09/20,25.71,4357.73,-1.7
2021/09/21,24.36,4354.19,-0.08
2021/09/22,20.87,4395.64,0.95
2021/09/23,18.63,4448.98,1.21
2021/09/24,17.75,4455.48,0.15
2021/09/27,18.76,4443.11,-0.28
2021/09/28,23.25,4352.63,-2.04
2021/09/29,22.56,4359.46,0.16
2021/09/30,23.14,4307.54,-1.19
2021/10/01,21.1,4357.04,1.15
2021/10/04,22.96,4300.46,-1.3
2021/10/05,21.3,4345.72,1.05
2021/10/06,21,4363.55,0.41
2021/10/07,19.54,4399.76,0.83
2021/10/08,18.77,4391.34,-0.19
2021/10/11,20,4361.19,-0.69
2021/10/12,19.85,4350.65,-0.24
2021/10/13,18.64,4363.8,0.3
2021/10/14,16.86,4438.26,1.71
2021/10/15,16.3,4471.37,0.75
2021/10/18,16.31,4486.46,0.34
2021/10/19,15.7,4519.63,0.74
2021/10/20,15.49,4536.19,0.37
2021/10/21,15.01,4549.78,0.3
2021/10/22,15.43,4544.9,-0.11
2021/10/25,15.24,4566.48,0.47
2021/10/26,15.98,4574.79,0.18
2021/10/27,16.98,4551.68,-0.51
2021/10/28,16.53,4596.42,0.98
2021/10/29,16.26,4605.38,0.19
2021/11/01,16.41,4613.67,0.18
2021/11/02,16.03,4630.65,0.37
2021/11/03,15.1,4660.57,0.65
2021/11/04,15.44,4680.06,0.42
2021/11/05,16.48,4697.53,0.37
2021/11/08,17.22,4701.7,0.09
2021/11/09,17.78,4685.25,-0.35
2021/11/10,18.73,4646.71,-0.82
2021/11/11,17.66,4649.27,0.06
2021/11/12,16.29,4682.85,0.72
2021/11/15,16.49,4682.8,0
2021/11/16,16.37,4700.9,0.39
2021/11/17,17.11,4688.67,-0.26
2021/11/18,17.59,4704.54,0.34
2021/11/19,17.91,4697.96,-0.14
2021/11/22,19.17,4682.94,-0.32
2021/11/23,19.38,4690.7,0.17
2021/11/24,18.58,4701.46,0.23
2021/11/26,28.62,4594.62,-2.27
2021/11/29,22.96,4655.27,1.32
2021/11/30,27.19,4567,-1.9
2021/12/01,31.12,4513.04,-1.18
2021/12/02,27.95,4577.1,1.42
2021/12/03,30.67,4538.43,-0.84
2021/12/06,27.18,4591.67,1.17
2021/12/07,21.89,4686.75,2.07
2021/12/08,19.9,4701.21,0.31
2021/12/09,21.58,4667.45,-0.72
2021/12/10,18.69,4712.02,0.95
2021/12/13,20.31,4668.97,-0.91
2021/12/14,21.89,4634.09,-0.75
2021/12/15,19.29,4709.85,1.63
2021/12/16,20.57,4668.67,-0.87
2021/12/17,21.57,4620.64,-1.03
2021/12/20,22.87,4568.02,-1.14
2021/12/21,21.01,4649.23,1.78
2021/12/22,18.63,4696.56,1.02
2021/12/23,17.96,4725.79,0.62
2021/12/27,17.68,4791.19,1.38
2021/12/28,17.54,4786.35,-0.1
2021/12/29,16.95,4793.06,0.14
2021/12/30,17.33,4778.73,-0.3
2021/12/31,17.22,4766.18,-0.26
2022/01/01,24.83,,
2022/01/03,16.6,4796.56,0.64
2022/01/04,16.91,4793.54,-0.06
2022/01/05,19.73,4700.58,-1.94
2022/01/06,19.61,4696.05,-0.1
2022/01/07,18.76,4677.03,-0.41
2022/01/10,19.4,4670.29,-0.14
2022/01/11,18.41,4713.07,0.92
2022/01/12,17.62,4726.35,0.28
2022/01/13,20.31,4659.03,-1.42
2022/01/14,19.19,4662.85,0.08
2022/01/18,22.79,4577.11,-1.84
2022/01/19,23.85,4532.76,-0.97
2022/01/20,25.59,4482.73,-1.1
2022/01/21,28.85,4397.94,-1.89
2022/01/24,29.9,4410.13,0.28
2022/01/25,31.16,4356.45,-1.22
2022/01/26,31.96,4349.93,-0.15
2022/01/27,30.49,4326.51,-0.54
2022/01/28,27.66,4431.85,2.43
2022/01/31,24.83,4515.55,1.89
2022/02/01,21.96,4546.54,0.69
2022/02/02,22.09,4589.38,0.94
2022/02/03,24.35,4477.44,-2.44
2022/02/04,23.22,4500.53,0.52
2022/02/07,22.86,4483.87,-0.37
2022/02/08,21.44,4521.54,0.84
2022/02/09,19.96,4587.18,1.45
2022/02/10,23.91,4504.08,-1.81
2022/02/11,27.36,4418.64,-1.9
2022/02/14,28.33,4401.67,-0.38
2022/02/15,25.7,4471.07,1.58
2022/02/16,24.29,4475.01,0.09
2022/02/17,28.11,4380.26,-2.12
2022/02/18,27.75,4348.87,-0.72
2022/02/22,28.81,4304.76,-1.01
2022/02/23,31.02,4225.5,-1.84
2022/02/24,30.32,4288.7,1.5
2022/02/25,27.59,4384.65,2.24
2022/02/28,30.15,4373.94,-0.24
2022/03/01,33.32,4306.26,-1.55
2022/03/02,30.74,4386.54,1.86
2022/03/03,30.48,4363.49,-0.53
2022/03/04,31.98,4328.87,-0.79
2022/03/07,36.45,4201.09,-2.95
2022/03/08,35.13,4170.7,-0.72
2022/03/09,32.45,4277.88,2.57
2022/03/10,30.23,4259.52,-0.43
2022/03/11,30.75,4204.31,-1.3
2022/03/14,31.77,4173.11,-0.74
2022/03/15,29.83,4262.45,2.14
2022/03/16,26.67,4357.86,2.24
2022/03/17,25.67,4411.67,1.23
2022/03/18,23.87,4463.12,1.17
2022/03/21,23.53,4461.18,-0.04
2022/03/22,22.94,4511.61,1.13
2022/03/23,23.57,4456.24,-1.23
2022/03/24,21.67,4520.16,1.43
2022/03/25,20.81,4543.06,0.51
2022/03/28,19.63,4575.52,0.71
2022/03/29,18.9,4631.6,1.23
2022/03/30,19.33,4602.45,-0.63
2022/03/31,20.56,4530.41,-1.57
2022/04/01,19.63,4545.86,0.34
2022/04/04,18.57,4582.64,0.81
2022/04/05,21.03,4525.12,-1.26
2022/04/06,22.1,4481.15,-0.97
2022/04/07,21.55,4500.21,0.43
2022/04/08,21.16,4488.28,-0.27
2022/04/11,24.37,4412.53,-1.69
2022/04/12,24.26,4397.45,-0.34
2022/04/13,21.82,4446.59,1.12
2022/04/14,22.7,4392.59,-1.21
2022/04/18,22.17,4391.69,-0.02
2022/04/19,21.37,4462.21,1.61
2022/04/20,20.32,4459.45,-0.06
2022/04/21,22.68,4393.66,-1.48
2022/04/22,28.21,4271.78,-2.77
2022/04/25,27.02,4296.12,0.57
2022/04/26,33.52,4175.2,-2.81
2022/04/27,31.6,4183.96,0.21
2022/04/28,29.99,4287.5,2.47
2022/04/29,33.4,4131.93,-3.63
2022/05/01,26.19,,
2022/05/02,32.34,4155.38,0.57
2022/05/03,29.25,4175.48,0.48
2022/05/04,25.42,4300.17,2.99
2022/05/05,31.2,4146.87,-3.56
2022/05/06,30.19,4123.34,-0.57
2022/05/09,34.75,3991.24,-3.2
2022/05/10,32.99,4001.05,0.25
2022/05/11,32.56,3935.18,-1.65
2022/05/12,31.77,3930.08,-0.13
2022/05/13,28.87,4023.89,2.39
2022/05/16,27.47,4008.01,-0.39
2022/05/17,26.1,4088.85,2.02
2022/05/18,30.96,3923.68,-4.04
2022/05/19,29.35,3900.79,-0.58
2022/05/20,29.43,3901.36,0.01
2022/05/23,28.48,3973.75,1.86
2022/05/24,29.45,3941.48,-0.81
2022/05/25,28.37,3978.73,0.95
2022/05/26,27.5,4057.84,1.99
2022/05/27,25.72,4158.24,2.47
2022/05/31,26.19,4132.15,-0.63
2022/06/01,25.69,4101.23,-0.75
2022/06/02,24.72,4176.82,1.84
2022/06/03,24.79,4108.54,-1.63
2022/06/06,25.07,4121.43,0.31
2022/06/07,24.02,4160.68,0.95
2022/06/08,23.96,4115.77,-1.08
2022/06/09,26.09,4017.82,-2.38
2022/06/10,27.75,3900.86,-2.91
2022/06/13,34.02,3749.63,-3.88
2022/06/14,32.69,3735.48,-0.38
2022/06/15,29.62,3789.99,1.46
2022/06/16,32.95,3666.77,-3.25
2022/06/17,31.13,3674.84,0.22
2022/06/21,30.19,3764.79,2.45
2022/06/22,28.95,3759.89,-0.13
2022/06/23,29.05,3795.73,0.95
2022/06/24,27.23,3911.74,3.06
2022/06/27,26.95,3900.11,-0.3
2022/06/28,28.36,3821.55,-2.01
2022/06/29,28.16,3818.83,-0.07
2022/06/30,28.71,3785.38,-0.88
2022/07/01,26.7,3825.33,1.06
2022/07/05,27.54,3831.39,0.16
2022/07/06,26.73,3845.08,0.36
2022/07/07,26.08,3902.62,1.5
2022/07/08,24.64,3899.38,-0.08
2022/07/11,26.17,3854.43,-1.15
2022/07/12,27.29,3818.8,-0.92
2022/07/13,26.82,3801.78,-0.45
2022/07/14,26.4,3790.38,-0.3
2022/07/15,24.23,3863.16,1.92
2022/07/18,25.3,3830.85,-0.84
2022/07/19,24.5,3936.69,2.76
2022/07/20,23.88,3959.9,0.59
2022/07/21,23.11,3998.95,0.99
2022/07/22,23.03,3961.63,-0.93
2022/07/25,23.36,3966.84,0.13
2022/07/26,24.69,3921.05,-1.15
2022/07/27,23.24,4023.61,2.62
2022/07/28,22.33,4072.43,1.21
2022/07/29,21.33,4130.29,1.42
2022/08/01,22.84,4118.63,-0.28
2022/08/02,23.93,4091.19,-0.67
2022/08/03,21.95,4155.17,1.56
2022/08/04,21.44,4151.94,-0.08
2022/08/05,21.15,4145.19,-0.16
2022/08/08,21.29,4140.06,-0.12
2022/08/09,21.77,4122.47,-0.42
2022/08/10,19.74,4210.24,2.13
2022/08/11,20.2,4207.27,-0.07
2022/08/12,19.53,4280.15,1.73
2022/08/15,19.95,4297.14,0.4
2022/08/16,19.69,4305.2,0.19
2022/08/17,19.9,4274.04,-0.72
2022/08/18,19.56,4283.74,0.23
2022/08/19,20.6,4228.48,-1.29
2022/08/22,23.8,4137.99,-2.14
2022/08/23,24.11,4128.73,-0.22
2022/08/24,22.82,4140.77,0.29
2022/08/25,21.78,4199.12,1.41
2022/08/26,25.56,4057.66,-3.37
2022/08/29,26.21,4030.61,-0.67
2022/08/30,26.21,3986.16,-1.1
2022/08/31,25.87,3955,-0.78
2022/09/01,25.56,3966.85,0.3
2022/09/02,25.47,3924.26,-1.07
2022/09/06,26.91,3908.19,-0.41
2022/09/07,24.64,3979.87,1.83
2022/09/08,23.61,4006.18,0.66
2022/09/09,22.79,4067.36,1.53
2022/09/12,23.87,4110.41,1.06
2022/09/13,27.27,3932.69,-4.32
2022/09/14,26.16,3946.01,0.34
2022/09/15,26.27,3901.35,-1.13
2022/09/16,26.3,3873.33,-0.72
2022/09/19,25.76,3899.89,0.69
2022/09/20,27.16,3855.93,-1.13
2022/09/21,27.99,3789.93,-1.71
2022/09/22,27.35,3757.99,-0.84
2022/09/23,29.92,3693.23,-1.72
2022/09/26,32.26,3655.04,-1.03
2022/09/27,32.6,3647.29,-0.21
2022/09/28,30.18,3719.04,1.97
2022/09/29,31.84,3640.47,-2.11
2022/09/30,31.62,3585.62,-1.51
2022/10/01,25.88,,
2022/10/03,30.1,3678.43,2.59
2022/10/04,29.07,3790.93,3.06
2022/10/05,28.55,3783.28,-0.2
2022/10/06,30.52,3744.52,-1.02
2022/10/07,31.36,3639.66,-2.8
2022/10/10,32.45,3612.39,-0.75
2022/10/11,33.63,3588.84,-0.65
2022/10/12,33.57,3577.03,-0.33
2022/10/13,31.94,3669.91,2.6
2022/10/14,32.02,3583.07,-2.37
2022/10/17,31.37,3677.95,2.65
2022/10/18,30.5,3719.98,1.14
2022/10/19,30.76,3695.16,-0.67
2022/10/20,29.98,3665.78,-0.8
2022/10/21,29.69,3752.75,2.37
2022/10/24,29.85,3797.34,1.19
2022/10/25,28.46,3859.11,1.63
2022/10/26,27.28,3830.6,-0.74
2022/10/27,27.39,3807.3,-0.61
2022/10/28,25.75,3901.06,2.46
2022/10/31,25.88,3871.98,-0.75
2022/11/01,25.81,3856.1,-0.41
2022/11/02,25.86,3759.69,-2.5
2022/11/03,25.3,3719.89,-1.06
2022/11/04,24.55,3770.55,1.36
2022/11/07,24.35,3806.8,0.96
2022/11/08,25.54,3828.11,0.56
2022/11/09,26.09,3748.57,-2.08
2022/11/10,23.53,3956.37,5.54
2022/11/11,22.52,3992.93,0.92
2022/11/14,23.73,3957.25,-0.89
2022/11/15,24.54,3991.73,0.87
2022/11/16,24.11,3958.79,-0.83
2022/11/17,23.93,3946.56,-0.31
2022/11/18,23.12,3965.34,0.48
2022/11/21,22.36,3949.94,-0.39
2022/11/22,21.29,4003.58,1.36
2022/11/23,20.35,4027.26,0.59
2022/11/25,20.5,4026.12,-0.03
2022/11/28,22.21,3963.94,-1.54
2022/11/29,21.89,3957.63,-0.16
2022/11/30,20.58,4080.11,3.09
2022/12/01,19.84,4076.57,-0.09
2022/12/02,19.06,4071.7,-0.12
2022/12/05,20.75,3998.84,-1.79
2022/12/06,22.17,3941.26,-1.44
2022/12/07,22.68,3933.92,-0.19
2022/12/08,22.29,3963.51,0.75
2022/12/09,22.83,3934.38,-0.73
2022/12/12,25,3990.56,1.43
2022/12/13,22.55,4019.65,0.73
2022/12/14,21.14,3995.32,-0.61
2022/12/15,22.83,3895.75,-2.49
2022/12/16,22.62,3852.36,-1.11
2022/12/19,22.42,3817.66,-0.9
2022/12/20,21.48,3821.62,0.1
2022/12/21,20.07,3878.44,1.49
2022/12/22,21.97,3822.39,-1.45
2022/12/23,20.87,3844.82,0.59
2022/12/27,21.65,3829.25,-0.4
2022/12/28,22.14,3783.22,-1.2
2022/12/29,21.44,3849.28,1.75
2022/12/30,21.67,3839.5,-0.25
2023/01/01,19.4,,
2023/01/03,22.9,3824.14,-0.4
2023/01/04,22.01,3852.97,0.75
2023/01/05,22.46,3808.1,-1.16
2023/01/06,21.13,3895.08,2.28
2023/01/09,21.97,3892.09,-0.08
2023/01/10,20.58,3919.25,0.7
2023/01/11,21.09,3969.61,1.28
2023/01/12,18.83,3983.17,0.34
2023/01/13,18.35,3999.09,0.4
2023/01/17,19.36,3990.97,-0.2
2023/01/18,20.34,3928.86,-1.56
2023/01/19,20.52,3898.85,-0.76
2023/01/20,19.85,3972.61,1.89
2023/01/23,19.81,4019.81,1.19
2023/01/24,19.2,4016.95,-0.07
2023/01/25,19.08,4016.22,-0.02
2023/01/26,18.73,4060.43,1.1
2023/01/27,18.51,4070.56,0.25
2023/01/30,19.94,4017.77,-1.3
2023/01/31,19.4,4076.6,1.46
2023/02/01,17.87,4119.21,1.05
2023/02/02,18.73,4179.76,1.47
2023/02/03,18.33,4136.48,-1.04
2023/02/06,19.43,4111.08,-0.61
2023/02/07,18.66,4164,1.29
2023/02/08,19.63,4117.86,-1.11
2023/02/09,20.71,4081.5,-0.88
2023/02/10,20.53,4090.46,0.22
2023/02/13,20.34,4137.29,1.14
2023/02/14,18.91,4136.13,-0.03
2023/02/15,18.23,4147.6,0.28
2023/02/16,20.17,4090.41,-1.38
2023/02/17,20.02,4079.09,-0.28
2023/02/21,22.87,3997.34,-2
2023/02/22,22.29,3991.05,-0.16
2023/02/23,21.14,4012.32,0.53
2023/02/24,21.67,3970.04,-1.05
2023/02/27,20.95,3982.24,0.31
2023/02/28,20.7,3970.15,-0.3
2023/03/01,20.58,3951.39,-0.47
2023/03/02,19.59,3981.35,0.76
2023/03/03,18.49,4045.64,1.61
2023/03/06,18.61,4048.42,0.07
2023/03/07,19.59,3986.37,-1.53
2023/03/08,19.11,3992.01,0.14
2023/03/09,22.61,3918.32,-1.85
2023/03/10,24.8,3861.59,-1.45
2023/03/13,26.52,3855.76,-0.15
2023/03/14,23.73,3919.29,1.65
2023/03/15,26.14,3891.93,-0.7
2023/03/16,22.99,3960.28,1.76
2023/03/17,25.51,3916.64,-1.1
2023/03/20,24.15,3951.57,0.89
2023/03/21,21.38,4002.87,1.3
2023/03/22,22.26,3936.97,-1.65
2023/03/23,22.61,3948.72,0.3
2023/03/24,21.74,3970.99,0.56
2023/03/27,20.6,3977.53,0.16
2023/03/28,19.97,3971.27,-0.16
2023/03/29,19.12,4027.81,1.42
2023/03/30,19.02,4050.83,0.57
2023/03/31,18.7,4109.31,1.44
2023/04/01,15.78,,
2023/04/03,18.55,4124.51,0.37
2023/04/04,19,4100.6,-0.58
2023/04/05,19.08,4090.38,-0.25
2023/04/06,18.4,4105.02,0.36
2023/04/10,18.97,4109.11,0.1
2023/04/11,19.1,4108.94,0
2023/04/12,19.09,4091.95,-0.41
2023/04/13,17.8,4146.22,1.33
2023/04/14,17.07,4137.64,-0.21
2023/04/17,16.95,4151.32,0.33
2023/04/18,16.83,4154.87,0.09
2023/04/19,16.46,4154.52,-0.01
2023/04/20,17.17,4129.79,-0.6
2023/04/21,16.77,4133.52,0.09
2023/04/24,16.89,4137.04,0.09
2023/04/25,18.76,4071.63,-1.58
2023/04/26,18.84,4055.99,-0.38
2023/04/27,17.03,4135.35,1.96
2023/04/28,15.78,4169.48,0.83
2023/05/01,16.08,4167.87,-0.04
2023/05/02,17.78,4119.58,-1.16
2023/05/03,18.34,4090.75,-0.7
2023/05/04,20.09,4061.22,-0.72
2023/05/05,17.19,4136.25,1.85
2023/05/08,16.98,4138.12,0.05
2023/05/09,17.71,4119.17,-0.46
2023/05/10,16.94,4137.64,0.45
2023/05/11,16.93,4130.62,-0.17
2023/05/12,17.03,4124.08,-0.16
2023/05/15,17.12,4136.28,0.3
2023/05/16,17.99,4109.9,-0.64
2023/05/17,16.87,4158.77,1.19
2023/05/18,16.05,4198.05,0.94
2023/05/19,16.81,4191.98,-0.14
2023/05/22,17.21,4192.63,0.02
2023/05/23,18.53,4145.58,-1.12
2023/05/24,20.03,4115.24,-0.73
2023/05/25,19.14,4151.28,0.88
2023/05/26,17.95,4205.45,1.3
2023/05/30,17.46,4205.52,0
2023/05/31,17.94,4179.83,-0.61
2023/06/01,15.65,4221.02,0.99
2023/06/02,14.6,4282.37,1.45
2023/06/05,14.73,4273.79,-0.2
2023/06/06,13.96,4283.85,0.24
2023/06/07,13.94,4267.52,-0.38
2023/06/08,13.65,4293.93,0.62
2023/06/09,13.83,4298.86,0.11
2023/06/12,15.01,4338.93,0.93
2023/06/13,14.61,4369.01,0.69
2023/06/14,13.88,4372.59,0.08
2023/06/15,14.5,4425.84,1.22
2023/06/16,13.54,4409.59,-0.37
2023/06/20,13.88,4388.71,-0.47
2023/06/21,13.2,4365.69,-0.52
2023/06/22,12.91,4381.89,0.37
2023/06/23,13.44,4348.33,-0.77
2023/06/26,14.25,4328.82,-0.45
2023/06/27,13.74,4378.41,1.15
2023/06/28,13.43,4376.86,-0.04
2023/06/29,13.54,4396.44,0.45
2023/06/30,13.59,4450.38,1.23
2023/07/01,13.63,,
2023/07/03,13.57,4455.59,0.12
2023/07/05,14.18,4446.82,-0.2
2023/07/06,15.44,4411.59,-0.79
2023/07/07,14.83,4398.95,-0.29
2023/07/10,15.07,4409.53,0.24
2023/07/11,14.84,4439.26,0.67
2023/07/12,13.54,4472.16,0.74
2023/07/13,13.61,4510.04,0.85
2023/07/14,13.34,4505.42,-0.1
2023/07/17,13.48,4522.79,0.39
2023/07/18,13.3,4554.98,0.71
2023/07/19,13.76,4565.72,0.24
2023/07/20,13.99,4534.87,-0.68
2023/07/21,13.6,4536.34,0.03
2023/07/24,13.91,4554.64,0.4
2023/07/25,13.86,4567.46,0.28
2023/07/26,13.19,4566.75,-0.02
2023/07/27,14.41,4537.41,-0.64
2023/07/28,13.33,4582.23,0.99
2023/07/31,13.63,4588.96,0.15
2023/08/01,13.93,4576.73,-0.27
2023/08/02,16.09,4513.39,-1.38
2023/08/03,15.92,4501.89,-0.25
2023/08/04,17.1,4478.03,-0.53
2023/08/07,15.77,4518.44,0.9
2023/08/08,15.99,4499.38,-0.42
2023/08/09,15.96,4467.71,-0.7
2023/08/10,15.85,4468.83,0.03
2023/08/11,14.84,4464.05,-0.11
2023/08/14,14.82,4489.72,0.58
2023/08/15,16.46,4437.86,-1.16
2023/08/16,16.78,4404.33,-0.76
2023/08/17,17.89,4370.36,-0.77
2023/08/18,17.3,4369.71,-0.01
2023/08/21,17.13,4399.77,0.69
2023/08/22,16.97,4387.55,-0.28
2023/08/23,15.98,4436.01,1.1
2023/08/24,17.2,4376.31,-1.35
2023/08/25,15.68,4405.71,0.67
2023/08/28,15.08,4433.31,0.63
2023/08/29,14.45,4497.63,1.45
2023/08/30,13.88,4514.87,0.38
2023/08/31,13.57,4507.66,-0.16
2023/09/01,13.09,4515.77,0.18
2023/09/05,14.01,4496.83,-0.42
2023/09/06,14.45,4465.48,-0.7
2023/09/07,14.4,4451.14,-0.32
2023/09/08,13.84,4457.49,0.14
2023/09/11,13.8,4487.46,0.67
2023/09/12,14.23,4461.9,-0.57
2023/09/13,13.48,4467.44,0.12
2023/09/14,12.82,4505.1,0.84
2023/09/15,13.79,4450.32,-1.22
2023/09/18,14,4453.53,0.07
2023/09/19,14.11,4443.95,-0.22
2023/09/20,15.14,4402.2,-0.94
2023/09/21,17.54,4330,-1.64
2023/09/22,17.2,4320.06,-0.23
2023/09/25,16.9,4337.44,0.4
2023/09/26,18.94,4273.53,-1.47
2023/09/27,18.22,4274.51,0.02
2023/09/28,17.34,4299.7,0.59
2023/09/29,17.52,4288.05,-0.27
2023/10/01,18.14,,
2023/10/02,17.61,4288.39,0.01
2023/10/03,19.78,4229.45,-1.37
2023/10/04,18.58,4263.75,0.81
2023/10/05,18.49,4258.19,-0.13
2023/10/06,17.45,4308.5,1.18
2023/10/09,17.7,4335.66,0.63
2023/10/10,17.03,4358.24,0.52
2023/10/11,16.09,4376.95,0.43
2023/10/12,16.69,4349.61,-0.62
2023/10/13,19.32,4327.78,-0.5
2023/10/16,17.21,4373.63,1.06
2023/10/17,17.88,4373.2,-0.01
2023/10/18,19.22,4314.6,-1.34
2023/10/19,21.4,4278,-0.85
2023/10/20,21.71,4224.16,-1.26
2023/10/23,20.37,4217.04,-0.17
2023/10/24,18.97,4247.68,0.73
2023/10/25,20.19,4186.77,-1.43
2023/10/26,20.68,4137.23,-1.18
2023/10/27,21.27,4117.37,-0.48
2023/10/30,19.75,4166.82,1.2
2023/10/31,18.14,4193.8,0.65
2023/11/01,16.87,4237.86,1.05
2023/11/02,15.66,4317.78,1.89
2023/11/03,14.91,4358.34,0.94
2023/11/06,14.89,4365.98,0.18
2023/11/07,14.81,4378.38,0.28
2023/11/08,14.45,4382.78,0.1
2023/11/09,15.29,4347.35,-0.81
2023/11/10,14.17,4415.24,1.56
2023/11/13,14.76,4411.55,-0.08
2023/11/14,14.16,4495.7,1.91
2023/11/15,14.18,4502.88,0.16
2023/11/16,14.32,4508.24,0.12
2023/11/17,13.8,4514.02,0.13
2023/11/20,13.41,4547.38,0.74
2023/11/21,13.35,4538.19,-0.2
2023/11/22,12.85,4556.62,0.41
2023/11/24,12.46,4559.34,0.06
2023/11/27,12.69,4550.43,-0.2
2023/11/28,12.69,4554.89,0.1
2023/11/29,12.98,4550.58,-0.09
2023/11/30,12.92,4567.8,0.38
2023/12/01,12.63,4594.63,0.59
2023/12/04,13.08,4569.78,-0.54
2023/12/05,12.85,4567.18,-0.06
2023/12/06,12.97,4549.34,-0.39
2023/12/07,13.06,4585.59,0.8
2023/12/08,12.35,4604.37,0.41
2023/12/11,12.63,4622.44,0.39
2023/12/12,12.07,4643.7,0.46
2023/12/13,12.19,4707.09,1.37
2023/12/14,12.48,4719.55,0.26
2023/12/15,12.28,4719.19,-0.01
2023/12/18,12.56,4740.56,0.45
2023/12/19,12.53,4768.37,0.59
2023/12/20,13.67,4698.35,-1.47
2023/12/21,13.65,4746.75,1.03
2023/12/22,13.03,4754.63,0.17
2023/12/26,12.99,4774.75,0.42
2023/12/27,12.43,4781.58,0.14
2023/12/28,12.47,4783.35,0.04
2023/12/29,12.45,4769.83,-0.28
2024/01/01,14.35,,
2024/01/02,13.2,4742.83,-0.57
2024/01/03,14.04,4704.81,-0.8
2024/01/04,14.13,4688.68,-0.34
2024/01/05,13.35,4697.24,0.18
2024/01/08,13.08,4763.54,1.41
2024/01/09,12.76,4756.5,-0.15
2024/01/10,12.69,4783.45,0.57
2024/01/11,12.44,4780.24,-0.07
2024/01/12,12.7,4783.83,0.08
2024/01/16,13.84,4765.98,-0.37
2024/01/17,14.79,4739.21,-0.56
2024/01/18,14.13,4780.94,0.88
2024/01/19,13.3,4839.81,1.23
2024/01/22,13.19,4850.43,0.22
2024/01/23,12.55,4864.6,0.29
2024/01/24,13.14,4868.55,0.08
2024/01/25,13.45,4894.16,0.53
2024/01/26,13.26,4890.97,-0.07
2024/01/29,13.6,4927.93,0.76
2024/01/30,13.31,4924.97,-0.06
2024/01/31,14.35,4845.65,-1.61
2024/02/01,13.88,4906.19,1.25
2024/02/02,13.85,4958.61,1.07
2024/02/05,13.67,4942.81,-0.32
2024/02/06,13.06,4954.23,0.23
2024/02/07,12.83,4995.06,0.82
2024/02/08,12.79,4997.91,0.06
2024/02/09,12.93,5026.61,0.57
2024/02/12,13.93,5021.84,-0.09
2024/02/13,15.85,4953.17,-1.37
2024/02/14,14.38,5000.62,0.96
2024/02/15,14.01,5029.73,0.58
2024/02/16,14.24,5005.57,-0.48
2024/02/20,15.42,4975.51,-0.6
2024/02/21,15.34,4981.8,0.13
2024/02/22,14.54,5087.03,2.11
2024/02/23,13.75,5088.8,0.03
2024/02/26,13.74,5069.53,-0.38
2024/02/27,13.43,5078.18,0.17
2024/02/28,13.84,5069.76,-0.17
2024/02/29,13.4,5096.27,0.52
2024/03/01,13.11,5137.08,0.8
2024/03/04,13.49,5130.95,-0.12
2024/03/05,14.46,5078.65,-1.02
2024/03/06,14.5,5104.76,0.51
2024/03/07,14.44,5157.36,1.03
2024/03/08,14.74,5123.69,-0.65
2024/03/11,15.22,5117.94,-0.11
2024/03/12,13.84,5175.27,1.12
2024/03/13,13.75,5165.31,-0.19
2024/03/14,14.4,5150.48,-0.29
2024/03/15,14.41,5117.09,-0.65
2024/03/18,14.33,5149.42,0.63
2024/03/19,13.82,5178.51,0.56
2024/03/20,13.04,5224.62,0.89
2024/03/21,12.92,5241.53,0.32
2024/03/22,13.06,5234.18,-0.14
2024/03/25,13.19,5218.19,-0.31
2024/03/26,13.24,5203.58,-0.28
2024/03/27,12.78,5248.49,0.86
2024/03/28,13.01,5254.35,0.11
2024/04/01,13.65,5243.77,-0.2
2024/04/02,14.61,5205.81,-0.72
2024/04/03,14.33,5211.49,0.11
2024/04/04,16.35,5147.21,-1.23
2024/04/05,16.03,5204.34,1.11
2024/04/08,15.19,5202.39,-0.04
2024/04/09,14.98,5209.91,0.14
2024/04/10,15.8,5160.64,-0.95
2024/04/11,14.91,5199.06,0.74
2024/04/12,17.31,5123.41,-1.46
2024/04/15,19.23,5061.82,-1.2
2024/04/16,18.4,5051.41,-0.21
2024/04/17,18.21,5022.21,-0.58
2024/04/18,18,5011.12,-0.22
2024/04/19,18.71,4967.23,-0.88
2024/04/22,16.94,5010.6,0.87
2024/04/23,15.69,5070.55,1.2
2024/04/24,15.97,5071.63,0.02
2024/04/25,15.37,5048.42,-0.46
2024/04/26,15.03,5099.96,1.02
2024/04/29,14.67,5116.17,0.32
2024/04/30,15.65,5035.69,-1.57
2024/05/01,15.39,5018.39,-0.34
2024/05/02,14.68,5064.2,0.91
2024/05/03,13.49,5127.79,1.26
2024/05/06,13.49,5180.74,1.03
2024/05/07,13.23,5187.7,0.13
2024/05/08,13,5187.67,0
2024/05/09,12.69,5214.08,0.51
2024/05/10,12.55,5222.68,0.16
2024/05/13,13.6,5221.42,-0.02
2024/05/14,13.42,5246.68,0.48
2024/05/15,12.45,5308.15,1.17
2024/05/16,12.42,5297.1,-0.21
2024/05/17,11.99,5303.27,0.12
2024/05/20,12.15,5308.13,0.09
2024/05/21,11.86,5321.41,0.25
2024/05/22,12.29,5307.01,-0.27
2024/05/23,12.77,5267.84,-0.74
2024/05/24,11.93,5304.72,0.7
2024/05/28,12.92,5306.04,0.02
2024/05/29,14.28,5266.95,-0.74
2024/05/30,14.47,5235.48,-0.6
2024/05/31,12.92,5277.51,0.8
2024/06/01,12.44,5648.4,7.03
2024/06/03,13.11,5283.4,0.11
2024/06/04,13.16,5291.34,0.15
2024/06/05,12.63,5354.03,1.18
2024/06/06,12.58,5352.96,-0.02
2024/06/07,12.22,5346.99,-0.11
2024/06/10,12.74,5360.79,0.26
2024/06/11,12.85,5375.32,0.27
2024/06/12,12.04,5421.03,0.85
2024/06/13,11.94,5433.74,0.23
2024/06/14,12.66,5431.6,-0.04
2024/06/17,12.75,5473.23,0.77
2024/06/18,12.3,5487.03,0.25
2024/06/20,13.28,5473.17,-0.25
2024/06/21,13.2,5464.62,-0.16
2024/06/24,13.33,5447.87,-0.31
2024/06/25,12.84,5469.3,0.39
2024/06/26,12.55,5477.9,0.16
2024/06/27,12.24,5482.87,0.09
2024/06/28,12.44,5460.48,-0.41
2024/07/01,12.22,5475.09,0.27
2024/07/02,12.03,5509.01,0.62
2024/07/03,12.09,5537.02,0.51
2024/07/05,12.48,5567.19,0.54
2024/07/08,12.37,5572.85,0.1
2024/07/09,12.51,5576.98,0.07
2024/07/10,12.85,5633.91,1.02
2024/07/11,12.92,5584.54,-0.88
2024/07/12,12.46,5615.35,0.55
2024/07/15,13.12,5631.22,0.28
2024/07/16,13.19,5667.2,0.64
2024/07/17,14.48,5588.27,-1.39
2024/07/18,15.93,5544.59,-0.78
2024/07/19,16.52,5505,-0.71
2024/07/22,14.91,5564.41,1.08
2024/07/23,14.72,5555.74,-0.16
2024/07/24,18.04,5427.13,-2.31
2024/07/25,18.46,5399.22,-0.51
2024/07/26,16.39,5459.1,1.11
2024/07/29,16.6,5463.54,0.08
2024/07/30,17.69,5436.44,-0.5
2024/07/31,16.36,5522.3,1.58
2024/08/01,18.59,5446.68,-1.37
2024/08/02,23.39,5346.56,-1.84
2024/08/05,38.57,5186.33,-3
2024/08/06,27.71,5240.03,1.04
2024/08/07,27.85,5199.5,-0.77
2024/08/08,23.79,5319.31,2.3
2024/08/09,20.37,5344.16,0.47
2024/08/12,20.71,5344.39,0
2024/08/13,18.12,5434.43,1.68
2024/08/14,16.19,5455.21,0.38
2024/08/15,15.23,5543.22,1.61
2024/08/16,14.8,5554.25,0.2
2024/08/19,14.65,5608.25,0.97
2024/08/20,15.88,5597.12,-0.2
2024/08/21,16.27,5620.85,0.42
2024/08/22,17.55,5570.64,-0.89
2024/08/23,15.86,5634.61,1.15
2024/08/26,16.15,5616.84,-0.32
2024/08/27,15.43,5625.8,0.16
2024/08/28,17.11,5592.18,-0.6
2024/08/29,15.65,5591.96,0
2024/08/30,15,5648.4,1.01
2024/09/01,16.73,6032.38,6.8
2024/09/03,20.72,5528.93,-2.12
2024/09/04,21.32,5520.07,-0.16
2024/09/05,19.9,5503.41,-0.3
2024/09/06,22.38,5408.42,-1.73
2024/09/09,19.45,5471.05,1.16
2024/09/10,19.08,5495.52,0.45
2024/09/11,17.69,5554.13,1.07
2024/09/12,17.07,5595.76,0.75
2024/09/13,16.56,5626.02,0.54
2024/09/16,17.14,5633.09,0.13
2024/09/17,17.61,5634.58,0.03
2024/09/18,18.23,5618.26,-0.29
2024/09/19,16.33,5713.64,1.7
2024/09/20,16.15,5702.55,-0.19
2024/09/23,15.89,5718.57,0.28
2024/09/24,15.39,5732.93,0.25
2024/09/25,15.41,5722.26,-0.19
2024/09/26,15.37,5745.37,0.4
2024/09/27,16.96,5738.17,-0.13
2024/09/30,16.73,5762.48,0.42
2024/10/01,19.26,5708.75,-0.93
2024/10/02,18.9,5709.54,0.01
2024/10/03,20.49,5699.94,-0.17
2024/10/04,19.21,5751.07,0.9
2024/10/07,22.64,5695.94,-0.96
2024/10/08,21.42,5751.13,0.97
2024/10/09,20.86,5792.04,0.71
2024/10/10,20.93,5780.05,-0.21
2024/10/11,20.46,5815.03,0.61
2024/10/14,19.7,5859.85,0.77
2024/10/15,20.64,5815.26,-0.76
2024/10/16,19.58,5842.47,0.47
2024/10/17,19.11,5841.47,-0.02
2024/10/18,18.03,5864.67,0.4
2024/10/21,18.37,5853.98,-0.18
2024/10/22,18.2,5851.2,-0.05
2024/10/23,19.24,5797.42,-0.92
2024/10/24,19.08,5809.86,0.21
2024/10/25,20.33,5808.12,-0.03
2024/10/28,19.8,5823.52,0.27
2024/10/29,19.34,5832.92,0.16
2024/10/30,20.35,5813.67,-0.33
2024/10/31,23.16,5705.45,-1.86
2024/11/01,21.88,5728.8,0.41
2024/11/04,21.98,5712.69,-0.28
2024/11/05,20.49,5782.76,1.23
2024/11/06,16.27,5929.04,2.53
2024/11/07,15.2,5973.1,0.74
2024/11/08,14.94,5995.54,0.38
2024/11/11,14.97,6001.35,0.1
2024/11/12,14.71,5983.99,-0.29
2024/11/13,14.02,5985.38,0.02
2024/11/14,14.31,5949.17,-0.6
2024/11/15,16.14,5870.62,-1.32
2024/11/18,15.58,5893.62,0.39
2024/11/19,16.35,5916.98,0.4
2024/11/20,17.16,5917.11,0
2024/11/21,16.87,5948.71,0.53
2024/11/22,15.24,5969.34,0.35
2024/11/25,14.6,5987.37,0.3
2024/11/26,14.1,6021.63,0.57
2024/11/27,14.1,5998.74,-0.38
2024/11/29,13.51,6032.38,0.56
2024/12/01,17.35,5954.5,-1.29
2024/12/02,13.34,6047.15,0.24
2024/12/03,13.3,6049.88,0.05
2024/12/04,13.45,6086.49,0.61
2024/12/05,13.54,6075.11,-0.19
2024/12/06,12.77,6090.27,0.25
2024/12/09,14.19,6052.85,-0.61
2024/12/10,14.18,6034.91,-0.3
2024/12/11,13.58,6084.19,0.82
2024/12/12,13.92,6051.25,-0.54
2024/12/13,13.81,6051.09,0
2024/12/16,14.69,6074.08,0.38
2024/12/17,15.87,6050.61,-0.39
2024/12/18,27.62,5872.16,-2.95
2024/12/19,24.09,5867.08,-0.09
2024/12/20,18.36,5930.85,1.09
2024/12/23,16.78,5974.07,0.73
2024/12/24,14.27,6040.04,1.1
2024/12/26,14.73,6037.59,-0.04
2024/12/27,15.95,5970.84,-1.11
2024/12/30,17.4,5906.94,-1.07
2024/12/31,17.35,5881.63,-0.43
2025/01/01,16.43,,
2025/01/02,17.93,5868.55,-0.22
2025/01/03,16.13,5942.47,1.26
2025/01/06,16.04,5975.38,0.55
2025/01/07,17.82,5909.03,-1.11
2025/01/08,17.7,5918.25,0.16
2025/01/10,19.54,5827.04,-1.54
2025/01/13,19.19,5836.22,0.16
2025/01/14,18.71,5842.91,0.11
2025/01/15,16.12,5949.91,1.83
2025/01/16,16.6,5937.34,-0.21
2025/01/17,15.97,5996.66,1
2025/01/21,15.06,6049.24,0.88
2025/01/22,15.1,6086.37,0.61
2025/01/23,15.02,6118.71,0.53
2025/01/24,14.85,6101.24,-0.29
2025/01/27,17.9,6012.28,-1.46
2025/01/28,16.41,6067.7,0.92
2025/01/29,16.56,6039.31,-0.47
2025/01/30,15.84,6071.17,0.53
2025/01/31,16.43,6040.53,-0.5
2025/02/01,19.63,,
2025/02/03,18.62,5994.57,-0.76
2025/02/04,17.21,6037.88,0.72
2025/02/05,15.77,6061.48,0.39
2025/02/06,15.5,6083.57,0.36
2025/02/07,16.54,6025.99,-0.95
2025/02/10,15.81,6066.44,0.67
2025/02/11,16.02,6068.5,0.03
2025/02/12,15.89,6051.97,-0.27
2025/02/13,15.1,6115.07,1.04
2025/02/14,14.77,6114.63,-0.01
2025/02/18,15.35,6129.58,0.24
2025/02/19,15.27,6144.15,0.24
2025/02/20,15.66,6117.52,-0.43
2025/02/21,18.21,6013.13,-1.71
2025/02/24,18.98,5983.25,-0.5
2025/02/25,19.43,5955.25,-0.47
2025/02/26,19.1,5956.06,0.01
2025/02/27,21.13,5861.57,-1.59
2025/02/28,19.63,5954.5,1.59
2025/03/01,22.28,5911.69,-0.72
2025/03/03,22.78,5849.72,-1.76
2025/03/04,23.51,5778.15,-1.22
2025/03/05,21.93,5842.63,1.12
2025/03/06,24.87,5738.52,-1.78
2025/03/07,23.37,5770.2,0.55
2025/03/10,27.86,5614.56,-2.7
2025/03/11,26.92,5572.07,-0.76
2025/03/12,24.23,5599.3,0.49
2025/03/13,24.66,5521.52,-1.39
2025/03/14,21.77,5638.94,2.13
2025/03/17,20.51,5675.12,0.64
2025/03/18,21.7,5614.66,-1.07
2025/03/19,19.9,5675.29,1.08
2025/03/20,19.8,5662.89,-0.22
2025/03/21,19.28,5667.56,0.08
2025/03/24,17.48,5767.57,1.76
2025/03/25,17.15,5776.65,0.16
2025/03/26,18.33,5712.2,-1.12
2025/03/27,18.69,5693.31,-0.33
2025/03/28,21.65,5580.94,-1.97
2025/03/31,22.28,5611.85,0.55
2025/04/01,21.77,5633.07,0.38
2025/04/02,21.51,5670.97,0.67
2025/04/03,30.02,5396.52,-4.84
2025/04/04,45.31,5074.08,-5.97
2025/04/07,46.98,5062.25,-0.23
2025/04/08,52.33,4982.77,-1.57
2025/04/09,33.62,5456.9,9.52
2025/04/10,40.72,5268.05,-3.46
2025/04/11,37.56,5363.36,1.81
2025/04/14,30.89,5405.97,0.79
2025/04/15,30.12,5396.63,-0.17
2025/04/16,32.64,5275.7,-2.24
2025/04/17,29.65,5282.7,0.13
2025/04/21,33.82,5158.2,-2.36
2025/04/22,30.57,5287.76,2.51
2025/04/23,28.45,5375.86,1.67
2025/04/24,26.47,5484.77,2.03
2025/04/25,24.84,5525.21,0.74
2025/04/28,25.15,5528.75,0.06
2025/04/29,24.17,5560.83,0.58
2025/04/30,24.7,5569.06,0.15
2025/05/01,24.6,5604.14,0.63
2025/05/02,22.68,5686.67,1.47
2025/05/05,23.64,5650.38,-0.64
2025/05/06,24.76,5606.91,-0.77
2025/05/07,23.55,5631.28,0.43
2025/05/08,22.48,5663.94,0.58
2025/05/09,21.9,5659.91,-0.07
2025/05/12,18.39,5844.19,3.26
2025/05/13,18.22,5886.55,0.72
2025/05/14,18.62,5892.58,0.1
2025/05/15,17.83,5916.93,0.41
2025/05/16,17.24,5958.38,0.7
2025/05/19,18.14,5963.6,0.09
2025/05/20,18.09,5940.46,-0.39
2025/05/21,20.87,5844.61,-1.61
2025/05/22,20.28,5842.01,-0.04
2025/05/23,22.29,5802.82,-0.67
2025/05/27,18.96,5921.54,2.05
2025/05/28,19.31,5888.55,-0.56
2025/05/29,19.18,5912.17,0.4
2025/05/30,18.57,5911.69,-0.01
2025/06/01,16.73,6460.26,9.28
2025/06/02,18.36,5935.94,0.41
2025/06/03,17.69,5970.37,0.58
2025/06/04,17.61,5970.81,0.01
2025/06/05,18.48,5939.3,-0.53
2025/06/06,16.77,6000.36,1.03
2025/06/09,17.16,6005.88,0.09
2025/06/10,16.95,6038.81,0.55
2025/06/11,17.26,6022.24,-0.27
2025/06/12,18.02,6045.26,0.38
2025/06/13,20.82,5976.97,-1.13
2025/06/16,19.11,6033.11,0.94
2025/06/17,21.6,5982.72,-0.84
2025/06/18,20.14,5980.87,-0.03
2025/06/20,20.62,5967.84,-0.22
2025/06/23,19.83,6025.17,0.96
2025/06/24,17.48,6092.18,1.11
2025/06/25,16.76,6092.16,0
2025/06/26,16.59,6141.02,0.8
2025/06/27,16.32,6173.07,0.52
2025/06/30,16.73,6204.95,0.52
2025/07/01,16.83,6198.01,-0.11
2025/07/02,16.64,6227.42,0.47
2025/07/03,16.38,6279.35,0.83
2025/07/07,17.79,6229.98,-0.79
2025/07/08,16.81,6225.52,-0.07
2025/07/09,15.94,6263.26,0.61
2025/07/10,15.78,6280.46,0.27
2025/07/11,16.4,6259.75,-0.33
2025/07/14,17.2,6268.56,0.14
2025/07/15,17.38,6243.76,-0.4
2025/07/16,17.16,6263.7,0.32
2025/07/17,16.52,6297.36,0.54
2025/07/18,16.41,6296.79,-0.01
2025/07/21,16.65,6305.6,0.14
2025/07/22,16.5,6309.62,0.06
2025/07/23,15.37,6358.91,0.78
2025/07/24,15.39,6363.35,0.07
2025/07/25,14.93,6388.64,0.4
2025/07/28,15.03,6389.77,0.02
2025/07/29,15.98,6370.86,-0.3
2025/07/30,15.48,6362.9,-0.12
2025/07/31,16.72,6339.39,-0.37
2025/08/01,20.38,6238.01,-1.6
2025/08/04,17.52,6329.94,1.47
2025/08/05,17.85,6299.19,-0.49
2025/08/06,16.77,6345.06,0.73
2025/08/07,16.57,6340,-0.08
2025/08/08,15.15,6389.45,0.78
2025/08/11,16.25,6373.45,-0.25
2025/08/12,14.73,6445.76,1.13
2025/08/13,14.49,6466.58,0.32
2025/08/14,14.83,6468.54,0.03
2025/08/15,15.09,6449.8,-0.29
2025/08/18,14.99,6449.15,-0.01
2025/08/19,15.57,6411.37,-0.59
2025/08/20,15.69,6395.78,-0.24
2025/08/21,16.6,6370.17,-0.4
2025/08/22,14.22,6466.91,1.52
2025/08/25,14.79,6439.32,-0.43
2025/08/26,14.62,6465.94,0.41
2025/08/27,14.85,6481.4,0.24
2025/08/28,14.43,6501.86,0.32
2025/08/29,15.36,6460.26,-0.64
2025/09/01,16.28,6849.09,6.02
2025/09/02,17.17,6415.54,-0.69
2025/09/03,16.35,6448.26,0.51
2025/09/04,15.3,6502.08,0.83
2025/09/05,15.18,6481.5,-0.32
2025/09/08,15.11,6495.15,0.21
2025/09/09,15.04,6512.61,0.27
2025/09/10,15.35,6532.04,0.3
2025/09/11,14.71,6587.47,0.85
2025/09/12,14.76,6584.29,-0.05
2025/09/15,15.69,6615.28,0.47
2025/09/16,16.36,6606.76,-0.13
2025/09/17,15.72,6600.35,-0.1
2025/09/18,15.7,6631.96,0.48
2025/09/19,15.45,6664.36,0.49
2025/09/22,16.1,6693.75,0.44
2025/09/23,16.64,6656.92,-0.55
2025/09/24,16.18,6637.97,-0.28
2025/09/25,16.74,6604.72,-0.5
2025/09/26,15.29,6643.7,0.59
2025/09/29,16.12,6661.21,0.26
2025/09/30,16.28,6688.46,0.41
2025/10/01,16.29,6711.2,0.34
2025/10/02,16.63,6715.35,0.06
2025/10/03,16.65,6715.79,0.01
2025/10/06,16.37,6740.28,0.36
2025/10/07,17.24,6714.59,-0.38
2025/10/08,16.3,6753.72,0.58
2025/10/09,16.43,6735.11,-0.28
2025/10/10,21.66,6552.51,-2.71
2025/10/13,19.03,6654.72,1.56
2025/10/14,20.81,6644.31,-0.16
2025/10/15,20.64,6671.06,0.4
2025/10/16,25.31,6629.07,-0.63
2025/10/17,20.78,6664.01,0.53
2025/10/20,18.23,6735.13,1.07
2025/10/21,17.87,6735.35,0
2025/10/22,18.6,6699.4,-0.53
2025/10/23,17.3,6738.44,0.58
2025/10/24,16.37,6791.69,0.79
2025/10/27,15.79,6875.16,1.23
2025/10/28,16.42,6890.89,0.23
2025/10/29,16.92,6890.59,0
2025/10/30,16.91,6822.34,-0.99
2025/10/31,17.44,6840.2,0.26
2025/11/01,16.35,,
2025/11/03,17.17,6851.97,0.17
2025/11/04,19,6771.55,-1.17
2025/11/05,18.01,6796.29,0.37
2025/11/06,19.5,6720.32,-1.12
2025/11/07,19.08,6728.8,0.13
2025/11/10,17.6,6832.43,1.54
2025/11/11,17.28,6846.61,0.21
2025/11/12,17.51,6850.92,0.06
2025/11/13,20,6737.49,-1.66
2025/11/14,19.83,6734.11,-0.05
2025/11/17,22.38,6672.41,-0.92
2025/11/18,24.69,6617.32,-0.83
2025/11/19,23.66,6642.16,0.38
2025/11/20,26.42,6538.76,-1.56
2025/11/21,23.43,6602.99,0.98
2025/11/24,20.52,6705.12,1.55
2025/11/25,18.56,6765.88,0.91
2025/11/26,17.19,6812.61,0.69
2025/11/28,16.35,6849.09,0.54
2025/12/01,17.24,6812.63,-0.53
2025/12/02,16.59,6829.37,0.25
2025/12/03,16.08,6849.72,0.3
2025/12/04,15.78,6857.12,0.11
2025/12/05,15.41,6870.4,0.19
2025/12/08,16.66,6846.51,-0.35
2025/12/09,16.93,6840.51,-0.09
2025/12/10,15.77,6886.68,0.67
2025/12/11,14.85,6901,0.21
2025/12/12,15.74,6827.41,-1.07
2025/12/15,16.5,6816.51,-0.16
2025/12/16,16.48,6800.26,-0.24
2025/12/17,17.62,6721.43,-1.16
2025/12/18,16.87,6774.76,0.79
2025/12/19,14.91,6834.5,0.88
2025/12/22,14.08,6878.49,0.64
2025/12/23,14,6909.79,0.46
2025/12/24,13.47,6932.05,0.32
2025/12/26,13.6,6929.94,-0.03
2025/12/29,14.2,6905.74,-0.35
2025/12/30,14.33,6896.24,-0.14
2025/12/31,14.95,6845.5,-0.74
2026/01/01,17.44,,
2026/01/02,14.51,6858.47,0.19
2026/01/05,14.9,6902.05,0.64
2026/01/06,14.75,6944.82,0.62
2026/01/07,15.38,6920.93,-0.34
2026/01/08,15.45,6921.46,0.01
2026/01/09,14.49,6966.28,0.65
2026/01/12,15.12,6977.27,0.16
2026/01/13,15.98,6963.74,-0.19
2026/01/14,16.75,6926.6,-0.53
2026/01/15,15.84,6944.47,0.26
2026/01/16,15.86,6940.01,-0.06
2026/01/20,20.09,6796.86,-2.06
2026/01/21,16.9,6875.62,1.16
2026/01/22,15.64,6913.35,0.55
2026/01/23,16.09,6915.61,0.03
2026/01/26,16.15,6950.23,0.5
2026/01/27,16.35,6978.6,0.41
2026/01/28,16.35,6978.03,-0.01
2026/01/29,16.88,6969.01,-0.13
2026/01/30,17.44,6939.03,-0.43
2026/02/01,19.86,,
2026/02/02,16.34,6976.44,0.54
2026/02/03,18,6917.81,-0.84
2026/02/04,18.64,6882.72,-0.51
2026/02/05,21.77,6798.4,-1.23
2026/02/06,20.37,6932.3,1.97
2026/02/09,17.36,6964.82,0.47
2026/02/10,17.79,6941.81,-0.33
2026/02/11,17.65,6941.47,0
2026/02/12,20.82,6832.76,-1.57
2026/02/13,20.6,6836.17,0.05
2026/02/17,20.29,6843.22,0.1
2026/02/18,19.62,6881.31,0.56
2026/02/19,20.23,6861.89,-0.28
2026/02/20,19.09,6909.51,0.69
2026/02/23,21.01,6837.75,-1.04
2026/02/24,19.55,6890.07,0.77
2026/02/25,17.93,6946.13,0.81
2026/02/26,18.63,6908.86,-0.54
2026/02/27,19.86,6878.88,-0.43
2026/03/01,25.25,6611.83,-3.88
2026/03/02,21.44,6881.62,0.04
2026/03/03,23.57,6816.63,-0.94
2026/03/04,21.15,6869.5,0.78
2026/03/05,23.75,6830.71,-0.56
2026/03/06,29.49,6740.02,-1.33
2026/03/09,25.5,6795.99,0.83
2026/03/10,24.93,6781.48,-0.21
2026/03/11,24.23,6775.8,-0.08
2026/03/12,27.29,6672.62,-1.52
2026/03/13,27.19,6632.19,-0.61
2026/03/16,23.51,6699.38,1.01
2026/03/17,22.37,6716.09,0.25
2026/03/18,25.09,6624.7,-1.36
2026/03/19,24.06,6606.49,-0.27
2026/03/20,26.78,6506.48,-1.51
2026/03/23,26.15,6581,1.15
2026/03/24,26.95,6556.37,-0.37
2026/03/25,25.33,6591.9,0.54
2026/03/26,27.44,6477.16,-1.74
2026/03/27,31.05,6368.85,-1.67
2026/03/30,30.61,6343.72,-0.39
2026/03/31,25.25,6528.52,2.91
2026/04/01,24.54,6575.32,0.72
2026/04/02,23.87,6582.69,0.11
2026/04/06,24.17,6611.83,0.44
2026/04/07,25.78,6616.85,0.08
2026/04/08,21.04,6782.81,2.51
2026/04/09,19.49,6824.66,0.62
2026/04/10,19.23,6816.89,-0.11
2026/04/13,19.12,6886.24,1.02
2026/04/14,18.36,6967.38,1.18
2026/04/15,18.17,7022.95,0.8
2026/04/16,17.94,7041.28,0.26
2026/04/17,17.48,7126.06,1.2
2026/04/20,18.87,7109.14,-0.24
2026/04/21,19.5,7064.01,-0.63
2026/04/22,18.92,7137.9,1.05
2026/04/23,19.31,7108.4,-0.41
2026/04/24,18.71,7165.08,0.8
2026/04/27,18.02,7173.91,0.12
2026/04/28,17.83,7138.8,-0.49
2026/04/29,18.81,7135.95,-0.04
2026/04/30,16.89,7209.01,1.02
2026/05/01,16.99,7230.12,0.29
2026/05/04,18.29,7200.75,-0.41
2026/05/05,17.38,7259.22,0.81
2026/05/06,17.39,7365.12,1.46
2026/05/07,17.08,7337.11,-0.38
2026/05/08,17.19,7398.93,0.84
2026/05/11,18.38,7412.84,0.19
2026/05/12,17.99,7400.96,-0.16
2026/05/13,17.87,7444.25,0.58
2026/05/14,17.26,7501.24,0.77
2026/05/15,18.43,7408.5,-1.24
2026/05/18,17.82,7403.05,-0.07
2026/05/19,18.06,7353.61,-0.67
2026/05/20,17.44,7432.97,1.08
2026/05/21,16.76,7445.72,0.17
2026/05/22,16.7,7473.47,0.37
2026/05/25,16.59,,
2026/05/26,17.01,7519.12,0.61
2026/05/27,16.29,7520.36,0.02
2026/05/28,15.74,7563.63,0.58
2026/05/29,15.32,7580.06,0.22
2026/06/01,16.05,7599.96,0.26
2026/06/02,15.77,7609.78,0.13
2026/06/03,16.06,7553.68,-0.74
2026/06/04,15.4,7584.31,0.41
2026/06/05,21.51,7383.74,-2.64
2026/06/08,18.92,7405.73,0.3
2026/06/09,19.87,7386.65,-0.26
2026/06/10,22.22,7266.99,-1.62
2026/06/11,19.44,7394.3,1.75
2026/06/12,17.68,7431.46,0.5
2026/06/15,16.2,7554.29,1.65
2026/06/16,16.41,7511.35,-0.57
2026/06/17,18.44,7420.1,-1.21
2026/06/18,16.4,7500.58,1.08
2026/06/22,17.28,7472.79,-0.37
2026/06/23,19.49,7365.46,-1.44
2026/06/24,18.63,7358.22,-0.1
2026/06/25,18.89,7357.49,-0.01
2026/06/26,18.41,7354.02,-0.05
2026/06/29,17.65,7440.43,1.18
2026/06/30,16.45,7499.36,0.79
2026/07/01,16.59,7483.23,-0.22
2026/07/02,16.15,7483.24,0
2026/07/03,15.92,,
2026/07/06,15.57,7537.43,0.72
2026/07/07,16.13,7503.85,-0.45
2026/07/08,16.9,7482.71,-0.28
2026/07/09,15.84,7543.64,0.81
2026/07/10,15.03,7575.39,0.42
2026/07/13,17.16,7515.34,-0.79
2026/07/14,16.5,7543.59,0.38
2026/07/15,15.67,7572.4,0.38
2026/07/16,15.82,,
